"id","isin","name","provider","domicile","replication_method","ter","fund_size","benchmark","currency","listings","created_at","updated_at","dividend_policy","asset_class","sfdr_classification","inception_date","wkn","num_constituents","data_source"
"003c2314-3795-4b12-ae8a-81fc8d55bd29","CH1415798466","UBS USD Overnight Rate SF ETF USD acc","UBS","CH","Synthetic","0.050","723260000","Solactive SOFR Daily Total Return Index","USD",NULL,"2026-09-07 20:18:32.921679","2026-09-07 21:05:18.530274","Accumulating","Fixed Income","Art.6","2025-04-02","A410HK",NULL,"UBS"
"02a67e07-9a79-440e-a3b2-ddfc6fe0925f","LU2265794789","UBS Solactive China Technology UCITS ETF hCHF acc","UBS","LU","Physical (Full replication)","0.500","1160000","Solcative China Technology (NTR) (hedged CHF)","CHF",NULL,"2026-09-07 20:18:32.921734","2026-09-07 21:05:18.530278","Accumulating","Equities","Art.6","2026-04-27","A2QJ9M",NULL,"UBS"
"03b3fc21-426b-44b3-bbd2-2296ec4c318c","LU2880762781","UBS Sustainable Development Bank Bonds 5-10 UCITS ETF USD acc","UBS","LU","Physical + Optimized (equities) / sampled (bonds)","0.150","170650000","Solactive Global Multilateral Development Bank Bond USD 25% Issuer Capped 5-10 (TR)","USD",NULL,"2026-09-07 20:18:32.921655","2026-09-07 21:05:18.530279","Accumulating","Fixed Income",NULL,"2024-11-15","A40STZ",NULL,"UBS"
"03c01f33-4c71-4e80-bf2b-21e474be60fd","IE000EPIJ442","UBS Solactive US Listed Gold & Silver Miners UCITS ETF USD acc","UBS","IE","Physical (Full replication)","0.360","166670000","Solactive Gold & Silver Miners US Listings Carbon Tilted Index NTR","USD",NULL,"2026-09-07 20:18:32.921654","2026-09-07 21:05:18.53028","Accumulating","Equities","Art.8","2025-01-21","A40VS7",NULL,"UBS"
"047ede19-e6c0-4395-9ac4-420ee83b774f","LU2099992187","UBS BBG MSCI Global Liquid Corp Sustainable UCITS ETF hEUR dis","UBS","LU","Physical + Optimized (equities) / sampled (bonds)","0.160","9520000","Bloomberg MSCI Global Liquid Corporates Sustainable hedged to EUR Index","EUR",NULL,"2026-09-07 20:18:32.921707","2026-09-07 21:05:18.53028","Distributing","Fixed Income","Art.8","2025-08-04","A2PYA4",1739,"UBS"
"05a3ae60-4138-4701-8b3b-1f55fa59df3a","LU2880762948","UBS Sustainable Development Bank Bonds 5-10 UCITS ETF hEUR acc","UBS","LU","Physical + Optimized (equities) / sampled (bonds)","0.180","139380000","Solactive Global Multilateral Development Bank Bond USD 25% Issuer Capped 5-10 (TR) (hedged EUR)","EUR",NULL,"2026-09-07 20:18:32.921657","2026-09-07 21:05:18.53028","Accumulating","Fixed Income",NULL,"2024-11-15","A40SU0",NULL,"UBS"
"0999630c-1eb5-4077-8ecc-c31988b30a82","IE000YRDFNY8","UBS MSCI ACWI Climate Paris Aligned UCITS ETF hUSD acc","UBS","IE","Physical (Full replication)","0.210","424320000","MSCI ACWI Climate Paris Aligned PAB with Developed Markets (NTR) (hedged USD)","USD",NULL,"2026-09-07 20:18:32.921745","2026-09-07 21:05:18.530281","Accumulating","Equities","Art.9","2026-06-03","A42A6H",NULL,"UBS"
"0ca4aa82-fbd7-403f-b2d9-991ff502fc81","LU3333849068","UBS Sustainable Development Bank Bonds 5-10 UCITS ETF hJPY acc","UBS","LU","Physical + Optimized (equities) / sampled (bonds)","0.180","79990000","Solactive Global Multilateral Development Bank Bond USD 25% Issuer Capped 5-10 (TR) (hedged JPY)","JPY",NULL,"2026-09-07 20:18:32.92175","2026-09-07 21:05:18.530281","Accumulating","Fixed Income",NULL,"2026-07-13","A42BZ6",70,"UBS"
"0da22046-e08e-4d67-aa04-c9081ff34aad","IE000V73IL86","UBS US Equity Defensive Put Write SF UCITS ETF hEUR acc","UBS","IE","Synthetic","0.240","96110000","US Equity Defensive Put Write Index (TR) (hedged EUR)","EUR",NULL,"2026-09-07 20:18:32.921694","2026-09-07 21:05:18.530281","Accumulating","Equities","Art.6","2025-07-31","A419ZH",NULL,"UBS"
"172ec41c-b9ec-405b-83f5-a786cbfadc4f","IE00BLSN7N96","UBS S&P 500 ESG Elite UCITS ETF USD dis","UBS","IE","Physical (Full replication)","0.150","600790000","S&P 500 ESG Elite Total Return Net","USD",NULL,"2026-09-07 20:18:32.921669","2026-09-07 21:05:18.530283","Distributing","Equities","Art.8","2025-02-21","A40YF2",118,"UBS"
"1781f5d4-c8bc-4336-bc0a-60f79ff825bd","IE000OAZZ3X6","UBS S&P 500 Equal Weight SF UCITS ETF USD dis","UBS","IE","Synthetic","0.120","500000","S&P 500 Equal Weight Total Return Net Index","USD",NULL,"2026-09-07 20:18:32.921667","2026-09-07 21:05:18.530283","Distributing","Equities","Art.6","2025-02-20","A40WU1",502,"UBS"
"1791b886-7d00-4906-bf1d-944bfb93a46e","LU3311860152","UBS BBG USD Treasury Ultra-Short UCITS ETF fhMXN acc","UBS","LU","Physical + Optimized (equities) / sampled (bonds)","0.080",NULL,"Bloomberg U.S. Treasury Bills: 0-6 Months (hedged MXN)","MXN",NULL,"2026-09-07 20:18:32.921748","2026-09-07 21:05:18.530284","Accumulating","Fixed Income",NULL,"2026-08-19","A42878",NULL,"UBS"
"190183b5-79ce-46d2-9a28-6b84a0b84b83","IE00BMP3HM86","UBS MSCI United Kingdom IMI Socially Responsible UCITS ETF GBP acc","UBS","IE","Physical (Full replication)","0.230","160000","MSCI UK IMI Extended SRI Low Carbon Select 5% Issuer Capped Total Return Net","GBP",NULL,"2026-09-07 20:18:32.921432","2026-09-07 21:05:18.530284","Accumulating","Equities","Art.8","2025-11-14","A11476",137,"UBS"
"19886ec9-9fe8-4d04-8dc7-ef51036f84c7","IE000N70F6V6","UBS MSCI India SF UCITS ETF USD acc","UBS","IE","Synthetic","0.150","207110000","MSCI India Index (NTR) in USD","USD",NULL,"2026-09-07 20:18:32.921718","2026-09-07 21:05:18.530284","Accumulating","Equities",NULL,"2025-11-14","A41FXJ",165,"UBS"
"1b8e0688-e268-4b9c-97df-6afbfa72f696","LU0950668524","UBS Core MSCI Europe UCITS ETF EUR acc","UBS","LU","Physical (Full replication)","0.060","728740000","MSCI Europe Total Return Net","EUR",NULL,"2026-09-07 20:18:32.921717","2026-09-07 21:05:18.530285","Accumulating","Equities","Art.6","2025-08-04","A1W3LD",396,"UBS"
"34edca5e-0200-47ab-ac05-22fc2c323f27","LU0136234068","UBS Core EURO STOXX 50 UCITS ETF EUR dis","UBS","LU","Physical (Full replication)","0.090","784120000","EURO STOXX 50® Net Return","EUR",NULL,"2026-09-07 20:18:32.921288","2026-09-07 20:18:32.921291","Distributing","Equities","Art.6","2001-10-29","794357",50,"UBS"
"62aabb6d-e506-49de-b7d3-b789a2272927","LU0136234654","UBS MSCI USA UCITS ETF USD dis","UBS","LU","Physical (Full replication)","0.140","558880000","MSCI USA Total Return Net","USD",NULL,"2026-09-07 20:18:32.921294","2026-09-07 20:18:32.921295","Distributing","Equities","Art.6","2001-10-29","794358",525,"UBS"
"bfd28008-2580-41e5-a9a2-ebad50b6cef2","LU0136240974","UBS Core MSCI Japan UCITS ETF JPY dis","UBS","LU","Physical (Full replication)","0.120","260850080000","MSCI Japan (TRN) in JPY","JPY",NULL,"2026-09-07 20:18:32.921296","2026-09-07 20:18:32.921297","Distributing","Equities","Art.6","2001-10-30","794361",168,"UBS"
"e1e6eca6-0dfe-442f-91e3-60bf5baf35fe","LU0136242590","UBS FTSE 100 UCITS ETF GBP dis","UBS","LU","Physical (Full replication)","0.200","77350000","FTSE 100 Total Return","GBP",NULL,"2026-09-07 20:18:32.921298","2026-09-07 20:18:32.921298","Distributing","Equities","Art.6","2001-10-31","794362",100,"UBS"
"7d4355b4-6e0b-4ccd-bb20-de81cf1ee1f6","LU0147308422","UBS Core MSCI EMU UCITS ETF EUR dis","UBS","LU","Physical (Full replication)","0.120","1803210000","MSCI EMU Total Return Net","EUR",NULL,"2026-09-07 20:18:32.921299","2026-09-07 20:18:32.9213","Distributing","Equities","Art.6","2002-09-19","633611",220,"UBS"
"7394715d-579a-4d6c-9370-ecee50ff0863","CH0017142719","UBS SMI® ETF CHF dis","UBS","CH","Physical (Full replication)","0.200","3814280000","SMI® Total Return","CHF",NULL,"2026-09-07 20:18:32.921301","2026-09-07 20:18:32.921301","Distributing","Equities","Art.6","2003-12-02","A0BLUH",20,"UBS"
"d77e2392-9e5e-466c-b844-6aec41519a31","CH0032912732","UBS SLI® ETF CHF dis","UBS","CH","Physical (Full replication)","0.200","2113960000","SLI Swiss Leader Index® Total Return","CHF",NULL,"2026-09-07 20:18:32.921303","2026-09-07 20:18:32.921303","Distributing","Equities","Art.6","2007-09-10","A0M9J8",30,"UBS"
"bc1b64c4-d306-410f-ad6a-4bdb4760cd75","LU0340285161","UBS MSCI World UCITS ETF USD dis","UBS","LU","Physical (Full replication)","0.300","1690940000","MSCI World Total Return Net","USD",NULL,"2026-09-07 20:18:32.921305","2026-09-07 20:18:32.921306","Distributing","Equities","Art.6","2008-06-25","A0NCFR",1280,"UBS"
"8391bca4-e450-4813-87cd-3091937375d7","LU0446734104","UBS Core MSCI Europe UCITS ETF EUR dis","UBS","LU","Physical (Full replication)","0.100","1638340000","MSCI Europe Total Return Net","EUR",NULL,"2026-09-07 20:18:32.921307","2026-09-07 20:18:32.921307","Distributing","Equities","Art.6","2009-10-05","A0X97P",396,"UBS"
"9b6cced8-6e83-4b56-b8ed-aa66de53258b","LU0446734369","UBS MSCI EMU Value UCITS ETF EUR dis","UBS","LU","Physical (Full replication)","0.250","333980000","MSCI EMU Value Total Return Net","EUR",NULL,"2026-09-07 20:18:32.921308","2026-09-07 20:18:32.921308","Distributing","Equities","Art.6","2009-10-02","A0X97R",141,"UBS"
"371f5354-f065-4689-8678-bc2b5f73b08c","LU0446734526","UBS MSCI Pacific ex Japan UCITS ETF USD dis","UBS","LU","Physical (Full replication)","0.140","100820000","MSCI Pacific ex Japan Total Return Net","USD",NULL,"2026-09-07 20:18:32.921309","2026-09-07 20:18:32.92131","Distributing","Equities","Art.6","2009-10-02","A0X97T",93,"UBS"
"b43051f5-eab4-454b-bcef-edd4256dfdb8","LU0446734872","UBS MSCI Canada UCITS ETF CAD dis","UBS","LU","Physical (Full replication)","0.330","1290330000","MSCI Canada Total Return Net","CAD",NULL,"2026-09-07 20:18:32.921311","2026-09-07 20:18:32.921311","Distributing","Equities","Art.6","2009-09-30","A0X97V",83,"UBS"
"62009fc4-93bc-4401-ae47-42ce2a5b3e04","CH0105994401","UBS SXI Real Estate® Funds ETF CHF dis","UBS","CH","Physical (Full replication)","0.970","1742250000","SXI Real Estate® Funds Broad (TR)","CHF",NULL,"2026-09-07 20:18:32.921312","2026-09-07 20:18:32.921313","Distributing","Real Estate","Art.6","2009-11-03","A0YCVU",49,"UBS"
"5efa43c2-59b6-42f3-a8a0-1680784736f3","CH0106027128","UBS Gold hCHF ETF CHF acc","UBS","CH","Physical (Full replication)","0.230","2570360000","LBMA Gold Price CHF hedged","CHF",NULL,"2026-09-07 20:18:32.921314","2026-09-07 20:18:32.921314","Accumulating","Precious Metals","Art.6","2009-12-17","A0YCVW",1,"UBS"
"0f25694c-1cb1-4548-af10-a0643e80fca2","CH0106027193","UBS Gold ETF USD acc","UBS","CH","Physical (Full replication)","0.230","6141140000","LBMA Gold Price","USD",NULL,"2026-09-07 20:18:32.921315","2026-09-07 20:18:32.921315","Accumulating","Precious Metals","Art.6","2010-01-06","A0YCV1",1,"UBS"
"9463085a-5fe7-4880-be9c-edaad47035e1","CH0106027144","UBS Gold hEUR ETF EUR acc","UBS","CH","Physical (Full replication)","0.230","904970000","LBMA Gold Price EUR hedged","EUR",NULL,"2026-09-07 20:18:32.921317","2026-09-07 20:18:32.921317","Accumulating","Precious Metals","Art.6","2010-01-25","A0YCVY",NULL,"UBS"
"57e8e713-7d96-4d5f-b9a2-213221b977d1","CH0111762537","UBS SMIM® ETF CHF dis","UBS","CH","Physical (Full replication)","0.250","1850960000","SMIM® Total Return","CHF",NULL,"2026-09-07 20:18:32.921318","2026-09-07 20:18:32.921318","Distributing","Equities","Art.6","2010-04-08","A1CW6B",30,"UBS"
"b6b04663-3516-4a2a-bd14-7a14d0044b9d","CH0109967858","UBS CMCI Oil SF ETF USD dis","UBS","CH","Synthetic","0.260","107660000","UBS CMCI WTI Crude Oil USD Index","USD",NULL,"2026-09-07 20:18:32.92132","2026-09-07 20:18:32.92132","Distributing","Commodities","Art.6","2010-06-15","A1C0U4",1,"UBS"
"9f9af164-f861-4bd2-8113-532925485b72","CH0116014934","UBS Platinum ETF USD acc","UBS","CH","Physical (Full replication)","0.350","76630000","LPPM Platinum Price","USD",NULL,"2026-09-07 20:18:32.921321","2026-09-07 20:18:32.921321","Accumulating","Precious Metals","Art.6","2010-09-06","A1C3K6",1,"UBS"
"e78eee95-5c44-4ac9-96b5-906aa76692b7","CH0116015352","UBS CMCI Oil SF hCHF ETF CHF dis","UBS","CH","Synthetic","0.260","33740000","UBS CMCI WTI Crude Oil Hedged CHF Index","CHF",NULL,"2026-09-07 20:18:32.921322","2026-09-07 20:18:32.921322","Distributing","Commodities","Art.6","2010-09-07","A1C3K8",1,"UBS"
"191c12d4-b45c-4a1b-96cf-a83fa90bf833","LU0480132876","UBS Core MSCI EM UCITS ETF USD dis","UBS","LU","Physical + Optimized (equities) / sampled (bonds)","0.180","3225490000","MSCI Emerging Markets Total Return Net","USD",NULL,"2026-09-07 20:18:32.921324","2026-09-07 20:18:32.921324","Distributing","Equities","Art.6","2010-11-12","UB42AA",1178,"UBS"
"6af83e57-322b-4c3c-a078-80cc45424891","CH0118929022","UBS Palladium ETF USD acc","UBS","CH","Physical (Full replication)","0.350","12980000","LPPM Palladium Price","USD",NULL,"2026-09-07 20:18:32.921325","2026-09-07 20:18:32.921325","Accumulating","Precious Metals","Art.6","2010-11-25","A1JMXT",1,"UBS"
"ceb032b5-4229-4b38-94be-a95643b1a47c","CH0118929048","UBS Silver ETF USD acc","UBS","CH","Physical (Full replication)","0.450","606610000","LBMA Silver Price","USD",NULL,"2026-09-07 20:18:32.921326","2026-09-07 20:18:32.921326","Accumulating","Precious Metals","Art.6","2010-11-25","A1H50U",1,"UBS"
"c871b9cb-70bf-410e-9d92-a7db114381fe","CH0118923876","UBS SBI® Corporate ESG ETF CHF dis","UBS","CH","Physical (Full replication)","0.150","214460000","SBI® ESG Corporate Total Return","CHF",NULL,"2026-09-07 20:18:32.921328","2026-09-07 20:18:32.921328","Distributing","Fixed Income","Art.8","2010-11-29","A1CZHZ",719,"UBS"
"e4b1191b-e23e-4107-b935-30ccdb07c6f7","CH0118923892","UBS SBI® AAA-BBB ESG ETF CHF dis","UBS","CH","Physical (Full replication)","0.150","92710000","SBI® ESG Screened AAA-BBB Total Return","CHF",NULL,"2026-09-07 20:18:32.921329","2026-09-07 20:18:32.921329","Distributing","Fixed Income","Art.8","2010-11-29","A1CXY9",1965,"UBS"
"b5186d88-5f7c-4974-b0c7-b251eefbfab4","IE00B53H0131","UBS CMCI Composite SF UCITS ETF USD acc","UBS","IE","Synthetic","0.340","1502020000","UBS CMCI® Total Return","USD",NULL,"2026-09-07 20:18:32.92133","2026-09-07 20:18:32.921331","Accumulating","Commodities","Art.6","2010-12-20","A1C79N",28,"UBS"
"cd91129a-93f7-4b30-b4d8-b0aef5d063dd","IE00B4JY5R22","UBS S&P 500 SF UCITS ETF USD acc","UBS","IE","Synthetic","0.190","227700000","S&P 500 Total Return Net","USD",NULL,"2026-09-07 20:18:32.921332","2026-09-07 20:18:32.921332","Accumulating","Equities","Art.6","2010-12-20","A1CTPT",503,"UBS"
"4858e41b-4c5d-452c-ab97-2317d256344e","IE00B3SC9K16","UBS MSCI USA SF UCITS ETF USD acc","UBS","IE","Synthetic","0.150","560720000","MSCI USA Total Return Net","USD",NULL,"2026-09-07 20:18:32.921333","2026-09-07 20:18:32.921333","Accumulating","Equities","Art.6","2010-12-15","A0YFEL",525,"UBS"
"1c6a1239-1d77-4017-a468-a924aeb0e2bf","IE00B5B3W843","UBS BBG Commodity Index SF UCITS ETF USD acc","UBS","IE","Synthetic","0.190","155870000","Bloomberg Commodity Index® Total Return","USD",NULL,"2026-09-07 20:18:32.921334","2026-09-07 20:18:32.921335","Accumulating","Commodities","Art.6","2011-02-01","A1C79W",24,"UBS"
"11ff1021-bba9-42c1-ab21-fecc9c81aa22","IE00B58HMN42","UBS CMCI Composite SF UCITS ETF hEUR acc","UBS","IE","Synthetic","0.340","373770000","UBS CMCI® Composite EUR Monthly Hedged TR","EUR",NULL,"2026-09-07 20:18:32.921336","2026-09-07 20:18:32.921336","Accumulating","Commodities","Art.6","2011-02-08","A1C79Q",28,"UBS"
"8777e6af-23fe-4e7d-9c2c-824dfc44f055","IE00B58FQX63","UBS CMCI Composite SF UCITS ETF hCHF acc","UBS","IE","Synthetic","0.340","458660000","UBS CMCI® Composite CHF Monthly Hedged TR","CHF",NULL,"2026-09-07 20:18:32.921337","2026-09-07 20:18:32.921338","Accumulating","Commodities","Art.6","2011-02-08","A1C79S",28,"UBS"
"8cc9af7b-21f5-4994-8120-e9ec09bb9263","CH0124758522","UBS SXI Real Estate® ETF CHF dis","UBS","CH","Physical (Full replication)","0.790","638560000","SXI Real Estate® Broad (TR)","CHF",NULL,"2026-09-07 20:18:32.921339","2026-09-07 20:18:32.921339","Distributing","Real Estate","Art.6","2011-03-31","A1H8YG",66,"UBS"
"69d455b9-ce6e-42aa-bb6c-33c591af6204","IE00B598DX38","UBS BBG Commodity Index SF UCITS ETF hCHF acc","UBS","IE","Synthetic","0.190","99190000","Bloomberg Commodity Index® (TR) (hedged CHF)","CHF",NULL,"2026-09-07 20:18:32.92134","2026-09-07 20:18:32.92134","Accumulating","Commodities","Art.6","2011-04-06","A1C790",24,"UBS"
"ec4e3332-67a6-45ea-9238-24d991675b54","IE00B58ZM503","UBS BBG Commodity Index SF UCITS ETF hEUR acc","UBS","IE","Synthetic","0.190","34140000","Bloomberg Commodity Index® (TR) (hedged EUR)","EUR",NULL,"2026-09-07 20:18:32.921341","2026-09-07 20:18:32.921341","Accumulating","Commodities","Art.6","2011-04-06","A1C79Y",24,"UBS"
"d9c55379-2933-429a-b9e1-a5913fd3f375","IE00B5993T22","UBS BBG Commodity Index SF UCITS ETF hGBP acc","UBS","IE","Synthetic","0.190","4560000","Bloomberg Commodity Index® (TR) (hedged GBP)","GBP",NULL,"2026-09-07 20:18:32.921342","2026-09-07 20:18:32.921343","Accumulating","Commodities","Art.6","2011-04-06","A1C792",24,"UBS"
"13a8ab95-4342-4346-a275-5429fb264fef","IE00B3Z3FS74","UBS MSCI EM SF UCITS ETF USD acc","UBS","IE","Synthetic","0.170","178010000","MSCI Emerging Markets Total Return Net","USD",NULL,"2026-09-07 20:18:32.921344","2026-09-07 20:18:32.921344","Accumulating","Equities","Art.6","2011-04-27","A1JGBJ",1178,"UBS"
"45b49695-1be5-4e5f-8c2d-bad3da2ae8b8","CH0130595124","UBS SPI® Mid ETF CHF dis","UBS","CH","Physical (Full replication)","0.250","774280000","SPI® Mid Total Return","CHF",NULL,"2026-09-07 20:18:32.921345","2026-09-07 20:18:32.921345","Distributing","Equities","Art.6","2011-07-18","A1JB24",80,"UBS"
"19b363dc-09a8-48ea-a3f0-88a04c5b9891","CH0131872431","UBS Core SPI® ETF CHF dis","UBS","CH","Physical + Optimized (equities) / sampled (bonds)","0.100","1954680000","SPI® (TR)","CHF",NULL,"2026-09-07 20:18:32.921346","2026-09-07 20:18:32.921347","Distributing","Equities","Art.6","2011-07-18","A1JB69",202,"UBS"
"fe1454c0-1fe2-4925-a813-9dbd094f3354","LU0629460675","UBS MSCI EMU Socially Responsible UCITS ETF EUR dis","UBS","LU","Physical (Full replication)","0.200","762280000","MSCI EMU SRI Low Carbon Select 5% Issuer Capped Total Return Net","EUR",NULL,"2026-09-07 20:18:32.921348","2026-09-07 20:18:32.921348","Distributing","Equities","Art.8","2011-08-18","A1JA1T",65,"UBS"
"de421b13-f9b2-4c27-9792-301010d2369b","LU0629460089","UBS MSCI USA Socially Responsible UClTS ETF USD dis","UBS","LU","Physical (Full replication)","0.220","849480000","MSCI USA SRI Low Carbon Select 5% Issuer Capped Total Return Net","USD",NULL,"2026-09-07 20:18:32.921349","2026-09-07 20:18:32.921349","Distributing","Equities","Art.8","2011-08-18","A1JA1S",167,"UBS"
"4d1a1d91-33c1-4ce6-86de-ff9d1f300890","LU0629460832","UBS MSCI Pacific Socially Responsible UCITS ETF USD dis","UBS","LU","Physical (Full replication)","0.280","752620000","MSCI Pacific SRI Low Carbon Select 5% Issuer Capped Total Return Net","USD",NULL,"2026-09-07 20:18:32.92135","2026-09-07 20:18:32.92135","Distributing","Equities","Art.8","2011-08-22","A1JA1U",71,"UBS"
"caa96dd1-76ed-4864-a484-572551f6ac86","LU0629459743","UBS MSCI World Socially Responsible UClTS ETF USD dis","UBS","LU","Physical (Full replication)","0.220","4897140000","MSCI World SRI Low Carbon Select 5% Issuer Capped Total Return Net","USD",NULL,"2026-09-07 20:18:32.921352","2026-09-07 20:18:32.921352","Distributing","Equities","Art.8","2011-08-19","A1JA1R",360,"UBS"
"f43cfdf9-21f1-45a4-834c-2fea4f3c9400","LU0671493277","UBS MSCI EMU Small Cap UCITS ETF EUR dis","UBS","LU","Physical (Full replication)","0.330","379960000","MSCI EMU Small Cap Total Return Net","EUR",NULL,"2026-09-07 20:18:32.921353","2026-09-07 20:18:32.921353","Distributing","Equities","Art.6","2011-10-17","A1JHNE",376,"UBS"
"1254f9a9-5200-440e-835c-a396e6cb0757","LU0721552544","UBS Core BBG US Treasury 1-3 UCITS ETF USD dis","UBS","LU","Physical (Full replication)","0.070","15660000","Bloomberg US 1-3 Year Treasury Bond Total Return","USD",NULL,"2026-09-07 20:18:32.921354","2026-09-07 20:18:32.921355","Distributing","Fixed Income","Art.6","2012-02-02","A1JRC9",96,"UBS"
"cf6ddde5-77f1-4aac-9b90-8a4be4282355","LU0721552973","UBS Core BBG US Treasury 1-10 UCITS ETF USD dis","UBS","LU","Physical (Full replication)","0.070","8029999","Bloomberg U.S. Treasury: Intermediate Index (Total Return Net)","USD",NULL,"2026-09-07 20:18:32.921356","2026-09-07 20:18:32.921356","Distributing","Fixed Income","Art.6","2012-02-02","A1JRDC",198,"UBS"
"03bfbcd8-3e96-490c-a934-17cf632d10c6","IE00B77D4428","UBS Core MSCI USA UCITS ETF USD dis","UBS","IE","Physical (Full replication)","0.070","1516240000","MSCI USA Total Return Net","USD",NULL,"2026-09-07 20:18:32.921357","2026-09-07 20:18:32.921357","Distributing","Equities","Art.6","2012-04-11","A1JVB6",525,"UBS"
"2fd8f2cd-803e-4693-a1e1-f89fa793341f","IE00B78JSG98","UBS MSCI USA Value UCITS ETF USD dis","UBS","IE","Physical (Full replication)","0.200","820580000","MSCI USA Value Total Return Net","USD",NULL,"2026-09-07 20:18:32.921358","2026-09-07 20:18:32.921358","Distributing","Equities","Art.6","2012-04-11","A1JVB8",394,"UBS"
"3bbfcf32-4d92-47c4-bc10-576f56631262","IE00B7KQ7B66","UBS Core MSCI World UCITS ETF USD dis","UBS","IE","Physical (Full replication)","0.100","2284730000","MSCI World Total Return Net","USD",NULL,"2026-09-07 20:18:32.92136","2026-09-07 20:18:32.92136","Distributing","Equities","Art.6","2012-04-11","A1JVCA",1280,"UBS"
"f12e8c83-9688-4da8-9989-2870cd716dab","IE00B7K93397","UBS Core S&P 500 UCITS ETF USD dis","UBS","IE","Physical (Full replication)","0.090","1426810000","S&P 500 Total Return Net","USD",NULL,"2026-09-07 20:18:32.921362","2026-09-07 20:18:32.921362","Distributing","Equities","Art.6","2012-04-11","A1JVB5",503,"UBS"
"f1ff4051-1d26-4def-8fd2-748bee4da982","IE00B50XJX92","UBS CMCI Composite SF UCITS ETF hGBP acc","UBS","IE","Synthetic","0.340","17840000","UBS CMCI® Composite GBP Monthly Hedged TR","GBP",NULL,"2026-09-07 20:18:32.921363","2026-09-07 20:18:32.921363","Accumulating","Commodities","Art.6","2015-03-05","A1C79U",NULL,"UBS"
"56c96b6e-d2c1-4a4e-9c11-0358ee10d0c8","IE00B7KMNP07","UBS Solactive Global Pure Gold Miners UCITS ETF USD dis","UBS","IE","Physical (Full replication)","0.430","536390000","Solactive Global Pure Gold Miners Net Total Return Index","USD",NULL,"2026-09-07 20:18:32.921364","2026-09-07 20:18:32.921364","Distributing","Commodities","Art.6","2012-11-15","A1JVYP",28,"UBS"
"15ccfcfa-20c1-465a-823f-548050311a9a","IE00B7WK2W23","UBS MSCI AC Asia ex Japan SF UCITS ETF USD acc","UBS","IE","Synthetic","0.230","1045290000","MSCI AC Asia ex Japan Total Return Net","USD",NULL,"2026-09-07 20:18:32.921365","2026-09-07 20:18:32.921366","Accumulating","Equities","Art.6","2012-08-20","A1JZY0",996,"UBS"
"400ffae1-c23d-40fe-adea-0dc571a12b1b","LU0879397742","UBS SBI® Foreign AAA-BBB 1-5 ESG UCITS ETF CHF dis","UBS","LU","Physical + Optimized (equities) / sampled (bonds)","0.200","636610000","SBI® ESG Foreign AAA-BBB 1-5 Total Return","CHF",NULL,"2026-09-07 20:18:32.921367","2026-09-07 20:18:32.921367","Distributing","Fixed Income","Art.8","2013-07-30","A1H9GF",333,"UBS"
"bec527d1-7b2a-498e-b033-00637d5717ec","LU0879399441","UBS SBI® Foreign AAA-BBB 5-10 ESG UCITS ETF CHF dis","UBS","LU","Physical + Optimized (equities) / sampled (bonds)","0.200","293780000","SBI® ESG Foreign AAA-BBB 5-10 Total Return","CHF",NULL,"2026-09-07 20:18:32.921368","2026-09-07 20:18:32.921369","Distributing","Fixed Income","Art.8","2013-07-30","A1H9GG",205,"UBS"
"2ccafd59-e3e6-4b47-ac47-de05068ec499","IE00BD4TY451","UBS MSCI Australia UCITS ETF AUD acc","UBS","IE","Physical (Full replication)","0.400","451120000","MSCI Australia Total Return Net","AUD",NULL,"2026-09-07 20:18:32.92137","2026-09-07 20:18:32.92137","Accumulating","Equities","Art.6","2013-09-30","A1W5DD",47,"UBS"
"9e09fe57-0a3d-4809-ac98-47ea69648604","LU0950670850","UBS MSCI United Kingdom UCITS ETF GBP acc","UBS","LU","Physical (Full replication)","0.200","1823620000","MSCI United Kingdom Total Return Net","GBP",NULL,"2026-09-07 20:18:32.921371","2026-09-07 20:18:32.921371","Accumulating","Equities","Art.6","2013-08-30","A1W3AB",66,"UBS"
"c37d18ad-4fd8-4bc9-9dee-d2888e34ce1c","CH0226274204","UBS MSCI Switzerland hEUR ETF EUR dis","UBS","CH","Physical (Full replication)","0.240","171010000","MSCI Switzerland 100% hedged to EUR Total Return Net","EUR",NULL,"2026-09-07 20:18:32.921372","2026-09-07 20:18:32.921372","Distributing","Equities","Art.6","2013-10-31","A1W7ED",40,"UBS"
"a0675c53-3314-4cd9-a9de-146eeb2652ad","CH0226274212","UBS MSCI Switzerland hUSD ETF USD dis","UBS","CH","Physical (Full replication)","0.240","388680000","MSCI Switzerland 100% hedged to USD Total Return Net","USD",NULL,"2026-09-07 20:18:32.921373","2026-09-07 20:18:32.921374","Distributing","Equities","Art.6","2013-10-31","A1W7EE",40,"UBS"
"0f586a12-3545-448b-8793-ca395658b27c","IE00BD4TYL27","UBS Core MSCI USA hCHF UCITS ETF CHF acc","UBS","IE","Physical (Full replication)","0.100","564960000","MSCI USA 100% hedged to CHF Total Return Net","CHF",NULL,"2026-09-07 20:18:32.921375","2026-09-07 20:18:32.921375","Accumulating","Equities","Art.6","2013-09-30","A1W5DG",525,"UBS"
"9e23f347-da93-430a-9c9d-b4518207353f","IE00BD4TYG73","UBS Core MSCI USA hEUR UCITS ETF EUR acc","UBS","IE","Physical (Full replication)","0.100","616520000","MSCI USA 100% hedged to EUR Total Return Net","EUR",NULL,"2026-09-07 20:18:32.921376","2026-09-07 20:18:32.921376","Accumulating","Equities","Art.6","2013-09-30","A1W5DE",525,"UBS"
"4ee46b91-9666-425c-ae86-8300f8be28a4","LU0937836467","UBS MSCI United Kingdom UCITS ETF GBP dis","UBS","LU","Physical (Full replication)","0.200","105280000","MSCI United Kingdom Total Return Net","GBP",NULL,"2026-09-07 20:18:32.921377","2026-09-07 20:18:32.921378","Distributing","Equities","Art.6","2013-10-21","A1W2HH",66,"UBS"
"9d0ab590-fd53-4799-839f-ee34b4707281","CH0226274246","UBS MSCI Switzerland ETF CHF dis","UBS","CH","Physical (Full replication)","0.210","914200000","MSCI Switzerland Net Return CHF Index","CHF",NULL,"2026-09-07 20:18:32.921391","2026-09-07 20:18:32.921392","Distributing","Equities","Art.6","2013-10-31","A1W7EG",40,"UBS"
"a8888c2e-f882-426c-a31c-d3179a36051d","LU0977261329","UBS MSCI Switzerland 20/35 UCITS ETF CHF acc","UBS","LU","Physical (Full replication)","0.200","2566480000","MSCI Switzerland 20/35 Total Return Net","CHF",NULL,"2026-09-07 20:18:32.921393","2026-09-07 20:18:32.921393","Accumulating","Equities","Art.6","2013-10-31","A1W6DC",40,"UBS"
"674c7b97-5ae7-42f2-bbb3-cfebe89db6fb","LU0969639128","UBS Core BBG EUR Gov 1-10 UCITS ETF EUR dis","UBS","LU","Physical + Optimized (equities) / sampled (bonds)","0.090","1180990000","Bloomberg EUR Treasury 1-10 Year Bond Total Return","EUR",NULL,"2026-09-07 20:18:32.921394","2026-09-07 20:18:32.921394","Distributing","Fixed Income","Art.6","2013-11-29","A1W40U",388,"UBS"
"62a7f81b-4b4e-4510-b22e-1f212fbcbe16","LU0979892907","UBS MSCI Switzerland 20/35 UCITS ETF CHF dis","UBS","LU","Physical (Full replication)","0.200","618400000","MSCI Switzerland 20/35 Total Return Net","CHF",NULL,"2026-09-07 20:18:32.921395","2026-09-07 20:18:32.921396","Distributing","Equities","Art.6","2013-11-28","A1W6NY",40,"UBS"
"0f2d71fe-2bef-4f32-a3b4-2f73fb55d587","LU1048313974","UBS MSCI EM Socially Responsible UCITS ETF USD acc","UBS","LU","Physical (Full replication)","0.240","857190000","MSCI Emerging Markets SRI Low Carbon Select 5% Issuer Capped Total Return Net","USD",NULL,"2026-09-07 20:18:32.921397","2026-09-07 20:18:32.921397","Accumulating","Equities","Art.8","2019-06-11","A110QE",236,"UBS"
"e4c9be9f-329f-440f-9c38-49d691bdadba","LU1048313891","UBS MSCI EM Socially Responsible UCITS ETF USD dis","UBS","LU","Physical (Full replication)","0.240","2626180000","MSCI Emerging Markets SRI Low Carbon Select 5% Issuer Capped Total Return Net","USD",NULL,"2026-09-07 20:18:32.921399","2026-09-07 20:18:32.921399","Distributing","Equities","Art.8","2014-09-04","A110QD",236,"UBS"
"35d3696c-ac48-4996-a241-bf4cbfe3ce00","LU1048314196","UBS BBG Euro Area Liquid Corp 1-5 UCITS ETF EUR dis","UBS","LU","Physical + Optimized (equities) / sampled (bonds)","0.160","342930000","Bloomberg Euro Area Liquid Corporates 1-5 Year Total Return","EUR",NULL,"2026-09-07 20:18:32.9214","2026-09-07 20:18:32.9214","Distributing","Fixed Income","Art.6","2014-05-30","A110QF",789,"UBS"
"02b7a020-b37e-4c12-b4a2-3bc686d79131","LU1048315086","UBS BBG US Liquid Corp 1-5 UCITS ETF USD acc","UBS","LU","Physical + Optimized (equities) / sampled (bonds)","0.160","820380000","Bloomberg US Liquid Corporates 1-5 Year Total Return","USD",NULL,"2026-09-07 20:18:32.921401","2026-09-07 20:18:32.921402","Accumulating","Fixed Income","Art.6","2018-01-31","A110QQ",256,"UBS"
"6057d5da-b565-4552-9c22-c0ae70273b27","LU1048314949","UBS BBG US Liquid Corp 1-5 UCITS ETF USD dis","UBS","LU","Physical + Optimized (equities) / sampled (bonds)","0.160","254740000","Bloomberg US Liquid Corporates 1-5 Year Total Return","USD",NULL,"2026-09-07 20:18:32.921403","2026-09-07 20:18:32.921403","Distributing","Fixed Income","Art.6","2014-12-01","A110QP",256,"UBS"
"be467310-0035-45f6-9881-75e9f2b76fe3","LU1048315755","UBS BBG US Liquid Corp 1-5 UCITS ETF hCHF acc","UBS","LU","Physical + Optimized (equities) / sampled (bonds)","0.190","100570000","Bloomberg US Liquid Corporates 1-5 Year Total Return","CHF",NULL,"2026-09-07 20:18:32.921404","2026-09-07 20:18:32.921404","Accumulating","Fixed Income","Art.6","2015-01-30","A110QW",256,"UBS"
"9a8ea4b9-e770-415f-a370-f60476b9d73e","LU1048315243","UBS BBG US Liquid Corp 1-5 UCITS ETF hEUR acc","UBS","LU","Physical + Optimized (equities) / sampled (bonds)","0.190","132470000","Bloomberg US Liquid Corporates 1-5 Year Total Return","EUR",NULL,"2026-09-07 20:18:32.921406","2026-09-07 20:18:32.921406","Accumulating","Fixed Income","Art.6","2015-03-31","A110QS",256,"UBS"
"b51b2324-ea9e-4b3d-8b60-33e637f48174","LU1048315326","UBS BBG US Liquid Corp 1-5 UCITS ETF hGBP dis","UBS","LU","Physical + Optimized (equities) / sampled (bonds)","0.190","23050000","Bloomberg US Liquid Corporates 1-5 Year Total Return","GBP",NULL,"2026-09-07 20:18:32.921407","2026-09-07 20:18:32.921407","Distributing","Fixed Income","Art.6","2014-12-01","A110QT",256,"UBS"
"d86dff26-be0a-4f74-9287-eec208455fd8","LU1048316720","UBS Core BBG US Liquid Corp UCITS ETF USD acc","UBS","LU","Physical + Optimized (equities) / sampled (bonds)","0.130","143400000","Bloomberg US Liquid Corporates Total Return","USD",NULL,"2026-09-07 20:18:32.921408","2026-09-07 20:18:32.921409","Accumulating","Fixed Income","Art.6","2018-01-31","A110Q6",728,"UBS"
"00d30737-457f-494f-905c-8bf906785586","LU1048316647","UBS Core BBG US Liquid Corp UCITS ETF USD dis","UBS","LU","Physical + Optimized (equities) / sampled (bonds)","0.130","106950000","Bloomberg US Liquid Corporates Total Return","USD",NULL,"2026-09-07 20:18:32.92141","2026-09-07 20:18:32.921411","Distributing","Fixed Income","Art.6","2014-05-30","A110Q5",728,"UBS"
"6fc0bfad-3934-4733-8d69-5c0439ab2041","LU1048317538","UBS Core BBG US Liquid Corp UCITS ETF hCHF acc","UBS","LU","Physical + Optimized (equities) / sampled (bonds)","0.160","101930000","Bloomberg US Liquid Corporates Total Return","CHF",NULL,"2026-09-07 20:18:32.921412","2026-09-07 20:18:32.921413","Accumulating","Fixed Income","Art.6","2014-09-30","A110RC",728,"UBS"
"a0584a15-595f-4e35-8649-f4b72e696880","LU1048317025","UBS Core BBG US Liquid Corp UCITS ETF hEUR acc","UBS","LU","Physical + Optimized (equities) / sampled (bonds)","0.160","106230000","Bloomberg US Liquid Corporates Total Return","EUR",NULL,"2026-09-07 20:18:32.921414","2026-09-07 20:18:32.921414","Accumulating","Fixed Income","Art.6","2014-05-30","A110Q8",728,"UBS"
"a5eea09b-2c15-49aa-a69b-438ed06e0c13","LU1048317298","UBS Core BBG US Liquid Corp UCITS ETF hGBP dis","UBS","LU","Physical + Optimized (equities) / sampled (bonds)","0.160","11820000","Bloomberg US Liquid Corporates Total Return","GBP",NULL,"2026-09-07 20:18:32.921416","2026-09-07 20:18:32.921416","Distributing","Fixed Income","Art.6","2014-10-31","A110Q9",728,"UBS"
"25e9ef88-4c6f-4c91-9c45-14d45f98ca7d","IE00BD4TYF66","UBS Core MSCI USA hEUR UCITS ETF EUR dis","UBS","IE","Physical (Full replication)","0.100","191130000","MSCI USA 100% hedged to EUR Total Return Net","EUR",NULL,"2026-09-07 20:18:32.921418","2026-09-07 20:18:32.921418","Distributing","Equities","Art.6","2014-06-04","A113UU",525,"UBS"
"4f75ce83-e651-4fbd-841a-d7d4979ad9e3","IE00BMP3HN93","UBS MSCI United Kingdom IMI Socially Responsible UCITS ETF GBP dis","UBS","IE","Physical (Full replication)","0.230","711670000","MSCI UK IMI Extended SRI Low Carbon Select 5% Issuer Capped Total Return Net","GBP",NULL,"2026-09-07 20:18:32.921419","2026-09-07 20:18:32.92142","Distributing","Equities","Art.8","2014-10-15","A11477",137,"UBS"
"123c423d-9320-42ab-a6e3-6a73bd545ddc","IE00BMP3HG27","UBS S&P Dividend Aristocrats ESG Elite UCITS ETF USD dis","UBS","IE","Physical (Full replication)","0.300","172360000","S&P Developed ESG Elite Dividend Aristocrats Index (Net Return)","USD",NULL,"2026-09-07 20:18:32.921421","2026-09-07 20:18:32.921421","Distributing","Equities","Art.8","2014-09-04","A11471",99,"UBS"
"5d10fa76-791f-49fc-ab2b-5c77018cb1b6","LU1107559376","UBS Core MSCI EMU UCITS ETF EUR Ukdis","UBS","LU","Physical (Full replication)","0.120","89210000","MSCI EMU Total Return Net","EUR",NULL,"2026-09-07 20:18:32.921425","2026-09-07 20:18:32.921425","Distributing","Equities","Art.6","2014-10-02","A12A7H",220,"UBS"
"af15e67f-feea-4c29-92fb-e3a8a9a0f3ac","LU1107559616","UBS Core MSCI Japan UCITS ETF JPY Ukdis","UBS","LU","Physical (Full replication)","0.120","10914580000","MSCI Japan (TRN) in JPY","JPY",NULL,"2026-09-07 20:18:32.921426","2026-09-07 20:18:32.921426","Distributing","Equities","Art.6","2014-10-02","A12A7L",168,"UBS"
"100762b4-1a82-41fc-97e6-d888e5e406a7","LU1107559962","UBS MSCI Canada UCITS ETF CAD Ukdis","UBS","LU","Physical (Full replication)","0.330","12650000","MSCI Canada Total Return Net","CAD",NULL,"2026-09-07 20:18:32.921428","2026-09-07 20:18:32.921428","Distributing","Equities","Art.6","2014-10-02","A12A7P",83,"UBS"
"43349bbe-358d-4f0e-b205-5879ed6c541d","LU1107559533","UBS MSCI United Kingdom UCITS ETF GBP Ukdis","UBS","LU","Physical (Full replication)","0.200","77190000","MSCI United Kingdom Total Return Net","GBP",NULL,"2026-09-07 20:18:32.921429","2026-09-07 20:18:32.92143","Distributing","Equities","Art.6","2014-10-02","A12A7K",66,"UBS"
"bc1165d4-a47c-491e-a617-4b860a023b01","LU1107560036","UBS MSCI Switzerland 20/35 UCITS ETF CHF Ukdis","UBS","LU","Physical (Full replication)","0.200","46510000","MSCI Switzerland 20/35 Total Return Net","CHF",NULL,"2026-09-07 20:18:32.921431","2026-09-07 20:18:32.921431","Distributing","Equities","Art.6","2014-10-02","A12A7Q",40,"UBS"
"49fdac55-563d-480f-9804-b0cec8d6c1c3","LU1126036976","UBS Core MSCI EM UCITS ETF USD Ukdis","UBS","LU","Physical + Optimized (equities) / sampled (bonds)","0.180","117790000","MSCI Emerging Markets Total Return Net","USD",NULL,"2026-09-07 20:18:32.921434","2026-09-07 20:18:32.921434","Distributing","Equities","Art.6","2014-11-05","A12DVN",1178,"UBS"
"c943c35d-be7e-4815-be2b-5aa30006cc2e","LU1130155432","UBS MSCI Canada UCITS ETF hCHF acc","UBS","LU","Physical (Full replication)","0.360","63740000","MSCI Canada hedged to CHF Total Return Net","CHF",NULL,"2026-09-07 20:18:32.921435","2026-09-07 20:18:32.921435","Accumulating","Equities","Art.6","2015-01-30","A12D6B",83,"UBS"
"c328c325-a78f-4480-a453-9e7fe46ce0e4","LU1130155606","UBS MSCI Canada UCITS ETF hEUR acc","UBS","LU","Physical (Full replication)","0.360","172830000","MSCI Canada hedged to EUR Total Return Net","EUR",NULL,"2026-09-07 20:18:32.921437","2026-09-07 20:18:32.921437","Accumulating","Equities","Art.6","2015-02-27","A12D6D",83,"UBS"
"3ea87ccb-7644-45df-b5a5-49cc2e6a1e0f","LU1130156323","UBS MSCI Canada UCITS ETF hGBP acc","UBS","LU","Physical (Full replication)","0.360","219100000","MSCI Canada hedged to GBP Total Return Net","GBP",NULL,"2026-09-07 20:18:32.921438","2026-09-07 20:18:32.921438","Accumulating","Equities","Art.6","2015-02-27","A12D6K",83,"UBS"
"8d3d83cc-a046-440d-b661-41b4f978f3e7","LU1130156596","UBS MSCI Canada UCITS ETF hGBP dis","UBS","LU","Physical (Full replication)","0.360","1610000","MSCI Canada hedged to GBP Total Return Net","GBP",NULL,"2026-09-07 20:18:32.921439","2026-09-07 20:18:32.92144","Distributing","Equities","Art.6","2015-02-27","A12D6L",83,"UBS"
"52a301a0-f802-4b13-8044-a79118948350","LU1130155861","UBS MSCI Canada UCITS ETF hUSD acc","UBS","LU","Physical (Full replication)","0.360","104030000","MSCI Canada hedged to USD Total Return Net","USD",NULL,"2026-09-07 20:18:32.921441","2026-09-07 20:18:32.921441","Accumulating","Equities","Art.6","2015-02-27","A12D6F",83,"UBS"
"a7f076c2-1100-436f-a5e3-75326035c8a1","LU1169830525","UBS MSCI Switzerland 20/35 UCITS ETF hGBP acc","UBS","LU","Physical (Full replication)","0.230","15470000","MSCI Switzerland 20/35 100% hedged to GBP Total Return Net","GBP",NULL,"2026-09-07 20:18:32.921442","2026-09-07 20:18:32.921442","Accumulating","Equities","Art.6","2015-05-29","A14MG0",40,"UBS"
"3809d9d0-cead-4baa-9ebf-3467fdd26843","LU1169830442","UBS MSCI Switzerland 20/35 UCITS ETF hGBP dis","UBS","LU","Physical (Full replication)","0.230","98410000","MSCI Switzerland 20/35 100% hedged to GBP Total Return Net","GBP",NULL,"2026-09-07 20:18:32.921444","2026-09-07 20:18:32.921444","Distributing","Equities","Art.6","2015-05-29","A14MGZ",40,"UBS"
"13823ecf-2acc-418e-8ef8-97d8584ebe17","LU1324510525","UBS Core BBG US Treasury 1-3 UCITS ETF hEUR dis","UBS","LU","Physical (Full replication)","0.100","11510000","Bloomberg US 1-3 Year Treasury Bond Total Return","EUR",NULL,"2026-09-07 20:18:32.921445","2026-09-07 20:18:32.921445","Distributing","Fixed Income","Art.6","2016-01-29","A1437Y",96,"UBS"
"8998f685-3d6a-4f41-aa1f-1db4fe9db282","LU1324516050","UBS BBG USD EM Sovereign UCITS ETF USD dis","UBS","LU","Physical + Optimized (equities) / sampled (bonds)","0.250","111450000","Bloomberg Emerging Markets USD Sovereign & Agency 3% Country Capped Index","USD",NULL,"2026-09-07 20:18:32.921447","2026-09-07 20:18:32.921447","Distributing","Fixed Income","Art.6","2016-01-29","A1439E",965,"UBS"
"401dc418-162f-4a9d-a3a6-5d69ad19b293","IE00BHXMHR72","UBS S&P 500 Scored & Screened UCITS ETF hGBP dis","UBS","IE","Physical (Full replication)","0.130","19400000","S&P 500 Scored & Screened Hedged to GBP Index (Net Total Return)","GBP",NULL,"2026-09-07 20:18:32.921448","2026-09-07 20:18:32.921448","Distributing","Equities","Art.8","2019-03-25","A2PEJ3",326,"UBS"
"6cbab7ec-8062-4a63-9902-9314d5b5d3d5","IE00BHXMHN35","UBS S&P 500 Scored & Screened UCITS ETF hCHF acc","UBS","IE","Physical (Full replication)","0.130","352150000","S&P 500 Scored & Screened Hedged to CHF Index (Net Total Return)","CHF",NULL,"2026-09-07 20:18:32.921449","2026-09-07 20:18:32.921449","Accumulating","Equities","Art.8","2019-03-25","A2PEJ1",326,"UBS"
"a41ae724-4bf0-4f42-bc94-59c647854eb5","IE00BHXMHQ65","UBS S&P 500 Scored & Screened UCITS ETF hEUR acc","UBS","IE","Physical (Full replication)","0.130","914680000","S&P 500 Scored & Screened Hedged to EUR Index (Net Total Return)","EUR",NULL,"2026-09-07 20:18:32.921451","2026-09-07 20:18:32.921451","Accumulating","Equities","Art.8","2019-03-25","A2PEJ2",326,"UBS"
"fd996d8d-8bb5-4d5c-904e-2cc5818f465b","LU1953188833","UBS MSCI China Universal UCITS ETF USD dis","UBS","LU","Physical (Full replication)","0.300","240900000","MSCI China Universal Low Carbon Select 5% Issuer Capped Index (Net Total Return)","USD",NULL,"2026-09-07 20:18:32.921452","2026-09-07 20:18:32.921452","Distributing","Equities","Art.8","2019-07-26","A2PESQ",440,"UBS"
"9fc504a1-6d0b-47d5-9ac5-160706f2d8fb","LU1971906802","UBS EURO STOXX 50 ESG UCITS ETF EUR dis","UBS","LU","Physical (Full replication)","0.100","3680930000","EURO STOXX 50® ESG Net Return","EUR",NULL,"2026-09-07 20:18:32.921454","2026-09-07 20:18:32.921454","Distributing","Equities","Art.8","2019-07-25","A2PGD1",50,"UBS"
"3e689e44-a457-489e-8969-95fbe951b360","IE00BJXFZ989","UBS MSCI ACWI SF UCITS ETF USD Ukdis","UBS","IE","Synthetic","0.210","328520000","MSCI ACWI Total Return Net Index","USD",NULL,"2026-09-07 20:18:32.921455","2026-09-07 20:18:32.921455","Distributing","Equities","Art.6","2019-04-15","A2PGH1",2458,"UBS"
"6c8679c2-0cbf-4bfa-b340-692baaba5a66","IE00BHXMHL11","UBS S&P 500 Scored & Screened UCITS ETF USD acc","UBS","IE","Physical (Full replication)","0.100","2315320000","S&P 500 Scored & Screened Index (Net Total Return)","USD",NULL,"2026-09-07 20:18:32.921456","2026-09-07 20:18:32.921457","Accumulating","Equities","Art.8","2019-04-18","A2PEVA",326,"UBS"
"8ec56ac4-72ee-4267-bfdd-4e025228a269","IE00BDR5GT91","UBS Global Gender Equality UCITS ETF USD dis","UBS","IE","Physical (Full replication)","0.200","16430000","Solactive Equileap Global Gender Equality 100 Leaders Index","USD",NULL,"2026-09-07 20:18:32.921458","2026-09-07 20:18:32.921458","Distributing","Equities","Art.8","2019-04-26","A2PEU9",99,"UBS"
"ae1c2133-693e-4c85-b10c-28a7b91400dd","LU1974696418","UBS J.P. Morgan USD EM IG Screened Diversified Bond UCITS ETF hEUR acc","UBS","LU","Physical + Optimized (equities) / sampled (bonds)","0.430","566890000","J.P. Morgan USD EM IG ESG Diversified Bond hedged to EUR Index (Total Return)","EUR",NULL,"2026-09-07 20:18:32.92146","2026-09-07 20:18:32.92146","Accumulating","Fixed Income","Art.8","2019-08-02","A2PGRF",1273,"UBS"
"a887b532-6401-4b07-a457-dc71e7f36ee1","LU1974695790","UBS J.P. Morgan USD EM IG Screened Diversified Bond UCITS ETF USD acc","UBS","LU","Physical + Optimized (equities) / sampled (bonds)","0.400","272700000","J.P. Morgan USD EM IG ESG Diversified Bond Index (Total Return)","USD",NULL,"2026-09-07 20:18:32.921461","2026-09-07 20:18:32.921461","Accumulating","Fixed Income","Art.8","2019-08-02","A2PGQ8",1273,"UBS"
"12cd9bd1-4f1c-4dd2-8283-390c5c37a4e5","IE00BD4TXV59","UBS Core MSCI World UCITS ETF USD acc","UBS","IE","Physical (Full replication)","0.100","12447610000","MSCI World Total Return Net","USD",NULL,"2026-09-07 20:18:32.921463","2026-09-07 20:18:32.921463","Accumulating","Equities","Art.6","2019-06-07","A2PK5J",1280,"UBS"
"ad80f9ac-e94f-4a4f-8cee-93a8fabb9440","LU1720938924","UBS J.P. Morgan EM Multi-Factor Enhanced Local Currency Bond UCITS ETF USD acc","UBS","LU","Physical + Optimized (equities) / sampled (bonds)","0.400","12610000","J.P. Morgan Emerging Market Enhanced Multi-Factor Local Currency Bond Index","USD",NULL,"2026-09-07 20:18:32.921464","2026-09-07 20:18:32.921464","Accumulating","Fixed Income","Art.6","2019-06-06","A2PK5K",768,"UBS"
"a163c241-2a0f-46d2-8be7-e1847e85f1d1","IE00BDR55364","UBS MSCI ACWI Socially Responsible UCITS ETF USD dis","UBS","IE","Physical (Full replication)","0.250","52450000","MSCI ACWI SRI Low Carbon Select 5% Issuer Capped Total Return Net USD","USD",NULL,"2026-09-07 20:18:32.921467","2026-09-07 20:18:32.921467","Distributing","Equities","Art.8","2019-06-25","A2PMGY",549,"UBS"
"b549034a-f540-4596-8b3b-db4ef92070f2","IE00BDQZMX67","UBS MSCI ACWI Universal UCITS ETF USD dis","UBS","IE","Physical (Full replication)","0.230","2553820000","MSCI ACWI Universal Low Carbon Select 5% Issuer Capped Index (Net Total Return)","USD",NULL,"2026-09-07 20:18:32.921468","2026-09-07 20:18:32.921468","Distributing","Equities","Art.8","2019-06-25","A2PL57",2105,"UBS"
"f051a1ce-723e-412a-b98c-67675b527fd0","CH0492935355","UBS MSCI Switzerland IMI Socially Responsible ETF CHF acc","UBS","CH","Physical (Full replication)","0.290","233730000","MSCI Switzerland IMI Extended SRI Low Carbon Select 5% Issuer Capped NTR CHF","CHF",NULL,"2026-09-07 20:18:32.92147","2026-09-07 20:18:32.92147","Accumulating","Equities","Art.8","2019-09-09","A2PP1M",64,"UBS"
"da098013-64dd-4ee5-9b53-c3dfb3a7927c","LU1974693662","UBS J.P. Morgan Global Gov ESG Liquid Bond UCITS ETF USD acc","UBS","LU","Physical + Optimized (equities) / sampled (bonds)","0.150","119950000","J.P. Morgan Global Government ESG Liquid Bond Index (Total Return)","USD",NULL,"2026-09-07 20:18:32.921471","2026-09-07 20:18:32.921471","Accumulating","Fixed Income","Art.8","2019-10-01","A2PGQR",1482,"UBS"
"fb6d8a0d-4ac9-4cc5-bd96-a6467d00670c","IE00BKFB6L02","UBS CMCI Commodity Carry SF UCITS ETF USD acc","UBS","IE","Synthetic","0.340","133840000","UBS CM-BCOM Outperformance Strategy Index ex-Precious Metals 2.5 Leveraged Net of Cost Total Return","USD",NULL,"2026-09-07 20:18:32.921473","2026-09-07 20:18:32.921473","Accumulating","Commodities","Art.6","2020-01-16","A2PRV7",NULL,"UBS"
"335581dd-0e57-4a8a-8fc0-343d64967656","IE00BKFB6K94","UBS MSCI China A SF UCITS ETF USD acc","UBS","IE","Synthetic","0.270","142440000","MSCI China A Total Return Net Index","USD",NULL,"2026-09-07 20:18:32.921474","2026-09-07 20:18:32.921474","Accumulating","Equities","Art.6","2020-02-18","A2PRV8",410,"UBS"
"946b0f34-bb0d-4b28-b5e2-886461334e50","LU2050966394","UBS MSCI EM ex China UCITS ETF USD acc","UBS","LU","Physical + Optimized (equities) / sampled (bonds)","0.160","101230000","MSCI Emerging Markets ex China Total Return Net","USD",NULL,"2026-09-07 20:18:32.921475","2026-09-07 20:18:32.921476","Accumulating","Equities","Art.6","2023-08-25","A2PRUG",602,"UBS"
"a72f6e82-bb59-4294-9265-5b574c7551b2","LU1230563022","UBS MSCI Japan Socially Responsible UCITS ETF JPY acc","UBS","LU","Physical (Full replication)","0.190","14053810000","MSCI Japan SRI Low Carbon Select 5% Issuer Capped Total Return Net","JPY",NULL,"2026-09-07 20:18:32.921477","2026-09-07 20:18:32.921477","Accumulating","Equities","Art.8","2019-11-06","A142NP",45,"UBS"
"a8e75093-d02b-4785-9236-a3f660d4bed2","IE00BK72HJ67","UBS MSCI World Socially Responsible UCITS ETF USD acc","UBS","IE","Physical (Full replication)","0.190","1514730000","MSCI World SRI Low Carbon Select 5% Issuer Capped Total Return Net","USD",NULL,"2026-09-07 20:18:32.921478","2026-09-07 20:18:32.921478","Accumulating","Equities","Art.8","2020-05-07","A2PZBJ",360,"UBS"
"a952e5d6-4c65-4e54-9e54-489a24776e26","IE00BK72HM96","UBS MSCI World Socially Responsible UCITS ETF hEUR acc","UBS","IE","Physical (Full replication)","0.220","184560000","MSCI World SRI Low Carbon Select 5% Issuer Capped Select 100% hedged to EUR Total Return Net","EUR",NULL,"2026-09-07 20:18:32.921479","2026-09-07 20:18:32.921479","Accumulating","Equities","Art.8","2020-05-07","A2PZBK",360,"UBS"
"a648340b-e329-4bdf-a674-2a4040eea163","IE00BK72HH44","UBS MSCI World Socially Responsible UCITS ETF USD dis","UBS","IE","Physical (Full replication)","0.190","407660000","MSCI World SRI Low Carbon Select 5% Issuer Capped Total Return Net","USD",NULL,"2026-09-07 20:18:32.921481","2026-09-07 20:18:32.921481","Distributing","Equities","Art.8","2020-05-07","A2PZBH",360,"UBS"
"54bd7c15-ed07-4586-bc84-c874bf6dd6eb","IE00BK72HN04","UBS MSCI World Socially Responsible UCITS ETF hGBP dis","UBS","IE","Physical (Full replication)","0.220","1400000","MSCI World SRI Low Carbon Select 5% Issuer Capped Select 100% hedged to GBP Total Return Net","GBP",NULL,"2026-09-07 20:18:32.921482","2026-09-07 20:18:32.921482","Distributing","Equities","Art.8","2020-05-07","A2PZBM",360,"UBS"
"548b5d31-61e3-4917-bf00-a571701dfee3","IE00BJXT3B87","UBS MSCI USA Socially Responsible UCITS ETF USD dis","UBS","IE","Physical (Full replication)","0.190","509900000","MSCI USA SRI Low Carbon Select 5% Issuer Capped Total Return Net","USD",NULL,"2026-09-07 20:18:32.921483","2026-09-07 20:18:32.921483","Distributing","Equities","Art.8","2020-04-30","A2PZBC",167,"UBS"
"ac64e636-13d8-41c5-aad2-e9b460a2ab91","IE00BJXT3G33","UBS MSCI USA Socially Responsible UCITS ETF hEUR acc","UBS","IE","Physical (Full replication)","0.220","116630000","MSCI USA SRI Low Carbon Select 5% Issuer Capped 100% hedged to EUR Total Return Net","EUR",NULL,"2026-09-07 20:18:32.921485","2026-09-07 20:18:32.921485","Accumulating","Equities","Art.8","2020-05-07","A2PZBE",167,"UBS"
"82efaea5-8b47-4781-baac-a9df14956c21","IE00BJXT3C94","UBS MSCI USA Socially Responsible UCITS ETF USD acc","UBS","IE","Physical (Full replication)","0.190","844590000","MSCI USA SRI Low Carbon Select 5% Issuer Capped Total Return Net","USD",NULL,"2026-09-07 20:18:32.921486","2026-09-07 20:18:32.921486","Accumulating","Equities","Art.8","2020-04-30","A2PZBD",167,"UBS"
"fa7f2bb6-ebde-4402-a4a8-d6ef47c3166b","IE00BJXT3H40","UBS MSCI USA Socially Responsible UCITS ETF hGBP dis","UBS","IE","Physical (Full replication)","0.220","77560000","MSCI USA SRI Low Carbon Select 5% Issuer Capped 100% hedged to GBP Total Return Net","GBP",NULL,"2026-09-07 20:18:32.921487","2026-09-07 20:18:32.921487","Distributing","Equities","Art.8","2020-05-07","A2PZBF",167,"UBS"
"8ba8224b-5855-4515-a4a5-b85110022a3a","IE00BJXT3L85","UBS MSCI USA Socially Responsible UCITS ETF hCHF acc","UBS","IE","Physical (Full replication)","0.220","27980000","MSCI USA SRI Low Carbon Select 5% Issuer Capped 100% hedged to CHF Total Return Net","CHF",NULL,"2026-09-07 20:18:32.921489","2026-09-07 20:18:32.921489","Accumulating","Equities","Art.8","2020-05-07","A2PZBG",167,"UBS"
"a4b41c14-562e-45ae-a1ff-8a8e22c762b1","IE00BK72HT65","UBS MSCI World Socially Responsible UCITS ETF hCHF acc","UBS","IE","Physical (Full replication)","0.220","316910000","MSCI World SRI Low Carbon Select 5% Issuer Capped Select 100% hedged to CHF Total Return Net","CHF",NULL,"2026-09-07 20:18:32.92149","2026-09-07 20:18:32.92149","Accumulating","Equities","Art.8","2020-05-07","A2PZBL",360,"UBS"
"dded550d-62dd-43d6-bbc7-90e41f4c0a4c","LU1645386308","UBS J.P. Morgan USD EM Diversified Bond 1-5 UCITS ETF hEUR dis","UBS","LU","Physical + Optimized (equities) / sampled (bonds)","0.380","37270000","J.P. Morgan USD EM Diversified 3% capped 1-5 Year Bond Index hedged to EUR","EUR",NULL,"2026-09-07 20:18:32.921491","2026-09-07 20:18:32.921491","Distributing","Fixed Income","Art.6","2019-11-29","A2DUHW",1035,"UBS"
"7dbb83f8-c27b-4515-a055-9b5fceae5407","LU0940748279","UBS MSCI Pacific ex Japan UCITS ETF USD acc","UBS","LU","Physical (Full replication)","0.140","23200000","MSCI Pacific ex Japan Total Return Net","USD",NULL,"2026-09-07 20:18:32.921492","2026-09-07 20:18:32.921492","Accumulating","Equities","Art.6","2019-11-29","A1W3LC",93,"UBS"
"5b0d0b90-a3dd-4876-8a2c-5bd43de40bde","IE00BDR55471","UBS MSCI ACWI Socially Responsible UCITS ETF USD acc","UBS","IE","Physical (Full replication)","0.250","849340000","MSCI ACWI SRI Low Carbon Select 5% Issuer Capped Total Return Net USD","USD",NULL,"2026-09-07 20:18:32.921494","2026-09-07 20:18:32.921494","Accumulating","Equities","Art.8","2020-01-07","A2PL58",549,"UBS"
"4a14b3da-27f9-4eda-b004-8515dc221433","LU1974694397","UBS J.P. Morgan Global Gov ESG Liquid Bond UCITS ETF hCHF acc","UBS","LU","Physical + Optimized (equities) / sampled (bonds)","0.180","34500000","J.P. Morgan Global Government ESG Liquid Bond hedged to CHF Index (Total Return)","CHF",NULL,"2026-09-07 20:18:32.921495","2026-09-07 20:18:32.921495","Accumulating","Fixed Income","Art.8","2020-01-31","A2PGQW",1482,"UBS"
"edefff5b-f131-4925-9119-275a2f7db452","LU1974696095","UBS J.P. Morgan USD EM IG Screened Diversified Bond UCITS ETF hCHF acc","UBS","LU","Physical + Optimized (equities) / sampled (bonds)","0.430","16880000","J.P. Morgan USD EM IG ESG Diversified Bond hedged to CHF Index (Total Return)","CHF",NULL,"2026-09-07 20:18:32.921496","2026-09-07 20:18:32.921497","Accumulating","Fixed Income","Art.8","2020-02-28","A2PGRB",1273,"UBS"
"7e2279a2-d1e3-41b2-9071-6c1756667f2f","LU1852212023","UBS Sustainable Development Bank Bonds UCITS ETF hGBP dis","UBS","LU","Physical + Optimized (equities) / sampled (bonds)","0.180","118250000","Solactive Global Multilateral Development Bank Bond USD 25% Issuer Capped hedged to GBP","GBP",NULL,"2026-09-07 20:18:32.921498","2026-09-07 20:18:32.921498","Distributing","Fixed Income","Art.9","2020-04-30","A2JQXD",100,"UBS"
"d2e3996a-002f-461f-ab6f-df19c25d2422","LU2098179695","UBS BBG Japan Gov 1-3 UCITS ETF JPY acc","UBS","LU","Physical (Full replication)","0.150","140731640000","Bloomberg Global Japan Treasury 1-3 Year Index (Total Return)","JPY",NULL,"2026-09-07 20:18:32.921499","2026-09-07 20:18:32.921499","Accumulating","Fixed Income","Art.6","2020-04-03","A2PX96",57,"UBS"
"c2c78bc0-4c5e-42aa-b91f-e0f80fac7c5f","LU2099991536","UBS BBG MSCI Global Liquid Corp Sustainable UCITS ETF USD acc","UBS","LU","Physical + Optimized (equities) / sampled (bonds)","0.130","19600000","Bloomberg MSCI Global Liquid Corporates Sustainable Bond Index Total Return","USD",NULL,"2026-09-07 20:18:32.9215","2026-09-07 20:18:32.9215","Accumulating","Fixed Income","Art.8","2020-06-24","A2PYA0",1739,"UBS"
"95387551-96bd-4fb7-86b2-335df0493dd5","LU1974694553","UBS J.P. Morgan Global Gov ESG Liquid Bond UCITS ETF hEUR acc","UBS","LU","Physical + Optimized (equities) / sampled (bonds)","0.180","550720000","J.P. Morgan Global Government ESG Liquid Bond hedged to EUR Index (Total Return)","EUR",NULL,"2026-09-07 20:18:32.921501","2026-09-07 20:18:32.921501","Accumulating","Fixed Income","Art.8","2020-03-31","A2PGQY",1482,"UBS"
"833738bc-0d41-40ac-a026-76e40b22fbc7","LU2095995895","UBS J.P. Morgan CNY China Gov 1-10 UCITS ETF USD acc","UBS","LU","Physical + Optimized (equities) / sampled (bonds)","0.330","12720000","J.P. Morgan China Government + Policy Bank 20% Capped 1-10 Year Index  (Total Return)","USD",NULL,"2026-09-07 20:18:32.921503","2026-09-07 20:18:32.921503","Accumulating","Fixed Income","Art.6","2020-03-31","A2PYAK",177,"UBS"
"a625b9af-d74c-45a8-b39a-b15ff977b8ec","LU1459803059","UBS BBG TIPS 10+ UCITS ETF hEUR acc","UBS","LU","Physical (Full replication)","0.130","23680000","Bloomberg US Government 10+ Year Inflation-Linked Bond Index hedged to EUR","EUR",NULL,"2026-09-07 20:18:32.921505","2026-09-07 20:18:32.921505","Accumulating","Fixed Income","Art.6","2020-03-31","A2APA8",17,"UBS"
"dcd2bf47-47e0-4606-811e-cb211aab32ee","IE00BLDGHX39","UBS US Equity Defensive Covered Call SF UCITS ETF USD acc","UBS","IE","Synthetic","0.200","51060000","US Equity Defensive Covered Call Index Total Return","USD",NULL,"2026-09-07 20:18:32.921507","2026-09-07 20:18:32.921507","Accumulating","Equities","Art.6","2020-07-08","A2P2Z8",NULL,"UBS"
"8e9041b0-b725-4f8c-bf54-1b09a3485684","IE00BLDGHF56","UBS US Equity Defensive Put Write SF UCITS ETF USD acc","UBS","IE","Synthetic","0.290","19580000","US Equity Defensive Put Write Index (TR)","USD",NULL,"2026-09-07 20:18:32.921508","2026-09-07 20:18:32.921508","Accumulating","Equities","Art.6","2020-07-08","A2P2Z7",NULL,"UBS"
"20691853-726d-4c52-9a17-5df19cdae6df","IE00BLDGHT92","UBS Euro Equity Defensive Put Write SF UCITS ETF EUR acc","UBS","IE","Synthetic","0.210","184420000","Euro Equity Defensive Put Write index Total Return","EUR",NULL,"2026-09-07 20:18:32.921509","2026-09-07 20:18:32.921509","Accumulating","Equities","Art.6","2020-07-08","A2P2Z9",NULL,"UBS"
"2886b3c6-fa39-49ce-9c31-951bd42074ac","IE00BLDGHQ61","UBS Euro Equity Defensive Covered Call SF UCITS ETF EUR acc","UBS","IE","Synthetic","0.260","7440000","Euro Equity Defensive Covered Call Index Total Return","EUR",NULL,"2026-09-07 20:18:32.92151","2026-09-07 20:18:32.92151","Accumulating","Equities","Art.6","2020-07-08","A2P20A",NULL,"UBS"
"1a7d16e8-1dbf-442e-a062-58579a3ef4fd","IE00BMC5DV85","UBS CMCI Commodity Carry SF UCITS ETF hEUR acc","UBS","IE","Synthetic","0.340","35440000","UBS CM-BCOM Outperformance Strategy ex-Precious Metals 2.5 Leveraged EUR Hedged Index Net of Cost Total Return","EUR",NULL,"2026-09-07 20:18:32.921512","2026-09-07 20:18:32.921512","Accumulating","Commodities","Art.6","2020-06-11","A2P2W6",NULL,"UBS"
"47576ebc-bf8a-47fe-87bf-985ae6335506","IE00BMC5DW92","UBS CMCI Commodity Carry SF UCITS ETF hCHF acc","UBS","IE","Synthetic","0.340","8400000","UBS CM-BCOM Outperformance Strategy ex-Precious Metals 2.5 Leveraged CHF Hedged Index Net of Cost Total Return","CHF",NULL,"2026-09-07 20:18:32.921513","2026-09-07 20:18:32.921513","Accumulating","Commodities","Art.6","2020-06-11","A2P2W5",NULL,"UBS"
"7a493742-86e0-4074-8d86-c25ccc51ad14","LU0950674928","UBS MSCI Pacific Socially Responsible UCITS ETF USD acc","UBS","LU","Physical (Full replication)","0.280","124660000","MSCI Pacific SRI Low Carbon Select 5% Issuer Capped Total Return Net","USD",NULL,"2026-09-07 20:18:32.921514","2026-09-07 20:18:32.921514","Accumulating","Equities","Art.8","2020-07-02","A1W3LH",71,"UBS"
"032e9403-b7e3-405c-af5d-68441ad79788","LU1169819635","UBS Core MSCI EMU UCITS ETF hCHF acc","UBS","LU","Physical (Full replication)","0.150","702330000","MSCI EMU 100% hedged to CHF Total Return Net","CHF",NULL,"2026-09-07 20:18:32.921515","2026-09-07 20:18:32.921516","Accumulating","Equities","Art.6","2020-06-18","A14MET",220,"UBS"
"a2492413-f631-4914-9f42-e33d403583d4","LU1169819809","UBS Core MSCI EMU UCITS ETF hUSD acc","UBS","LU","Physical (Full replication)","0.150","916400000","MSCI EMU 100% hedged to USD Total Return Net","USD",NULL,"2026-09-07 20:18:32.921517","2026-09-07 20:18:32.921517","Accumulating","Equities","Art.6","2020-06-24","A14MEV",220,"UBS"
"02db3210-ba70-4b1c-a81a-be38c0525026","LU1169819718","UBS Core MSCI EMU UCITS ETF hUSD dis","UBS","LU","Physical (Full replication)","0.150","19800000","MSCI EMU 100% hedged to USD Total Return Net","USD",NULL,"2026-09-07 20:18:32.921518","2026-09-07 20:18:32.921518","Distributing","Equities","Art.6","2020-06-24","A14MEU",220,"UBS"
"d722afb5-dc7f-4016-89a5-a65b03f8c500","LU1169821888","UBS Core MSCI Japan UCITS ETF hCHF acc","UBS","LU","Physical (Full replication)","0.150","366210000","MSCI Japan (hedged CHF) (TRN)","CHF",NULL,"2026-09-07 20:18:32.921519","2026-09-07 20:18:32.921519","Accumulating","Equities","Art.6","2020-06-18","A14ME9",168,"UBS"
"a9733e70-3dd8-482f-abd4-063cdabb4033","LU1169822266","UBS Core MSCI Japan UCITS ETF hEUR acc","UBS","LU","Physical (Full replication)","0.150","275180000","MSCI Japan (hedged EUR) (TRN)","EUR",NULL,"2026-09-07 20:18:32.921521","2026-09-07 20:18:32.921521","Accumulating","Equities","Art.6","2020-06-25","A14MFB",168,"UBS"
"4d05dabf-5ddc-4b08-98d9-cdab8cdb54b0","LU1169822779","UBS Core MSCI Japan UCITS ETF hUSD acc","UBS","LU","Physical (Full replication)","0.150","255230000","MSCI Japan (hedged USD) (TRN)","USD",NULL,"2026-09-07 20:18:32.921522","2026-09-07 20:18:32.921536","Accumulating","Equities","Art.6","2020-06-25","A14MFF",168,"UBS"
"cb95cd3a-a5b2-4e9e-a541-ae8ad32f296f","LU1169822001","UBS Core MSCI Japan UCITS ETF hEUR dis","UBS","LU","Physical (Full replication)","0.150","51590000","MSCI Japan (hedged EUR) (TRN)","EUR",NULL,"2026-09-07 20:18:32.921537","2026-09-07 20:18:32.921537","Distributing","Equities","Art.6","2020-06-25","A14MFA",168,"UBS"
"6f94ba67-c8e7-4ac7-92a1-3cea3cf085f7","LU1169830103","UBS MSCI Switzerland 20/35 UCITS ETF hEUR acc","UBS","LU","Physical (Full replication)","0.230","251740000","MSCI Switzerland 20/35 100% hedged to EUR Total Return Net","EUR",NULL,"2026-09-07 20:18:32.921538","2026-09-07 20:18:32.921539","Accumulating","Equities","Art.6","2020-06-18","A14MGW",40,"UBS"
"a78be435-5eaa-4e57-b32d-9ce65ea8e0de","LU1169830012","UBS MSCI Switzerland 20/35 UCITS ETF hEUR dis","UBS","LU","Physical (Full replication)","0.230","9980000","MSCI Switzerland 20/35 100% hedged to EUR Total Return Net","EUR",NULL,"2026-09-07 20:18:32.92154","2026-09-07 20:18:32.92154","Distributing","Equities","Art.6","2020-06-24","A14MGV",40,"UBS"
"b73e4442-96a5-407d-9164-65afdddfc58a","LU1169830368","UBS MSCI Switzerland 20/35 UCITS ETF hUSD acc","UBS","LU","Physical (Full replication)","0.230","72810000","MSCI Switzerland 20/35 100% hedged to USD Total Return Net","USD",NULL,"2026-09-07 20:18:32.921541","2026-09-07 20:18:32.921541","Accumulating","Equities","Art.6","2020-06-24","A14MGY",40,"UBS"
"88d658c9-93cb-489f-813c-e9134a3086c2","LU1169830285","UBS MSCI Switzerland 20/35 UCITS ETF hUSD dis","UBS","LU","Physical (Full replication)","0.230","8150000","MSCI Switzerland 20/35 100% hedged to USD Total Return Net","USD",NULL,"2026-09-07 20:18:32.921543","2026-09-07 20:18:32.921543","Distributing","Equities","Art.6","2020-06-24","A14MGX",40,"UBS"
"0b89968c-cec2-4f75-900d-563f58bb401c","LU1169821029","UBS MSCI United Kingdom UCITS ETF hEUR dis","UBS","LU","Physical (Full replication)","0.230","15660000","MSCI United Kingdom 100% hedged to EUR Total Return Net","EUR",NULL,"2026-09-07 20:18:32.921544","2026-09-07 20:18:32.921544","Distributing","Equities","Art.6","2023-11-15","A14ME2",66,"UBS"
"90071348-a30b-45eb-8103-8d17e01b3feb","LU1169821375","UBS MSCI United Kingdom UCITS ETF hUSD dis","UBS","LU","Physical (Full replication)","0.230","43340000","MSCI United Kingdom 100% hedged to USD Total Return Net","USD",NULL,"2026-09-07 20:18:32.921545","2026-09-07 20:18:32.921545","Distributing","Equities","Art.6","2023-11-15","A14ME4",66,"UBS"
"f0f38ae1-5d20-492c-be85-95a3d0a50f7a","LU1169820997","UBS MSCI United Kingdom UCITS ETF hCHF acc","UBS","LU","Physical (Full replication)","0.230","347510000","MSCI United Kingdom 100% hedged to CHF Total Return Net","CHF",NULL,"2026-09-07 20:18:32.921547","2026-09-07 20:18:32.921547","Accumulating","Equities","Art.6","2020-06-18","A14ME1",66,"UBS"
"65db70f5-a608-4e8f-8086-c5f493d0ffa3","LU1169821292","UBS MSCI United Kingdom UCITS ETF hEUR acc","UBS","LU","Physical (Full replication)","0.230","582940000","MSCI United Kingdom 100% hedged to EUR Total Return Net","EUR",NULL,"2026-09-07 20:18:32.921548","2026-09-07 20:18:32.921548","Accumulating","Equities","Art.6","2020-06-24","A14ME3",66,"UBS"
"5a6dfdd9-338d-4c25-8db3-4311a7c2895b","LU1169821458","UBS MSCI United Kingdom UCITS ETF hUSD acc","UBS","LU","Physical (Full replication)","0.230","1165700000","MSCI United Kingdom 100% hedged to USD Total Return Net","USD",NULL,"2026-09-07 20:18:32.921549","2026-09-07 20:18:32.921549","Accumulating","Equities","Art.6","2020-06-24","A14ME5",66,"UBS"
"6f56d1f7-b5ab-42bb-9f57-a9919b165c41","LU2194286006","UBS J.P. Morgan EMU Gov ESG Liquid Bond UCITS ETF EUR acc","UBS","LU","Physical + Optimized (equities) / sampled (bonds)","0.170","13770000","J.P. Morgan EMU Government ESG Liquid Bond Index","EUR",NULL,"2026-09-07 20:18:32.921551","2026-09-07 20:18:32.921551","Accumulating","Fixed Income","Art.8","2020-09-01","A2P7AD",492,"UBS"
"b9afc493-7dc8-46e5-9df3-5414bb223259","LU1484799926","UBS BBG MSCI Euro Area Liquid Corp Sustainable UCITS ETF hUSD dis","UBS","LU","Physical + Optimized (equities) / sampled (bonds)","0.160","8690000","Bloomberg MSCI Euro Area Liquid Corporates Sustainable hedged to USD Index","USD",NULL,"2026-09-07 20:18:32.921552","2026-09-07 20:18:32.921552","Distributing","Fixed Income","Art.8","2020-08-05","A2AQ6F",793,"UBS"
"dd3c51cf-adb5-44d9-8bf6-11ea49a8eb59","LU2099992260","UBS BBG MSCI Global Liquid Corp Sustainable UCITS ETF hEUR acc","UBS","LU","Physical + Optimized (equities) / sampled (bonds)","0.160","48280000","Bloomberg MSCI Global Liquid Corporates Sustainable hedged to EUR Index","EUR",NULL,"2026-09-07 20:18:32.921553","2026-09-07 20:18:32.921553","Accumulating","Fixed Income","Art.8","2020-08-31","A2PYA5",1739,"UBS"
"04d8e41f-8b4c-4314-8586-dfd96656725b","LU1974694041","UBS J.P. Morgan Global Gov ESG Liquid Bond UCITS ETF hUSD acc","UBS","LU","Physical + Optimized (equities) / sampled (bonds)","0.180","69430000","J.P. Morgan Global Government ESG Liquid Bond hedged to USD Index (Total Return)","USD",NULL,"2026-09-07 20:18:32.921555","2026-09-07 20:18:32.921555","Accumulating","Fixed Income","Art.8","2020-10-14","A2PGQU",1482,"UBS"
"29f30105-eadd-455a-bf25-3d9b2a5c49f7","LU1974694637","UBS J.P. Morgan Global Gov ESG Liquid Bond UCITS ETF hGBP dis","UBS","LU","Physical + Optimized (equities) / sampled (bonds)","0.180","12470000","J.P. Morgan Global Government ESG Liquid Bond hedged to GBP Index (Total Return)","GBP",NULL,"2026-09-07 20:18:32.921556","2026-09-07 20:18:32.921556","Distributing","Fixed Income","Art.8","2020-10-14","A2PGQZ",1482,"UBS"
"417b4005-4ca0-48b8-a750-14ecd0f190e8","IE00BLSN7W87","UBS S&P 500 ESG Elite UCITS ETF hEUR acc","UBS","IE","Physical (Full replication)","0.180","217320000","S&P 500 ESG Elite Total Return Net hedged to EUR","EUR",NULL,"2026-09-07 20:18:32.921558","2026-09-07 20:18:32.921559","Accumulating","Equities","Art.8","2021-03-05","A2QMFY",118,"UBS"
"7c07bfcd-adaa-45ec-905c-e818fec0d26c","IE00BLSN7X94","UBS S&P 500 ESG Elite UCITS ETF hGBP dis","UBS","IE","Physical (Full replication)","0.180","9040000","S&P 500 ESG Elite Total Return Net hedged to GBP","GBP",NULL,"2026-09-07 20:18:32.92156","2026-09-07 20:18:32.92156","Distributing","Equities","Art.8","2021-03-05","A2QMFZ",118,"UBS"
"aa4ac979-fe93-4a31-bdfe-581e322c1577","IE00BLSN7P11","UBS S&P 500 ESG Elite UCITS ETF USD acc","UBS","IE","Physical (Full replication)","0.150","652990000","S&P 500 ESG Elite Total Return Net","USD",NULL,"2026-09-07 20:18:32.921561","2026-09-07 20:18:32.921561","Accumulating","Equities","Art.8","2021-02-18","A2QMF1",118,"UBS"
"119cb5b0-8a9b-47af-834b-000e5eb7c9d0","LU2250132763","UBS MSCI Switzerland IMI Socially Responsible UCITS ETF CHF acc","UBS","LU","Physical (Full replication)","0.280","332860000","MSCI Switzerland IMI SRI Low Carbon Select 5% Issuer Capped Total Return Net","CHF",NULL,"2026-09-07 20:18:32.921563","2026-09-07 20:18:32.921563","Accumulating","Equities","Art.8","2021-02-26","A2QJ83",64,"UBS"
"387ad6ab-267d-4b5e-b414-9577fcf3c0a8","LU2206598109","UBS MSCI Europe Socially Responsible UCITS ETF hEUR acc","UBS","LU","Physical (Full replication)","0.210","3470000","MSCI Europe SRI Low Carbon Select 5% Issuer Capped 100% hedged to EUR Total Return Net","EUR",NULL,"2026-09-07 20:18:32.921564","2026-09-07 20:18:32.921564","Accumulating","Equities","Art.8","2021-02-26","A2P93L",111,"UBS"
"cc20ac03-e13c-4e24-96bc-bd931967c964","LU2206597804","UBS MSCI Europe Socially Responsible UCITS ETF EUR acc","UBS","LU","Physical (Full replication)","0.180","61460000","MSCI Europe SRI Low Carbon Select 5% Issuer Capped Total Return Net","EUR",NULL,"2026-09-07 20:18:32.921565","2026-09-07 20:18:32.921565","Accumulating","Equities","Art.8","2021-02-26","A2P93H",111,"UBS"
"47f8c986-fe0b-4736-ab2d-5e83acc94b60","LU2265794276","UBS Solactive China Technology UCITS ETF USD acc","UBS","LU","Physical (Full replication)","0.470","242470000","Solactive China Technology (NTR)","USD",NULL,"2026-09-07 20:18:32.921566","2026-09-07 20:18:32.921566","Accumulating","Equities","Art.6","2021-03-05","A2QJ9G",99,"UBS"
"cecfa760-d190-498b-9f7f-af31ff061e74","LU2265794946","UBS Solactive China Technology UCITS ETF hEUR acc","UBS","LU","Physical (Full replication)","0.500","105300000","Solcative China Technology (NTR) (hedged EUR)","EUR",NULL,"2026-09-07 20:18:32.921568","2026-09-07 20:18:32.921568","Accumulating","Equities","Art.6","2021-03-05","A2QJ9P",99,"UBS"
"adeb8be3-89fc-449b-a00e-dfd882476221","IE00BN4PXC48","UBS Climate Aware Global Developed Equity CTB UCITS ETF USD acc","UBS","IE","Physical (Full replication)","0.190","20020000","Solactive UBS Climate Aware Global Developed Equity CTB Net Total Return Index NTR USD","USD",NULL,"2026-09-07 20:18:32.921569","2026-09-07 20:18:32.921569","Accumulating","Equities","Art.9","2021-02-26","A2QNQK",818,"UBS"
"fb895aea-9687-4d5a-9574-c83411ad8742","IE00BN4Q0370","UBS MSCI World ex USA Climate Paris Aligned UCITS ETF USD acc","UBS","IE","Physical (Full replication)","0.150","65010000","MSCI World ex USA Climate Paris Aligned PAB USD Net Total Return Index","USD",NULL,"2026-09-07 20:18:32.92157","2026-09-07 20:18:32.92157","Accumulating","Equities","Art.9","2021-03-11","A2QNQJ",420,"UBS"
"25de1fe6-88ba-46d5-8e01-7b3f0ca0f743","IE00BN4Q0L55","UBS MSCI EMU Climate Paris Aligned UCITS ETF EUR acc","UBS","IE","Physical (Full replication)","0.140","4790000","MSCI EMU Climate Paris Aligned PAB EUR Net Total Return Index","EUR",NULL,"2026-09-07 20:18:32.921572","2026-09-07 20:18:32.921572","Accumulating","Equities","Art.9","2021-03-09","A2QNQH",122,"UBS"
"53c434e2-fddf-45f4-8087-ad7a5a8f7305","IE00BN4Q0X77","UBS MSCI Japan Climate Paris Aligned UCITS ETF JPY acc","UBS","IE","Physical (Full replication)","0.120","25751920000","MSCI Japan Climate Paris Aligned PAB Index JPY Net Total Return Index","JPY",NULL,"2026-09-07 20:18:32.921573","2026-09-07 20:18:32.921573","Accumulating","Equities","Art.9","2021-03-11","A2QNQP",44,"UBS"
"b6120b8d-59ba-441a-8850-e093bde8fcd3","IE00BN4Q0602","UBS MSCI USA Climate Paris Aligned UCITS ETF USD acc","UBS","IE","Physical (Full replication)","0.090","136710000","MSCI USA Climate Paris Aligned PAB USD Net Total Return Index","USD",NULL,"2026-09-07 20:18:32.921574","2026-09-07 20:18:32.921574","Accumulating","Equities","Art.9","2021-03-09","A2QNQQ",102,"UBS"
"e2d4289f-7ab4-4e20-acf2-2add72794dd3","IE00BN4Q0933","UBS MSCI Europe Climate Paris Aligned UCITS ETF EUR acc","UBS","IE","Physical (Full replication)","0.150","5480000","MSCI Europe Climate Paris Aligned PAB EUR Net Total Return Index","EUR",NULL,"2026-09-07 20:18:32.921576","2026-09-07 20:18:32.921576","Accumulating","Equities","Art.9","2021-03-09","A2QNQM",254,"UBS"
"13beca91-2bf1-4447-a676-b67470874d0e","IE00BN4Q1675","UBS MSCI EM Climate Paris Aligned UCITS ETF USD acc","UBS","IE","Physical + Optimized (equities) / sampled (bonds)","0.160","727240000","MSCI Emerging Markets Climate Paris Aligned PAB USD Net Total Return Index","USD",NULL,"2026-09-07 20:18:32.921577","2026-09-07 20:18:32.921577","Accumulating","Equities","Art.9","2021-08-05","A2QNQL",331,"UBS"
"4519d654-c84c-4308-a0f4-fc68d08e1af2","IE00BN4Q0P93","UBS MSCI ACWI Climate Paris Aligned UCITS ETF USD acc","UBS","IE","Physical (Full replication)","0.180","251970000","MSCI ACWI Climate Paris Aligned PAB USD Total Return Net Index","USD",NULL,"2026-09-07 20:18:32.921578","2026-09-07 20:18:32.921579","Accumulating","Equities","Art.9","2021-08-04","A2QNQN",622,"UBS"
"495d7fdf-2d73-4dd8-906d-7fd9f29ff133","CH0590186661","UBS SPI® ESG ETF CHF acc","UBS","CH","Physical (Full replication)","0.150","2697950000","SPI® ESG weighted Total Return","CHF",NULL,"2026-09-07 20:18:32.92158","2026-09-07 20:18:32.92158","Accumulating","Equities","Art.8","2021-02-23","A2QN8C",170,"UBS"
"3951cdd4-7c0b-439a-b08b-dd2a82b381e2","LU2099991882","UBS BBG MSCI Global Liquid Corp Sustainable UCITS ETF hUSD acc","UBS","LU","Physical + Optimized (equities) / sampled (bonds)","0.160","14020000","Bloomberg MSCI Global Liquid Corporates Sustainable hedged to USD Index","USD",NULL,"2026-09-07 20:18:32.921581","2026-09-07 20:18:32.921581","Accumulating","Fixed Income","Art.8","2021-03-31","A2PYA9",1739,"UBS"
"dd2a36b0-af28-4129-bff5-c1127ae2c492","IE00BM9TV208","UBS S&P Dividend Aristocrats ESG Elite UCITS ETF hEUR dis","UBS","IE","Physical (Full replication)","0.330","52780000","S&P Developed ESG Elite Dividend Aristocrats All Currencies Ex-KRW EUR Hedged Index (Net Return)","EUR",NULL,"2026-09-07 20:18:32.921582","2026-09-07 20:18:32.921582","Distributing","Equities","Art.8","2021-09-15","A3CMCV",99,"UBS"
"1ad36cbf-2105-4083-bbc1-83ce56ef6f22","IE00BNC0MH93","UBS MSCI EM ex China Socially Responsible UCITS ETF USD acc","UBS","IE","Physical (Full replication)","0.200","18660000","MSCI Emerging Markets ex China SRI Low Carbon Select 5% Issuer Capped Index","USD",NULL,"2026-09-07 20:18:32.921584","2026-09-07 20:18:32.921584","Accumulating","Equities","Art.8","2024-03-20","A3CM9W",NULL,"UBS"
"eeb10f48-0552-40f0-92a7-95340cb6095d","IE00BNC0MD55","UBS MSCI Japan Universal UCITS ETF JPY acc","UBS","IE","Physical (Full replication)","0.150","1953100000","MSCI Japan Universal Low Carbon Select 5% Issuer Capped Index (Net Total Return)","JPY",NULL,"2026-09-07 20:18:32.921585","2026-09-07 20:18:32.921585","Accumulating","Equities","Art.8","2021-07-21","A3CM9V",156,"UBS"
"21ee7518-753d-4244-b255-ce22d6456e83","IE00BNC0M350","UBS MSCI USA Universal UCITS ETF USD acc","UBS","IE","Physical (Full replication)","0.070","3960000","MSCI USA Universal Low Carbon Select 5% Issuer Capped Index (Net Total Return)","USD",NULL,"2026-09-07 20:18:32.921587","2026-09-07 20:18:32.921587","Accumulating","Equities","Art.8","2021-07-20","A3CM9R",462,"UBS"
"82f4f93b-a229-461a-93fb-cc3a18972a49","IE00BNC0M913","UBS MSCI EMU Universal UCITS ETF EUR acc","UBS","IE","Physical (Full replication)","0.120","224820000","MSCI EMU Universal Low Carbon Select 5% Issuer Capped Index (Net Total Return)","EUR",NULL,"2026-09-07 20:18:32.921588","2026-09-07 20:18:32.921588","Accumulating","Equities","Art.8","2021-07-22","A3CM9U",195,"UBS"
"44ad208f-fcf1-45de-ab4f-02fbf87f7761","IE00BKSCBW67","UBS MSCI World Small Cap Socially Responsible UCITS ETF USD dis","UBS","IE","Physical (Full replication)","0.230","78870000","MSCI World Small Cap SRI Low Carbon Select 5% Issuer Capped","USD",NULL,"2026-09-07 20:18:32.921589","2026-09-07 20:18:32.921589","Distributing","Equities","Art.8","2021-08-19","A3CMCU",737,"UBS"
"b51470cf-79f9-4480-8c9b-7b1921af3bec","IE00BKSCBX74","UBS MSCI World Small Cap Socially Responsible UCITS ETF USD acc","UBS","IE","Physical (Full replication)","0.230","743520000","MSCI World Small Cap SRI Low Carbon Select 5% Issuer Capped","USD",NULL,"2026-09-07 20:18:32.92159","2026-09-07 20:18:32.921591","Accumulating","Equities","Art.8","2021-08-19","A3CMCT",737,"UBS"
"e586bf66-0e8e-43d7-aaca-df295c6ada83","IE000BKMMHF9","UBS MSCI Pacific ex Japan IMI Socially Responsible UCITS ETF USD acc","UBS","IE","Physical (Full replication)","0.190","2130000","MSCI Pacific ex Japan IMI Extended SRI Low Carbon Select 5% Issuer Capped Index","USD",NULL,"2026-09-07 20:18:32.921592","2026-09-07 20:18:32.921592","Accumulating","Equities","Art.8","2022-06-22","A3DE9V",157,"UBS"
"a86aef8e-368c-42a5-b295-e27e09d21329","IE000BAF6X29","UBS MSCI Pacific ex Japan IMI Socially Responsible UCITS ETF hEUR acc","UBS","IE","Physical (Full replication)","0.220","1360000","MSCI Pacific ex Japan IMI Extended SRI Low Carbon Select 5% Issuer Capped 100% Hedged to EUR Index","EUR",NULL,"2026-09-07 20:18:32.921593","2026-09-07 20:18:32.921594","Accumulating","Equities","Art.8","2022-06-22","A3DE9X",157,"UBS"
"1f11559c-efbe-4acb-bb4f-ad76fb9d189a","LU2099992005","UBS BBG MSCI Global Liquid Corp Sustainable UCITS ETF hCHF acc","UBS","LU","Physical + Optimized (equities) / sampled (bonds)","0.160","37410000","Bloomberg MSCI Global Liquid Corporates Sustainable hedged to CHF Index","CHF",NULL,"2026-09-07 20:18:32.921595","2026-09-07 20:18:32.921595","Accumulating","Fixed Income","Art.8","2022-01-11","A2PYA3",1739,"UBS"
"97b66ff2-4035-40fe-9614-6adea9cdff39","LU2408467723","UBS BBG MSCI US Liquid Corp 1-5 Sustainable UCITS ETF USD acc","UBS","LU","Physical + Optimized (equities) / sampled (bonds)","0.150","9230000","Bloomberg MSCI US Liquid Corporates 1-5 Year Sustainable Index (Total Return)","USD",NULL,"2026-09-07 20:18:32.921598","2026-09-07 20:18:32.921598","Accumulating","Fixed Income","Art.8","2022-03-31","A3C84K",215,"UBS"
"8e5eb2d8-3468-4dc5-a39d-80f8b7341d06","LU2408468291","UBS BBG MSCI US Liquid Corp 1-5 Sustainable UCITS ETF hEUR acc","UBS","LU","Physical + Optimized (equities) / sampled (bonds)","0.180","85910000","Bloomberg MSCI US Liquid Corporates 1-5 Year Sustainable Index (Total Return) hedged in EUR","EUR",NULL,"2026-09-07 20:18:32.921599","2026-09-07 20:18:32.921599","Accumulating","Fixed Income","Art.8","2022-03-31","A3C84J",215,"UBS"
"9d556907-2da1-4ab6-ba83-01b590607b09","IE000JHYO4T6","UBS MSCI Japan Climate Paris Aligned UCITS ETF ir-hEUR acc","UBS","IE","Physical (Full replication)","0.150","30090000","MSCI Japan Climate Paris Aligned PAB Select Corridor Hedged to EUR NTR Index","EUR",NULL,"2026-09-07 20:18:32.921601","2026-09-07 20:18:32.921601","Accumulating","Equities","Art.9","2022-05-06","A3DE9T",44,"UBS"
"a857f283-6e2e-4c2a-b224-2f0237dc86ff","LU2408468887","UBS BBG MSCI US Liquid Corp 1-5 Sustainable UCITS ETF hCHF acc","UBS","LU","Physical + Optimized (equities) / sampled (bonds)","0.180","18070000","Bloomberg MSCI US Liquid Corporates 1-5 Year Sustainable Index (Total Return) hedged in CHF","CHF",NULL,"2026-09-07 20:18:32.921602","2026-09-07 20:18:32.921602","Accumulating","Fixed Income","Art.8","2022-03-31","A3C9CA",215,"UBS"
"e986aa33-612b-4c87-9034-143ec7b4b1df","LU2484583302","UBS Global Green Bond ESG 1–10 UCITS ETF hEUR acc","UBS","LU","Physical + Optimized (equities) / sampled (bonds)","0.180","2350000","Bloomberg MSCI Global Green Bond 1-10 Year Sustainability Select Index (hedged) in EUR","EUR",NULL,"2026-09-07 20:18:32.921603","2026-09-07 20:18:32.921604","Accumulating","Fixed Income","Art.8","2023-06-08","A3DUF4",NULL,"UBS"
"9f6ea6e5-dffc-46b6-bc18-c9a62cdcf579","LU2484583138","UBS Global Green Bond ESG 1–10 UCITS ETF USD acc","UBS","LU","Physical + Optimized (equities) / sampled (bonds)","0.150","17450000","Bloomberg MSCI Global Green Bond 1-10 Year Sustainability Select Index","USD",NULL,"2026-09-07 20:18:32.921605","2026-09-07 20:18:32.921605","Accumulating","Fixed Income","Art.8","2023-06-08","A3DUF2",NULL,"UBS"
"962bf1be-aa9c-485c-9686-3ca2688dd381","LU0950669845","UBS MSCI EMU Value UCITS ETF EUR acc","UBS","LU","Physical (Full replication)","0.250","101570000","MSCI EMU Value Total Return Net","EUR",NULL,"2026-09-07 20:18:32.921606","2026-09-07 20:18:32.921606","Accumulating","Equities","Art.6","2022-08-18","A1W294",141,"UBS"
"fa797402-48b3-407f-a2ad-59f9c13d9122","LU0950670777","UBS SBI® Foreign AAA-BBB 1-5 ESG UCITS ETF CHF acc","UBS","LU","Physical + Optimized (equities) / sampled (bonds)","0.200","141000000","SBI® ESG Foreign AAA-BBB 1-5 Total Return","CHF",NULL,"2026-09-07 20:18:32.921607","2026-09-07 20:18:32.921607","Accumulating","Fixed Income","Art.8","2022-10-07","A1W25W",333,"UBS"
"515f2352-3538-4eb7-9382-c3a763e5860c","IE0003VC1PW8","UBS MSCI AC Asia ex Japan Selection UCITS ETF USD acc","UBS","IE","Physical + Optimized (equities) / sampled (bonds)","0.300","10450000","MSCI AC Asia ex Japan Selection Low Carbon Select 5% Issuer Capped Index (Net Total Return)","USD",NULL,"2026-09-07 20:18:32.921608","2026-09-07 20:18:32.921609","Accumulating","Equities","Art.8","2023-06-26","A3DTWG",NULL,"UBS"
"7c79791e-0c2a-4416-b860-79d1e78d59b9","IE000XN05VU8","UBS MSCI Australia Universal UCITS ETF AUD acc","UBS","IE","Physical (Full replication)","0.430","86560000","MSCI Australia Universal Low Carbon Select 5% Issuer Capped Index (Net Total Return)","AUD",NULL,"2026-09-07 20:18:32.92161","2026-09-07 20:18:32.92161","Accumulating","Equities",NULL,"2023-04-20","A3DTWE",NULL,"UBS"
"236cc891-54ca-48f7-8370-30365e1f49c9","CH1233056329","UBS Carbon Compensated Gold ETF USD acc","UBS","CH","Physical (Full replication)","0.300","38740000","Carbon Neutral LBMA Gold USD Index","USD",NULL,"2026-09-07 20:18:32.921611","2026-09-07 20:18:32.921611","Accumulating","Commodities","Art.8","2023-03-02","A3D4XK",NULL,"UBS"
"8fe45259-9ac6-414f-925b-5bf991d82535","IE000JQ2IJD3","UBS S&P USA Dividend Aristocrats ESG Elite UCITS ETF USD dis","UBS","IE","Physical (Full replication)","0.200","7460000","S&P ESG Elite High Yield Dividend Aristocrats","USD",NULL,"2026-09-07 20:18:32.921613","2026-09-07 20:18:32.921613","Distributing","Equities","Art.8","2023-06-26","A3D46D",NULL,"UBS"
"94111a0e-88c5-472f-ac61-f253cdabf4fe","IE000S6476U8","UBS S&P USA Dividend Aristocrats ESG Elite UCITS ETF hEUR dis","UBS","IE","Physical (Full replication)","0.230","500000","S&P ESG Elite High Yield Dividend Aristocrats hedged to EUR Index","EUR",NULL,"2026-09-07 20:18:32.921614","2026-09-07 20:18:32.921614","Distributing","Equities","Art.8","2023-06-26","A3D46G",NULL,"UBS"
"dd8d81ec-7b93-475b-8b95-301e65978482","CH1244681594","UBS MSCI Swiss Dividend ETF CHF dis","UBS","CH","Physical (Full replication)","0.200","62760000","MSCI Switzerland IMI High Dividend Yield Index (Net Total Return)","CHF",NULL,"2026-09-07 20:18:32.921615","2026-09-07 20:18:32.921615","Distributing","Equities","Art.8","2023-03-31","A3ECEZ",17,"UBS"
"c3b81220-c82f-4fa6-af7b-f2de5673c49f","IE000S9T0WR9","UBS Factor MSCI USA Quality Screened UCITS ETF hCHF acc","UBS","IE","Physical (Full replication)","0.280","39250000","MSCI USA Quality Advanced Target Select 100% Hedged to CHF Index (Net Total Return)","CHF",NULL,"2026-09-07 20:18:32.921616","2026-09-07 20:18:32.921616","Accumulating","Equities","Art.8","2023-04-25","A3D7XQ",100,"UBS"
"e419802f-fd09-47fc-8595-31f55a4c8267","IE000WJCYGB4","UBS CMCI Future Commodity SF UCITS ETF USD acc","UBS","IE","Synthetic","0.340","1660000","UBS CMCI Future Commodity Index","USD",NULL,"2026-09-07 20:18:32.921618","2026-09-07 20:18:32.921618","Accumulating","Commodities","Art.8","2023-05-24",NULL,NULL,"UBS"
"ddfab5f1-ce92-4ab5-96c5-b6d9eb6ed1f4","LU2098180271","UBS BBG Japan Gov 1-3 UCITS ETF hEUR acc","UBS","LU","Physical (Full replication)","0.180","4300000","Bloomberg Global Japan Treasury 1-3 Year hedged to EUR Total Return Net","EUR",NULL,"2026-09-07 20:18:32.921619","2026-09-07 20:18:32.921619","Accumulating","Fixed Income","Art.6","2023-06-16","A2PYAB",NULL,"UBS"
"4c3705a1-4ca8-472e-8c52-c6d3a2330d6c","IE000RW7V8Q4","UBS EUR Ultra-Short Bond Screened UCITS ETF EUR acc","UBS","IE","Physical + Optimized (equities) / sampled (bonds)","0.080","32520000","Solactive EUR Ultra-Short diversified Bond ESG Index (Total Return)","EUR",NULL,"2026-09-07 20:18:32.92162","2026-09-07 20:18:32.92162","Accumulating","Fixed Income","Art.8","2024-03-19","A401NL",NULL,"UBS"
"1f7f9f80-111d-480a-b354-097e09c8366a","LU1645385912","UBS J.P. Morgan USD EM Diversified Bond 1-5 UCITS ETF USD acc","UBS","LU","Physical + Optimized (equities) / sampled (bonds)","0.350","1350000","J.P. Morgan USD EM Diversified 3% capped 1-5 Year Bond Index","USD",NULL,"2026-09-07 20:18:32.921621","2026-09-07 20:18:32.921622","Accumulating","Fixed Income","Art.6","2023-09-29","A2DUHS",NULL,"UBS"
"eb222a4c-33ae-459b-8e2e-47ccfa13b634","LU0950677863","UBS SBI® Foreign AAA-BBB 5-10 ESG UCITS ETF CHF acc","UBS","LU","Physical + Optimized (equities) / sampled (bonds)","0.200","116380000","SBI® ESG Foreign AAA-BBB 5-10 Total Return","CHF",NULL,"2026-09-07 20:18:32.921624","2026-09-07 20:18:32.921624","Accumulating","Fixed Income","Art.8","2023-11-21","A1W21V",205,"UBS"
"aed6ffc9-668e-4127-b654-18b130909fea","IE000S4A5WE2","UBS S&P 500 Climate Transition ESG UCITS ETF USD acc","UBS","IE","Physical (Full replication)","0.070","5970000","S&P 500 Climate Transition Base ESG Index (Net Return) in USD","USD",NULL,"2026-09-07 20:18:32.921626","2026-09-07 20:18:32.921626","Accumulating","Equities","Art.9","2024-03-18","A3E16L",NULL,"UBS"
"57b72623-2179-47de-bd0c-e6cfe1abae62","IE0009WWNY77","UBS S&P 500 Climate Transition ESG UCITS ETF hEUR acc","UBS","IE","Physical (Full replication)","0.100","570000","S&P 500 Climate Transition Base ESG Index (Net Return) hedged to EUR","EUR",NULL,"2026-09-07 20:18:32.921627","2026-09-07 20:18:32.921627","Accumulating","Equities","Art.9","2024-03-18","A3E16M",NULL,"UBS"
"ccad1ffe-3467-4002-af29-9d96a84c3f64","IE00049BN7O1","UBS S&P 500 Climate Transition ESG UCITS ETF hGBP dis","UBS","IE","Physical (Full replication)","0.100","850000","S&P 500 Climate Transition Base ESG Index (Net Return) hedged to GBP","GBP",NULL,"2026-09-07 20:18:32.921628","2026-09-07 20:18:32.921628","Distributing","Equities","Art.9","2024-03-18","A3E16N",NULL,"UBS"
"eefcecb1-0739-43bd-971a-89c1c4bc7bf5","IE000N6LBS91","UBS Core MSCI World UCITS ETF hCHF acc","UBS","IE","Physical (Full replication)","0.130","1044819999","MSCI World 100% hedged to CHF Index","CHF",NULL,"2026-09-07 20:18:32.921629","2026-09-07 20:18:32.921629","Accumulating","Equities","Art.6","2024-03-12","A3EYDY",1280,"UBS"
"3ea3dcf8-dcf6-4715-ad29-3c135c70032f","IE0004YRJHW4","UBS MSCI Canada Universal UCITS ETF CAD acc","UBS","IE","Physical (Full replication)","0.330","603300000","MSCI Canada Universal Low Carbon Select 5% Issuer Capped Index (Net Total Return)","CAD",NULL,"2026-09-07 20:18:32.92163","2026-09-07 20:18:32.921631","Accumulating","Equities","Art.8","2024-03-19","A3E2W8",NULL,"UBS"
"f1e29988-bb86-4ea8-a1e3-27c28ad9efc1","IE000OULL4R4","UBS MSCI USA NSL UCITS ETF USD acc","UBS","IE","Physical (Full replication)","0.090","3541180000","MSCI USA","USD",NULL,"2026-09-07 20:18:32.921632","2026-09-07 20:18:32.921632","Accumulating","Equities","Art.6","2024-08-26","A40EWW",NULL,"UBS"
"e50839aa-ac9c-4656-8ab6-d21f36db1d0b","IE00063GNWK1","UBS MSCI USA Selection UCITS ETF USD acc","UBS","IE","Physical (Full replication)","0.100","2926550000","MSCI USA Selection (NTR)","USD",NULL,"2026-09-07 20:18:32.921633","2026-09-07 20:18:32.921633","Accumulating","Equities","Art.8","2024-08-26","A40EWX",NULL,"UBS"
"2581b623-2999-4d17-b513-6715d2716fd7","IE000TG1LGI4","UBS MSCI World Selection UCITS ETF USD acc","UBS","IE","Physical (Full replication)","0.150","782030000","MSCI World Selection Index (Net Total Return)","USD",NULL,"2026-09-07 20:18:32.921636","2026-09-07 20:18:32.921636","Accumulating","Equities","Art.8","2024-08-26","A40EWY",NULL,"UBS"
"11ac02ad-02c8-429e-a37b-b6ccd87c71c5","IE000F0DNOJ1","UBS MSCI World Selection UCITS ETF hCHF acc","UBS","IE","Physical (Full replication)","0.180","284160000","MSCI World Selection 100% Hedged to CHF Index (Net Total Return)","CHF",NULL,"2026-09-07 20:18:32.921637","2026-09-07 20:18:32.921637","Accumulating","Equities","Art.8","2024-08-26","A40EWR",NULL,"UBS"
"4fdc9378-c04a-466e-95ba-7f411cd8a99b","IE0009W21NT4","UBS MSCI World Selection UCITS ETF hEUR acc","UBS","IE","Physical (Full replication)","0.180","97120000","MSCI World Selection 100% Hedged to EUR Index (Net Total Return)","EUR",NULL,"2026-09-07 20:18:32.921639","2026-09-07 20:18:32.921639","Accumulating","Equities","Art.8","2024-08-26","A40EWT",NULL,"UBS"
"7ced12bd-643e-4cd3-a8c0-a867750b72a3","IE000XFXBGR0","UBS MSCI USA Small Cap Selection UCITS ETF USD acc","UBS","IE","Physical (Full replication)","0.200","320060000","MSCI USA Small Cap Selection Index (Net Total Return)","USD",NULL,"2026-09-07 20:18:32.92164","2026-09-07 20:18:32.92164","Accumulating","Equities","Art.8","2024-08-26","A40EWV",NULL,"UBS"
"7502a5e8-a564-4746-a610-e3a50cb2c891","IE0003B4BV34","UBS MSCI USA Tech 125 Universal UCITS ETF USD acc","UBS","IE","Physical (Full replication)","0.180","33800000","MSCI USA Tech 125 Universal Index (Net Total Return)","USD",NULL,"2026-09-07 20:18:32.921641","2026-09-07 20:18:32.921641","Accumulating","Equities","Art.8","2024-08-26","A40EWZ",NULL,"UBS"
"d18c9dd0-4027-4a6f-8e7d-17c4659cec03","IE000EJ2EHO7","UBS Factor MSCI World Selection Minimum Volatility UCITS ETF USD acc","UBS","IE","Physical (Full replication)","0.250","286800000","MSCI World Selection Minimum Volatility Index (Net Total Return)","USD",NULL,"2026-09-07 20:18:32.921643","2026-09-07 20:18:32.921643","Accumulating","Equities","Art.8","2024-08-26","A40EWS",NULL,"UBS"
"619f742b-4d1a-4f7b-a4d8-c40321569767","IE000H3AH951","UBS FTSE EPRA Nareit Developed Green UCITS ETF USD dis","UBS","IE","Physical (Full replication)","0.250","202580000","FTSE EPRA Nareit Developed Green Index","USD",NULL,"2026-09-07 20:18:32.921644","2026-09-07 20:18:32.921644","Distributing","Equities","Art.8","2024-08-26","A40EWU",NULL,"UBS"
"eeea4eb5-acfe-4b14-95c7-71966b2d2d0f","IE000TB15RC6","UBS Core MSCI World UCITS ETF hEUR acc","UBS","IE","Physical (Full replication)","0.130","958580000","MSCI World 100% hedged to EUR Index","EUR",NULL,"2026-09-07 20:18:32.921645","2026-09-07 20:18:32.921645","Accumulating","Equities","Art.6","2024-04-24","A404WY",1280,"UBS"
"925ca937-eb22-4259-84f9-db7d911bd1d2","IE000KLSD4Y8","UBS Core MSCI World UCITS ETF hGBP dis","UBS","IE","Physical (Full replication)","0.130","96030000","MSCI World 100% hedged to GBP Index","GBP",NULL,"2026-09-07 20:18:32.921646","2026-09-07 20:18:32.921647","Distributing","Equities","Art.6","2024-04-24","A404WZ",1280,"UBS"
"1c1c4f85-81a1-4012-8185-840704e6f8c5","IE000AP3J1Y3","UBS Global Gender Equality UCITS ETF hAUD acc","UBS","IE","Physical (Full replication)","0.230","2970000","Solactive Equileap Global Gender Equality 100 Leaders Index (hedged AUD)","AUD",NULL,"2026-09-07 20:18:32.921648","2026-09-07 20:18:32.921648","Accumulating","Equities","Art.8","2024-07-08","A40E7T",NULL,"UBS"
"a742067d-cb52-45f7-9d76-bd4504cdfcf9","LU2798094160","UBS Sustainable Development Bank Bonds UCITS ETF hAUD acc","UBS","LU","Physical + Optimized (equities) / sampled (bonds)","0.180","2980000","Solactive Global Multilateral Development Bank Bond USD 25% Issuer Capped (hedged AUD)","AUD",NULL,"2026-09-07 20:18:32.921649","2026-09-07 20:18:32.921649","Accumulating","Fixed Income","Art.9","2024-07-08","A40E7S",NULL,"UBS"
"052a9df1-0224-4008-84fc-b8567d8f03f7","LU2798094087","UBS Core BBG TIPS 1-10 UCITS ETF hAUD acc","UBS","LU","Physical (Full replication)","0.130","40040000","Bloomberg US Government 1-10 Year Inflation-Linked Bond Index (hedged AUD)","AUD",NULL,"2026-09-07 20:18:32.92165","2026-09-07 20:18:32.921651","Accumulating","Fixed Income","Art.6","2024-07-08","A40E7R",NULL,"UBS"
"62dd1884-bd24-4760-b913-02e715cdb80f","LU1971906984","UBS EURO STOXX 50 ESG UCITS ETF EUR acc","UBS","LU","Physical (Full replication)","0.100","480960000","EURO STOXX 50® ESG Net Return","EUR",NULL,"2026-09-07 20:18:32.921653","2026-09-07 20:18:32.921653","Accumulating","Equities","Art.8","2024-09-12","A2PGD2",50,"UBS"
"5fb1bd25-6d2c-4443-8035-b2df054fa3f1","LU0969639474","UBS Core BBG EUR Gov 1-10 UCITS ETF EUR acc","UBS","LU","Physical + Optimized (equities) / sampled (bonds)","0.090","258180000","Bloomberg EUR Treasury 1-10 Year Bond Total Return","EUR",NULL,"2026-09-07 20:18:32.921661","2026-09-07 20:18:32.921661","Accumulating","Fixed Income","Art.6","2024-12-06","A1W40V",388,"UBS"
"7cd55a4b-428c-4ff0-840d-83602d68f15b","LU0836514157","iShares Europe Equity Index Fund (LU) Class N2 EUR","iShares","LU",NULL,"0.180","402565160","MSCI Europe Index (custom) (EUR)","EUR",NULL,"2026-09-07 20:18:36.181026","2026-09-07 20:18:36.181026","Accumulating","Equities","Andere","2012-10-23",NULL,NULL,"iShares"
"9b6e8080-ce0b-49d9-954f-da7777b57abb","LU1169827224","UBS MSCI Hong Kong UCITS ETF HKD dis","UBS","LU","Physical (Full replication)","0.450","832870000","MSCI Hong Kong Total Return Net","HKD",NULL,"2026-09-07 20:18:32.921761","2026-09-07 20:18:32.921761","Distributing","Equities","Art.6","2015-06-04","A14MGG",25,"UBS"
"474e9cfe-b10c-4938-aa55-b46c5fc8c07d","LU1169825954","UBS MSCI Singapore UCITS ETF SGD dis","UBS","LU","Physical (Full replication)","0.450","98320000","MSCI Singapore 20-35 Index (NTR) in SGD","SGD",NULL,"2026-09-07 20:18:32.921762","2026-09-07 20:18:32.921762","Distributing","Equities","Art.6","2015-06-04","A14MF5",16,"UBS"
"8aad1f40-6161-43ad-99e8-cacd92990a15","LU3254395133","UBS Core MSCI EMU UCITS ETF USD acc","UBS","LU","Physical (Full replication)","0.090",NULL,NULL,"USD",NULL,"2026-09-07 20:18:32.92176","2026-09-07 21:05:18.530294","Accumulating","Equities","Art.6","2026-09-16","A41ZN0",NULL,"UBS"
"e9ef2a57-a12c-4792-a0f5-7b95c6aba6eb","LU1215461085","UBS BBG MSCI US Liquid Corp Sustainable UCITS ETF USD dis","UBS","LU","Physical + Optimized (equities) / sampled (bonds)","0.130","49740000","Bloomberg MSCI US Liquid Corporates Sustainable Total Return","USD",NULL,"2026-09-07 20:18:32.921764","2026-09-07 20:18:32.921764","Distributing","Fixed Income","Art.8","2015-07-23","A14U71",561,"UBS"
"7cb66cc9-a7df-409d-8ac5-c269a1b7aa03","LU1230561679","UBS MSCI Japan Socially Responsible UCITS ETF JPY dis","UBS","LU","Physical (Full replication)","0.190","51822120000","MSCI Japan SRI Low Carbon Select 5% Issuer Capped Total Return Net","JPY",NULL,"2026-09-07 20:18:32.921765","2026-09-07 20:18:32.921766","Distributing","Equities","Art.8","2015-07-22","A14UX8",45,"UBS"
"7aa63cf0-442a-4a52-ae59-74bc1081cdf0","LU1215461168","UBS BBG MSCI US Liquid Corp Sustainable UCITS ETF USD acc","UBS","LU","Physical + Optimized (equities) / sampled (bonds)","0.130","110250000","Bloomberg MSCI US Liquid Corporates Sustainable Total Return","USD",NULL,"2026-09-07 20:18:32.921767","2026-09-07 20:18:32.921767","Accumulating","Fixed Income","Art.8","2019-08-30","A14UX7",561,"UBS"
"e8a9efda-f3da-4dcc-b6bb-59a652381e0b","IE00BYM11H29","UBS MSCI ACWI SF UCITS ETF USD acc","UBS","IE","Synthetic","0.210","4456100000","MSCI ACWI Total Return Net Index","USD",NULL,"2026-09-07 20:18:32.921768","2026-09-07 20:18:32.921768","Accumulating","Equities","Art.6","2018-11-01","A14VJR",2458,"UBS"
"bb6b2bd6-09e4-4843-9aa1-6190bc1456b0","IE00BYM11J43","UBS MSCI ACWI SF UCITS ETF hUSD acc","UBS","IE","Synthetic","0.210","2476860000","MSCI ACWI with Developed Markets 100% hedged to USD Index","USD",NULL,"2026-09-07 20:18:32.921769","2026-09-07 20:18:32.921769","Accumulating","Equities","Art.6","2015-08-11","A14VJS",2458,"UBS"
"50fb69aa-33c3-48d7-90a5-78173d87b4eb","IE00BYM11K57","UBS MSCI ACWI SF UCITS ETF hEUR acc","UBS","IE","Synthetic","0.210","1668940000","MSCI ACWI with Developed Markets 100% hedged to EUR Index","EUR",NULL,"2026-09-07 20:18:32.921771","2026-09-07 20:18:32.921771","Accumulating","Equities","Art.6","2015-08-11","A14VJT",2458,"UBS"
"454330f0-50b3-4705-ad9a-fd109df38e0d","IE00BYM11L64","UBS MSCI ACWI SF UCITS ETF hCHF acc","UBS","IE","Synthetic","0.210","1749840000","MSCI ACWI with Developed Markets 100% hedged to CHF Index","CHF",NULL,"2026-09-07 20:18:32.921772","2026-09-07 20:18:32.921772","Accumulating","Equities","Art.6","2015-08-11","A14VJU",2458,"UBS"
"509322f9-d2a9-44d2-9ee9-152b9ce8bd8c","IE00BYVDRC61","UBS MSCI ACWI SF UCITS ETF hUSD Ukdis","UBS","IE","Synthetic","0.210","56640000","MSCI ACWI with Developed Markets 100% hedged to USD Index","USD",NULL,"2026-09-07 20:18:32.921774","2026-09-07 20:18:32.921774","Distributing","Equities","Art.6","2015-09-24","A14Z39",2458,"UBS"
"9e571e39-a494-4fe8-89ac-007f7f2a6930","IE00BYVDRD78","UBS MSCI ACWI SF UCITS ETF hEUR Ukdis","UBS","IE","Synthetic","0.210","43240000","MSCI ACWI with Developed Markets 100% hedged to EUR Index","EUR",NULL,"2026-09-07 20:18:32.921775","2026-09-07 20:18:32.921775","Distributing","Equities","Art.6","2015-09-24","A14Z4A",2458,"UBS"
"30c573d4-d0ed-4be8-879c-d802e740d46e","IE00BYVDRF92","UBS MSCI ACWI SF UCITS ETF hGBP Ukdis","UBS","IE","Synthetic","0.210","444950000","MSCI ACWI with Developed Markets 100% hedged to GBP Index","GBP",NULL,"2026-09-07 20:18:32.921777","2026-09-07 20:18:32.921777","Distributing","Equities","Art.6","2015-09-24","A14Z4B",2458,"UBS"
"cd60d529-8f1f-4695-a447-a38a450555f9","IE00BX7RQY03","UBS Factor MSCI USA Low Volatility UCITS ETF USD dis","UBS","IE","Physical (Full replication)","0.180","41890000","MSCI USA Select Dynamic 50% Risk Weighted Total Return Net","USD",NULL,"2026-09-07 20:18:32.921778","2026-09-07 20:18:32.921778","Distributing","Equities","Art.6","2015-08-26","A14XL8",147,"UBS"
"581712b1-51c2-4813-91e1-5f8c7655394a","IE00BX7RR706","UBS Factor MSCI USA Prime Value Screened UCITS ETF USD dis","UBS","IE","Physical (Full replication)","0.250","119200000","MSCI USA Prime Value Advanced Target Select Index (Net Total Return)","USD",NULL,"2026-09-07 20:18:32.921779","2026-09-07 20:18:32.921779","Distributing","Equities","Art.8","2015-08-26","A14XL9",117,"UBS"
"0efe9e64-b479-4361-8a34-fabfd439fc13","IE00BX7RRJ27","UBS Factor MSCI USA Quality Screened UCITS ETF USD dis","UBS","IE","Physical (Full replication)","0.250","1028970000","MSCI USA Quality Advanced Target Select Index (Net Total Return)","USD",NULL,"2026-09-07 20:18:32.921781","2026-09-07 20:18:32.921781","Distributing","Equities","Art.8","2015-08-26","A14XMA",100,"UBS"
"b8d6be34-eb13-4630-8185-f75a474dd4c4","LU1215454460","UBS Factor MSCI EMU Low Volatility UCITS ETF EUR dis","UBS","LU","Physical (Full replication)","0.250","8680000","MSCI EMU Select Dynamic 50% Risk Weighted Total Return Net","EUR",NULL,"2026-09-07 20:18:32.921782","2026-09-07 20:18:32.921782","Distributing","Equities","Art.6","2015-08-18","A14XHB",68,"UBS"
"0bb9d762-9bcb-4fb3-af28-dfabff686dd7","LU1215452928","UBS Factor MSCI EMU Prime Value Screened UCITS ETF EUR dis","UBS","LU","Physical (Full replication)","0.250","74660000","MSCI EMU Prime Value Advanced Target Select Index (Net Total Return)","EUR",NULL,"2026-09-07 20:18:32.921783","2026-09-07 20:18:32.921783","Distributing","Equities","Art.8","2015-08-18","A14XG8",61,"UBS"
"c3459685-9fe8-498d-be1a-62bde8b9d306","LU1215451524","UBS Factor MSCI EMU Quality Screened UCITS ETF EUR dis","UBS","LU","Physical (Full replication)","0.250","68920000","MSCI EMU Quality Advanced Target Select Index (Net Total Return)","EUR",NULL,"2026-09-07 20:18:32.921784","2026-09-07 20:18:32.921785","Distributing","Equities","Art.8","2015-08-18","A14XG5",60,"UBS"
"7b41c297-cb30-46a9-9d2e-3a3a335b058a","LU1273488475","UBS MSCI Japan Socially Responsible UCITS ETF hCHF dis","UBS","LU","Physical (Full replication)","0.220","50990000","MSCI Japan SRI Low Carbon Select 5% Issuer Capped 100% hedged to CHF Total Return Net","CHF",NULL,"2026-09-07 20:18:32.921786","2026-09-07 20:18:32.921786","Distributing","Equities","Art.8","2015-10-30","A14X3Z",45,"UBS"
"f6c1cefe-111c-499b-992b-45fa20eb0959","LU1273488715","UBS MSCI Japan Socially Responsible UCITS ETF hEUR acc","UBS","LU","Physical (Full replication)","0.220","105860000","MSCI Japan SRI Low Carbon Select 5% Issuer Capped 100% hedged to EUR Total Return Net","EUR",NULL,"2026-09-07 20:18:32.921787","2026-09-07 20:18:32.921787","Accumulating","Equities","Art.8","2016-06-06","A14X32",45,"UBS"
"ef9d1cd4-ff3e-42c9-91ed-8ffd5fb52f04","LU1273642907","UBS MSCI EMU Socially Responsible UCITS ETF hCHF dis","UBS","LU","Physical (Full replication)","0.230","26240000","MSCI EMU SRI Low Carbon Select 5% Issuer Capped 100% hedged to CHF Total Return Net","CHF",NULL,"2026-09-07 20:18:32.921788","2026-09-07 20:18:32.921788","Distributing","Equities","Art.8","2015-11-24","A14X3E",65,"UBS"
"3c2247c4-eef6-4b18-81bd-ed89cdbbc765","LU1273642816","UBS MSCI EMU Socially Responsible UCITS ETF hCHF acc","UBS","LU","Physical (Full replication)","0.230","40700000","MSCI EMU SRI Low Carbon Select 5% Issuer Capped 100% hedged to CHF Total Return Net","CHF",NULL,"2026-09-07 20:18:32.92179","2026-09-07 20:18:32.92179","Accumulating","Equities","Art.8","2015-11-24","A14X3D",65,"UBS"
"3d529194-7b83-44a2-bdfd-7fc57644210e","LU1280300770","UBS MSCI EMU Socially Responsible UCITS ETF hUSD acc","UBS","LU","Physical (Full replication)","0.230","3840000","MSCI EMU SRI Low Carbon Select 5% Issuer Capped 100% hedged to USD Total Return Net","USD",NULL,"2026-09-07 20:18:32.921792","2026-09-07 20:18:32.921792","Accumulating","Equities","Art.8","2016-06-06","A14YT2",65,"UBS"
"201a197e-1d01-4ee7-b4db-519e0fe01031","LU1280300853","UBS MSCI EMU Socially Responsible UCITS ETF hGBP dis","UBS","LU","Physical (Full replication)","0.230","26040000","MSCI EMU SRI Low Carbon Select 5% Issuer Capped 100% hedged to GBP Total Return Net","GBP",NULL,"2026-09-07 20:18:32.921793","2026-09-07 20:18:32.921793","Distributing","Equities","Art.8","2020-04-30","A14YT3",65,"UBS"
"aa293518-d4e1-4010-8093-8b22009928e0","LU1273489440","UBS MSCI Japan Socially Responsible UCITS ETF hUSD acc","UBS","LU","Physical (Full replication)","0.220","4290000","MSCI Japan SRI Low Carbon Select 5% Issuer Capped 100% hedged to USD Total Return Net","USD",NULL,"2026-09-07 20:18:32.921795","2026-09-07 20:18:32.921795","Accumulating","Equities","Art.8","2016-06-06","A14X36",45,"UBS"
"247980c7-dad8-4a65-9cfb-a5a87440a2b5","LU1273641503","UBS MSCI USA Socially Responsible UClTS ETF hCHF acc","UBS","LU","Physical (Full replication)","0.250","11910000","MSCI USA SRI Low Carbon Select 5% Issuer Capped 100% hedged to CHF Total Return Net","CHF",NULL,"2026-09-07 20:18:32.921796","2026-09-07 20:18:32.921796","Accumulating","Equities","Art.8","2015-11-24","A14X3B",167,"UBS"
"791233e4-83fa-41f8-b04b-a0d34da04048","LU1280303014","UBS MSCI USA Socially Responsible UClTS ETF hEUR dis","UBS","LU","Physical (Full replication)","0.250","273070000","MSCI USA SRI Low Carbon Select 5% Issuer Capped 100% hedged to EUR Total Return Net","EUR",NULL,"2026-09-07 20:18:32.921797","2026-09-07 20:18:32.921797","Distributing","Equities","Art.8","2015-11-24","A14YUN",167,"UBS"
"dc57493e-cfbd-4e4f-941c-fa0d1da0c203","IE00BYNQMK61","UBS MSCI United Kingdom IMI Socially Responsible UCITS ETF hEUR acc","UBS","IE","Physical (Full replication)","0.260","7530000","MSCI UK IMI Extended SRI Low Carbon Select 5% Issuer Capped 100% hedged to EUR Total Return Net","EUR",NULL,"2026-09-07 20:18:32.921799","2026-09-07 20:18:32.921799","Accumulating","Equities","Art.8","2016-06-07","A2AH51",137,"UBS"
"1d46868d-e5e4-4e1e-af31-49eb95bb6ba9","IE00BZ0RTB90","UBS MSCI United Kingdom IMI Socially Responsible UCITS ETF hCHF dis","UBS","IE","Physical (Full replication)","0.260","9680000","MSCI UK IMI Extended SRI Low Carbon Select 5% Issuer Capped 100% hedged to CHF Total Return Net","CHF",NULL,"2026-09-07 20:18:32.9218","2026-09-07 20:18:32.9218","Distributing","Equities","Art.8","2015-11-10","A141GX",137,"UBS"
"e336813b-9b23-482c-8eb6-1581eb86a037","LU1215461325","UBS BBG MSCI US Liquid Corp Sustainable UCITS ETF hEUR acc","UBS","LU","Physical + Optimized (equities) / sampled (bonds)","0.160","278940000","Bloomberg MSCI US Liquid Corporates Sustainable Total Return","EUR",NULL,"2026-09-07 20:18:32.921801","2026-09-07 20:18:32.921801","Accumulating","Fixed Income","Art.8","2015-09-30","A14YV6",561,"UBS"
"82ed6e2a-67bf-4626-8071-97ca48931a72","LU1215461598","UBS BBG MSCI US Liquid Corp Sustainable UCITS ETF hGBP dis","UBS","LU","Physical + Optimized (equities) / sampled (bonds)","0.160","56840000","Bloomberg MSCI US Liquid Corporates Sustainable Total Return","GBP",NULL,"2026-09-07 20:18:32.921802","2026-09-07 20:18:32.921802","Distributing","Fixed Income","Art.8","2015-09-30","A14YV7",561,"UBS"
"359e4199-7576-4dbe-af2d-a7b8211c17d1","LU1215461754","UBS BBG MSCI US Liquid Corp Sustainable UCITS ETF hCHF dis","UBS","LU","Physical + Optimized (equities) / sampled (bonds)","0.160","27350000","Bloomberg MSCI US Liquid Corporates Sustainable Total Return","CHF",NULL,"2026-09-07 20:18:32.921804","2026-09-07 20:18:32.921804","Distributing","Fixed Income","Art.8","2015-09-30","A140MA",561,"UBS"
"71aec934-f3f7-43bd-8a8d-f50374615f0d","IE00BWT3KJ20","UBS Factor MSCI USA Low Volatility UCITS ETF hEUR acc","UBS","IE","Physical (Full replication)","0.210","4360000","MSCI USA Select Dynamic 50% Risk Weighted 100% hedged to EUR Total Return Net","EUR",NULL,"2026-09-07 20:18:32.921805","2026-09-07 20:18:32.921805","Accumulating","Equities","Art.6","2015-12-10","A14Y6U",147,"UBS"
"f6734cc8-4509-4578-a34c-062ed02ff269","LU1215452092","UBS Factor MSCI EMU Quality Screened UCITS ETF hCHF acc","UBS","LU","Physical (Full replication)","0.280","29470000","MSCI EMU Quality Advanced Target Select 100% Hedged to CHF Index (Net Total Return)","CHF",NULL,"2026-09-07 20:18:32.921806","2026-09-07 20:18:32.921807","Accumulating","Equities","Art.8","2015-10-20","A14XG6",60,"UBS"
"f4ef868a-0df1-41c4-bd31-10c0f2bff61c","IE00BWT3KL42","UBS Factor MSCI USA Prime Value Screened UCITS ETF hEUR acc","UBS","IE","Physical (Full replication)","0.280","18860000","MSCI USA Prime Value Advanced Target Select 100% Hedged to EUR Index (Net Total Return)","EUR",NULL,"2026-09-07 20:18:32.921808","2026-09-07 20:18:32.921808","Accumulating","Equities","Art.8","2015-12-10","A14Y6V",117,"UBS"
"14cb700a-dad4-420e-a790-3064d1be11f1","IE00BXDZNH00","UBS Factor MSCI USA Prime Value Screened UCITS ETF hGBP dis","UBS","IE","Physical (Full replication)","0.280","3710000","MSCI USA Prime Value Advanced Target Select 100% Hedged to GBP Index (Net Total Return)","GBP",NULL,"2026-09-07 20:18:32.921809","2026-09-07 20:18:32.921809","Distributing","Equities","Art.8","2016-02-01","A14Z33",117,"UBS"
"92d48e64-c226-431f-9179-eb38eb2b4fb3","IE00BWT3KN65","UBS Factor MSCI USA Quality Screened UCITS ETF hEUR acc","UBS","IE","Physical (Full replication)","0.280","64540000","MSCI USA Quality Advanced Target Select 100% Hedged to EUR Index (Net Total Return)","EUR",NULL,"2026-09-07 20:18:32.92181","2026-09-07 20:18:32.92181","Accumulating","Equities","Art.8","2015-12-10","A14Y6W",100,"UBS"
"011a7708-9127-4410-be12-58a17abbfb3c","IE00BXDZNK39","UBS Factor MSCI USA Quality Screened UCITS ETF hGBP dis","UBS","IE","Physical (Full replication)","0.280","35770000","MSCI USA Quality Advanced Target Select 100% Hedged to GBP Index (Net Total Return)","GBP",NULL,"2026-09-07 20:18:32.921812","2026-09-07 20:18:32.921812","Distributing","Equities","Art.8","2016-02-01","A14Z35",100,"UBS"
"99b8cdf6-4ea4-4e25-bb81-d20c6dd292bc","IE00BX7RS555","UBS MSCI Australia UCITS ETF hUSD acc","UBS","IE","Physical (Full replication)","0.430","44340000","MSCI Australia 100% hedged to USD Total Return Net","USD",NULL,"2026-09-07 20:18:32.921813","2026-09-07 20:18:32.921813","Accumulating","Equities","Art.6","2015-09-30","A140D2",47,"UBS"
"40d0c745-8b89-4498-ab89-6afbd37f843e","IE00BX7RS779","UBS MSCI Australia UCITS ETF hCHF acc","UBS","IE","Physical (Full replication)","0.430","37630000","MSCI Australia Total Return Net hedged in CHF","CHF",NULL,"2026-09-07 20:18:32.921815","2026-09-07 20:18:32.921815","Accumulating","Equities","Art.6","2015-11-27","A140DW",47,"UBS"
"40224dab-a764-4061-82ea-cbf9b072e5f2","IE00BXDZNQ90","UBS MSCI Australia UCITS ETF hGBP acc","UBS","IE","Physical (Full replication)","0.430","3890000","MSCI Australia Total Return Net hedged in GBP","GBP",NULL,"2026-09-07 20:18:32.921816","2026-09-07 20:18:32.921816","Accumulating","Equities","Art.6","2015-11-27","A140D0",47,"UBS"
"e0078955-6009-402f-a2c9-411ef081304d","IE00BZ2GTT26","UBS MSCI ACWI SF UCITS ETF hCHF Ukdis","UBS","IE","Synthetic","0.210","81500000","MSCI ACWI with Developed Markets 100% hedged to CHF Index","CHF",NULL,"2026-09-07 20:18:32.921817","2026-09-07 20:18:32.921817","Distributing","Equities","Art.6","2015-10-27","A141LA",2458,"UBS"
"ec88973b-81a2-4bf3-8ddd-5d4e72075c83","IE00BZ2GV965","UBS CMCI ex-Agriculture SF UCITS ETF USD acc","UBS","IE","Synthetic","0.340","138280000","UBS CMCI Ex-Agriculture Ex-Livestock Capped Index Total Return","USD",NULL,"2026-09-07 20:18:32.921818","2026-09-07 20:18:32.921819","Accumulating","Commodities","Art.6","2016-03-24","A141AP",NULL,"UBS"
"c73af362-bc9d-4108-b6e2-0f868b0bf50d","IE00BWT3KS11","UBS MSCI Australia UCITS ETF hEUR acc","UBS","IE","Physical (Full replication)","0.430","38820000","MSCI Australia Total Return Net hedged in EUR","EUR",NULL,"2026-09-07 20:18:32.92182","2026-09-07 20:18:32.92182","Accumulating","Equities","Art.6","2015-11-27","A140DY",47,"UBS"
"f200d5d6-36bf-4d2a-a698-5f4f55ea07fb","LU1324516720","UBS BBG USD EM Sovereign UCITS ETF hCHF acc","UBS","LU","Physical + Optimized (equities) / sampled (bonds)","0.280","16090000","Bloomberg Emerging Markets USD Sovereign & Agency 3% Country Capped Index hedged to CHF","CHF",NULL,"2026-09-07 20:18:32.921821","2026-09-07 20:18:32.921821","Accumulating","Fixed Income","Art.6","2016-03-31","A1439M",965,"UBS"
"be128b4c-8cce-45b0-8ba8-1047f87f7f9b","LU1324516308","UBS BBG USD EM Sovereign UCITS ETF hEUR acc","UBS","LU","Physical + Optimized (equities) / sampled (bonds)","0.280","280060000","Bloomberg Emerging Markets USD Sovereign & Agency 3% Country Capped Index hedged to EUR","EUR",NULL,"2026-09-07 20:18:32.921822","2026-09-07 20:18:32.921823","Accumulating","Fixed Income","Art.6","2016-04-29","A1439H",965,"UBS"
"7357e33d-ffba-4b62-bbef-608bb814befb","LU1324516480","UBS BBG USD EM Sovereign UCITS ETF hGBP dis","UBS","LU","Physical + Optimized (equities) / sampled (bonds)","0.280","79660000","Bloomberg Emerging Markets USD Sovereign & Agency 3% Country Capped Index hedged to GBP","GBP",NULL,"2026-09-07 20:18:32.921824","2026-09-07 20:18:32.921824","Distributing","Fixed Income","Art.6","2016-04-29","A1439J",965,"UBS"
"b26d9084-ad92-4ba8-a9c3-8166160f3a6f","IE00BYT5CW92","UBS CMCI ex-Agriculture SF UCITS ETF hCHF acc","UBS","IE","Synthetic","0.340","68420000","UBS CMCI Ex-Agriculture Ex-Livestock Capped Index CHF Hedged Total Return","CHF",NULL,"2026-09-07 20:18:32.921825","2026-09-07 20:18:32.921825","Accumulating","Commodities","Art.6","2016-05-04","A2AHR3",NULL,"UBS"
"d0db80e1-baab-468c-9fdc-5769c2be387b","IE00BYT5CV85","UBS CMCI ex-Agriculture SF UCITS ETF hEUR acc","UBS","IE","Synthetic","0.340","38470000","UBS CMCI Ex-Agriculture Ex-Livestock Capped Index EUR Hedged Total Return","EUR",NULL,"2026-09-07 20:18:32.921826","2026-09-07 20:18:32.921826","Accumulating","Commodities","Art.6","2016-05-04","A2AHR4",NULL,"UBS"
"4d9a7286-a84f-44ac-962f-bd9fa1e762b2","LU1459802754","UBS BBG TIPS 10+ UCITS ETF USD dis","UBS","LU","Physical (Full replication)","0.100","119480000","Bloomberg US Government 10+ Year Inflation-Linked Bond Index","USD",NULL,"2026-09-07 20:18:32.921827","2026-09-07 20:18:32.921828","Distributing","Fixed Income","Art.6","2016-09-30","A2APA5",17,"UBS"
"0e13c730-fb4a-48fa-852d-889cc43e27f7","LU1459800113","UBS Core BBG US Treasury 10+ UCITS ETF hEUR dis","UBS","LU","Physical (Full replication)","0.070","32360000","Bloomberg US 10+ Year Treasury Bond Total Return","EUR",NULL,"2026-09-07 20:18:32.92183","2026-09-07 20:18:32.92183","Distributing","Fixed Income","Art.6","2016-09-30","A2APAH",101,"UBS"
"78bff629-cad0-494b-965a-ceec8ca026f5","LU1459801434","UBS Core BBG TIPS 1-10 UCITS ETF USD dis","UBS","LU","Physical (Full replication)","0.100","55290000","Bloomberg US Government 1-10 Year Inflation-Linked Bond Index","USD",NULL,"2026-09-07 20:18:32.921831","2026-09-07 20:18:32.921831","Distributing","Fixed Income","Art.6","2016-09-30","A2APAT",31,"UBS"
"7022fd23-6a03-4758-8434-678c76f376b2","LU0950668870","UBS Core MSCI EMU UCITS ETF EUR acc","UBS","LU","Physical (Full replication)","0.120","3966250000","MSCI EMU Total Return Net","EUR",NULL,"2026-09-07 20:18:32.921832","2026-09-07 20:18:32.921833","Accumulating","Equities","Art.6","2016-08-12","A1W3AA",220,"UBS"
"9b9f493e-ae91-4577-b371-3edebd2479c8","LU1459802168","UBS Core BBG TIPS 1-10 UCITS ETF hCHF acc","UBS","LU","Physical (Full replication)","0.130","138740000","Bloomberg US Government 1-10 Year Inflation-Linked Bond Index hedged to CHF","CHF",NULL,"2026-09-07 20:18:32.921834","2026-09-07 20:18:32.921834","Accumulating","Fixed Income","Art.6","2016-09-30","A2APA0",31,"UBS"
"0d0b42de-734a-42fc-945f-49ccea1351b4","LU1459801780","UBS Core BBG TIPS 1-10 UCITS ETF hEUR acc","UBS","LU","Physical (Full replication)","0.130","447760000","Bloomberg US Government 1-10 Year Inflation-Linked Bond Index hedged to EUR","EUR",NULL,"2026-09-07 20:18:32.921835","2026-09-07 20:18:32.921835","Accumulating","Fixed Income","Art.6","2016-09-30","A2APAW",31,"UBS"
"05a3edf4-2867-4bf3-88f5-48681f97973d","IE00BD4TXS21","UBS Core MSCI USA UCITS ETF USD acc","UBS","IE","Physical (Full replication)","0.070","3376460000","MSCI USA Total Return Net","USD",NULL,"2026-09-07 20:18:32.921836","2026-09-07 20:18:32.921836","Accumulating","Equities","Art.6","2016-09-16","A2ARF7",525,"UBS"
"c5c29bca-d8ab-4cfa-9ac4-77f24502732b","IE00BD08DL65","UBS Core MSCI USA UCITS ETF USD Ukdis","UBS","IE","Physical (Full replication)","0.070","46880000","MSCI USA Total Return Net","USD",NULL,"2026-09-07 20:18:32.921837","2026-09-07 20:18:32.921838","Distributing","Equities","Art.6","2016-09-16","A2ARF8",525,"UBS"
"acd31fce-c6fb-4dca-8b04-3b605434b389","IE00BD34DB16","UBS Core S&P 500 UCITS ETF hCHF acc","UBS","IE","Physical (Full replication)","0.120","692950000","S&P 500 Total Return Net (hedged to CHF)","CHF",NULL,"2026-09-07 20:18:32.921839","2026-09-07 20:18:32.921839","Accumulating","Equities","Art.6","2016-11-02","A2AMYP",503,"UBS"
"4d08b515-576b-4fc0-8ceb-ffa3607d3a89","IE00BD34DK07","UBS Core S&P 500 UCITS ETF hEUR acc","UBS","IE","Physical (Full replication)","0.120","214970000","S&P 500 Total Return Net (hedged to EUR)","EUR",NULL,"2026-09-07 20:18:32.92184","2026-09-07 20:18:32.92184","Accumulating","Equities","Art.6","2016-11-02","A2AMYQ",503,"UBS"
"639a9195-29b1-4728-9f5c-44de5538421e","IE00BD34DL14","UBS Core S&P 500 UCITS ETF hGBP dis","UBS","IE","Physical (Full replication)","0.120","60300000","S&P 500 Total Return Net (hedged to GBP)","GBP",NULL,"2026-09-07 20:18:32.921841","2026-09-07 20:18:32.921842","Distributing","Equities","Art.6","2016-11-02","A2AMYR",503,"UBS"
"0e8e119a-0367-4c20-bf5d-24ca90958765","IE00BD495N16","UBS MSCI ACWI SF UCITS ETF hJPY acc","UBS","IE","Synthetic","0.210","37851310000","MSCI ACWI with Developed Markets 100% hedged to JPY Index","JPY",NULL,"2026-09-07 20:18:32.921843","2026-09-07 20:18:32.921843","Accumulating","Equities","Art.6","2016-11-01","A2AS3C",2458,"UBS"
"7c691f20-6e4d-4a50-b3ff-f067e05cd302","LU1459801517","UBS Core BBG TIPS 1-10 UCITS ETF USD acc","UBS","LU","Physical (Full replication)","0.100","879590000","Bloomberg US Government 1-10 Year Inflation-Linked Bond Index","USD",NULL,"2026-09-07 20:18:32.921844","2026-09-07 20:18:32.921844","Accumulating","Fixed Income","Art.6","2017-01-24","A2APAU",31,"UBS"
"834bf625-8ce5-4de1-8687-bc1357f11e52","LU1459801947","UBS Core BBG TIPS 1-10 UCITS ETF hGBP acc","UBS","LU","Physical (Full replication)","0.130","114800000","Bloomberg US Government 1-10 Year Inflation-Linked Bond Index hedged to GBP","GBP",NULL,"2026-09-07 20:18:32.921845","2026-09-07 20:18:32.921845","Accumulating","Fixed Income","Art.6","2016-11-22","A2APAY",31,"UBS"
"b446114a-61a8-430c-8f50-e39e94283f24","LU1484799769","UBS BBG MSCI Euro Area Liquid Corp Sustainable UCITS ETF EUR dis","UBS","LU","Physical + Optimized (equities) / sampled (bonds)","0.130","635390000","Bloomberg MSCI Euro Area Liquid Corporates Sustainable Total Return","EUR",NULL,"2026-09-07 20:18:32.921847","2026-09-07 20:18:32.921847","Distributing","Fixed Income","Art.8","2017-01-17","A2AQ6D",793,"UBS"
"3564064c-cee7-4a48-8fb6-4396a65abdbe","IE00BDGV0308","UBS MSCI USA Select Factor Mix UCITS ETF USD dis","UBS","IE","Physical (Full replication)","0.250","32790000","MSCI USA Select Factor Mix Index","USD",NULL,"2026-09-07 20:18:32.921848","2026-09-07 20:18:32.921848","Distributing","Equities","Art.6","2017-04-27","A2DND0",2027,"UBS"
"a145981a-d038-4b71-8897-19178c7ef12c","LU1169820138","UBS Core MSCI EMU UCITS ETF hGBP acc","UBS","LU","Physical (Full replication)","0.150","30730000","MSCI EMU 100% hedged to GBP Total Return Net","GBP",NULL,"2026-09-07 20:18:32.921849","2026-09-07 20:18:32.921849","Accumulating","Equities","Art.6","2017-07-31","A14MEX",220,"UBS"
"a17d4621-3a01-4e3b-81c3-b4c88a038c89","LU1169819981","UBS Core MSCI EMU UCITS ETF hGBP dis","UBS","LU","Physical (Full replication)","0.150","71430000","MSCI EMU 100% hedged to GBP Total Return Net","GBP",NULL,"2026-09-07 20:18:32.92185","2026-09-07 20:18:32.921851","Distributing","Equities","Art.6","2017-07-31","A14MEW",220,"UBS"
"a87b9d8b-ca36-488e-9129-ac39221b578a","LU1169822340","UBS Core MSCI Japan UCITS ETF hGBP dis","UBS","LU","Physical (Full replication)","0.150","217490000","MSCI Japan (hedged GBP) (TRN)","GBP",NULL,"2026-09-07 20:18:32.921852","2026-09-07 20:18:32.921852","Distributing","Equities","Art.6","2017-07-31","A14MFC",168,"UBS"
"53416840-6349-4c3e-88b5-e772b23e4599","IE00BYQ00Y50","UBS Core MSCI USA UCITS ETF hGBP acc","UBS","IE","Physical (Full replication)","0.100","23560000","MSCI USA 100% hedged to GBP Total Return Net","GBP",NULL,"2026-09-07 20:18:32.921853","2026-09-07 20:18:32.921853","Accumulating","Equities","Art.6","2017-07-31","A2DQG5",525,"UBS"
"1a12e751-c8cf-4414-bb32-b14b14bf0d98","IE00BYYLVH00","UBS BBG Commodity CMCI SF UCITS ETF USD acc","UBS","IE","Synthetic","0.340","955980000","UBS BCOM Constant Maturity Commodity Index","USD",NULL,"2026-09-07 20:18:32.921854","2026-09-07 20:18:32.921855","Accumulating","Commodities","Art.6","2017-05-25","A2DQ7Z",NULL,"UBS"
"6e4c56e6-c4f5-4ce9-b821-53bcb8530181","IE00BYYLVK39","UBS BBG Commodity CMCI SF UCITS ETF hCHF acc","UBS","IE","Synthetic","0.340","590730000","UBS BCOM Constant Maturity Commodity Index hedged to CHF","CHF",NULL,"2026-09-07 20:18:32.921856","2026-09-07 20:18:32.921856","Accumulating","Commodities","Art.6","2017-05-25","A2DMBF",NULL,"UBS"
"1c060096-35fc-4476-a163-5ba2874df29f","IE00BYYLVJ24","UBS BBG Commodity CMCI SF UCITS ETF hEUR acc","UBS","IE","Synthetic","0.340","96240000","UBS BCOM Constant Maturity Commodity Index hedged to EUR","EUR",NULL,"2026-09-07 20:18:32.921857","2026-09-07 20:18:32.921857","Accumulating","Commodities","Art.6","2017-05-25","A2DQ70",NULL,"UBS"
"bff26681-5634-4aa7-a66e-90d15b1f9215","CH0368190739","UBS MSCI Switzerland IMI Socially Responsible ETF CHF dis","UBS","CH","Physical (Full replication)","0.280","237980000","MSCI Switzerland IMI Extended SRI Low Carbon Select 5% Issuer Capped NTR CHF","CHF",NULL,"2026-09-07 20:18:32.921858","2026-09-07 20:18:32.921858","Distributing","Equities","Art.8","2017-09-11","A2DU7K",64,"UBS"
"9757214e-5134-4a8f-aa96-921cdfbf7f2b","LU1645381689","UBS BBG Euro Inflation Linked 10+ UCITS ETF EUR dis","UBS","LU","Physical (Full replication)","0.100","14650000","Bloomberg Euro Government Inflation-Linked 10+ Year™ Index","EUR",NULL,"2026-09-07 20:18:32.921859","2026-09-07 20:18:32.92186","Distributing","Fixed Income","Art.6","2017-10-31","A2DUGP",15,"UBS"
"ca5ca887-315a-4843-be36-a9d611cb6646","LU1645380368","UBS Core BBG Euro Inflation Linked Bond 1-10 UCITS ETF EUR dis","UBS","LU","Physical (Full replication)","0.100","282780000","Bloomberg Euro Government Inflation-Linked 1-10 Year™ Index","EUR",NULL,"2026-09-07 20:18:32.921861","2026-09-07 20:18:32.921861","Distributing","Fixed Income","Art.6","2017-10-31","A2DUGB",23,"UBS"
"ebf7cf1f-c050-48c4-a847-d7b23ef13cfb","LU1600334798","UBS Core MSCI Europe UCITS ETF hEUR acc","UBS","LU","Physical (Full replication)","0.130","145610000","MSCI Europe 100% Hedged to EUR Total Return Net","EUR",NULL,"2026-09-07 20:18:32.921862","2026-09-07 20:18:32.921862","Accumulating","Equities","Art.6","2017-06-21","A2DQDG",396,"UBS"
"4883d8f8-25b2-46b8-a139-04892526b63c","LU1589327680","UBS Core MSCI Europe UCITS ETF hCHF acc","UBS","LU","Physical (Full replication)","0.130","142880000","MSCI Europe 100% Hedged to CHF Total Return Net","CHF",NULL,"2026-09-07 20:18:32.921863","2026-09-07 20:18:32.921864","Accumulating","Equities","Art.6","2017-06-21","A2DQQA",396,"UBS"
"9293d26e-672a-4513-9643-941f346fa20d","LU0950671825","UBS Core MSCI Japan UCITS ETF JPY acc","UBS","LU","Physical (Full replication)","0.120","801695620000","MSCI Japan (TRN) in JPY","JPY",NULL,"2026-09-07 20:18:32.921865","2026-09-07 20:18:32.921865","Accumulating","Equities","Art.6","2017-07-14","A1W3BE",168,"UBS"
"2a800329-8264-45de-b7a6-9075e8cb0b76","LU0950672807","UBS MSCI Canada UCITS ETF CAD acc","UBS","LU","Physical (Full replication)","0.330","1085370000","MSCI Canada Total Return Net","CAD",NULL,"2026-09-07 20:18:32.921867","2026-09-07 20:18:32.921867","Accumulating","Equities","Art.6","2017-07-13","A1W3CB",83,"UBS"
"2d54058e-7bf8-45ef-8695-4eba8a288ddf","IE00BDGV0746","UBS MSCI USA Select Factor Mix UCITS ETF hEUR acc","UBS","IE","Physical (Full replication)","0.280","8470000","MSCI USA Select Factor Mix 100% hedged to EUR (Net Return)","EUR",NULL,"2026-09-07 20:18:32.921868","2026-09-07 20:18:32.921869","Accumulating","Equities","Art.6","2017-09-06","A2DWAC",2027,"UBS"
"0001acf0-6059-47da-9041-b2bd14c95a62","IE00BDGV0C91","UBS MSCI USA Select Factor Mix UCITS ETF hCHF acc","UBS","IE","Physical (Full replication)","0.280","23070000","MSCI USA Select Factor Mix 100% hedged to CHF (Net Return)","CHF",NULL,"2026-09-07 20:18:32.92187","2026-09-07 20:18:32.92187","Accumulating","Equities","Art.6","2017-09-06","A2DWAB",2027,"UBS"
"0dc20520-b74c-4dea-8e53-72690096c75f","IE00BD4TY345","UBS MSCI Australia UCITS ETF AUD dis","UBS","IE","Physical (Full replication)","0.400","143950000","MSCI Australia Total Return Net","AUD",NULL,"2026-09-07 20:18:32.921871","2026-09-07 20:18:32.921872","Distributing","Equities","Art.6","2017-09-18","A2DWP8",47,"UBS"
"d2761713-0cd4-403c-aa47-bcc149d7848c","LU0950674761","UBS MSCI EMU Socially Responsible UCITS ETF EUR acc","UBS","LU","Physical (Full replication)","0.200","400390000","MSCI EMU SRI Low Carbon Select 5% Issuer Capped Total Return Net","EUR",NULL,"2026-09-07 20:18:32.921873","2026-09-07 20:18:32.921873","Accumulating","Equities","Art.8","2017-12-15","A1W3BS",65,"UBS"
"de099e6f-cb40-4080-9fa5-7ed89e063026","IE00BDR55703","UBS MSCI ACWI Socially Responsible UCITS ETF hUSD acc","UBS","IE","Physical (Full replication)","0.280","58400000","MSCI ACWI SRI Low Carbon Select 5% Issuer Capped with Developed Markets 100% hedged to USD Index","USD",NULL,"2026-09-07 20:18:32.921874","2026-09-07 20:18:32.921874","Accumulating","Equities","Art.8","2017-12-20","A2H5CD",549,"UBS"
"6cd4307f-9404-4f24-be48-84a84f6b4188","IE00BDR55927","UBS MSCI ACWI Socially Responsible UCITS ETF hEUR acc","UBS","IE","Physical (Full replication)","0.280","632460000","MSCI ACWI SRI Low Carbon Select 5% Issuer Capped with Developed Markets 100% hedged to EUR Index","EUR",NULL,"2026-09-07 20:18:32.921875","2026-09-07 20:18:32.921875","Accumulating","Equities","Art.8","2017-12-20","A2H5CB",549,"UBS"
"9885f2d0-926c-45c9-9712-094cfca859d4","IE00BDR55F85","UBS MSCI ACWI Socially Responsible UCITS ETF hCHF acc","UBS","IE","Physical (Full replication)","0.280","151730000","MSCI ACWI SRI Low Carbon Select 5% Issuer Capped with Developed Markets 100% hedged to CHF Index","CHF",NULL,"2026-09-07 20:18:32.921876","2026-09-07 20:18:32.921877","Accumulating","Equities","Art.8","2017-12-20","A2H5B9",549,"UBS"
"bcbc0c15-7db5-40d0-b85b-8d7616a8235f","IE00BDR55D61","UBS MSCI ACWI Socially Responsible UCITS ETF hCHF dis","UBS","IE","Physical (Full replication)","0.280","19240000","MSCI ACWI SRI Low Carbon Select 5% Issuer Capped with Developed Markets 100% hedged to CHF Index","CHF",NULL,"2026-09-07 20:18:32.921878","2026-09-07 20:18:32.921878","Distributing","Equities","Art.8","2017-12-20","A2H5CA",549,"UBS"
"0d3df55f-019f-483a-9e37-14a2611d9f34","IE00BDQZN113","UBS MSCI ACWI Universal UCITS ETF hUSD acc","UBS","IE","Physical (Full replication)","0.260","1426670000","MSCI ACWI Universal Low Carbon Select 5% Issuer Capped with Developed Markets 100% Hedged to USD Index (Net Total Return)","USD",NULL,"2026-09-07 20:18:32.921879","2026-09-07 20:18:32.921879","Accumulating","Equities","Art.8","2017-12-19","A2H5B8",2105,"UBS"
"8653a07d-9af6-40d2-a1dd-0fbf419228eb","IE00BDQZN337","UBS MSCI ACWI Universal UCITS ETF hEUR acc","UBS","IE","Physical (Full replication)","0.260","602610000","MSCI ACWI Universal Low Carbon Select 5% Issuer Capped with Developed Markets 100% Hedged to EUR Index (Net Total Return)","EUR",NULL,"2026-09-07 20:18:32.92188","2026-09-07 20:18:32.921881","Accumulating","Equities","Art.8","2017-12-19","A2H5B7",2105,"UBS"
"5b92056c-42bf-44bf-9d77-4f2845b4a5bc","IE00BDQZN774","UBS MSCI ACWI Universal UCITS ETF hCHF acc","UBS","IE","Physical (Full replication)","0.260","1250260000","MSCI ACWI Universal Low Carbon Select 5% Issuer Capped with Developed Markets 100% Hedged to CHF Index (Net Total Return)","CHF",NULL,"2026-09-07 20:18:32.921882","2026-09-07 20:18:32.921882","Accumulating","Equities","Art.8","2017-12-19","A2H5B5",2105,"UBS"
"cfd9188c-7e4d-49e1-9397-9bd371e3ab03","IE00BDQZN667","UBS MSCI ACWI Universal UCITS ETF hCHF dis","UBS","IE","Physical (Full replication)","0.260","59060000","MSCI ACWI Universal Low Carbon Select 5% Issuer Capped with Developed Markets 100% Hedged to CHF Index (Net Total Return)","CHF",NULL,"2026-09-07 20:18:32.921883","2026-09-07 20:18:32.921883","Distributing","Equities","Art.8","2017-12-19","A2H5B6",2105,"UBS"
"a542575c-cf51-444a-8653-f760d921127b","IE00BDR5GV14","UBS Global Gender Equality UCITS ETF USD acc","UBS","IE","Physical (Full replication)","0.200","82770000","Solactive Equileap Global Gender Equality 100 Leaders Index","USD",NULL,"2026-09-07 20:18:32.921884","2026-09-07 20:18:32.921885","Accumulating","Equities","Art.8","2017-12-19","A2H5CE",99,"UBS"
"82a08d24-a393-4250-a2ff-4708ddc74bfe","IE00BDR5GY45","UBS Global Gender Equality UCITS ETF hUSD acc","UBS","IE","Physical (Full replication)","0.230","4240000","Solactive Equileap Global Gender Equality 100 Leaders Index Hedged in USD","USD",NULL,"2026-09-07 20:18:32.921886","2026-09-07 20:18:32.921886","Accumulating","Equities","Art.8","2017-12-19","A2H5JM",99,"UBS"
"6a34f8ec-e30d-400b-b5d3-5b6c0caf2e85","IE00BDR5H073","UBS Global Gender Equality UCITS ETF hEUR acc","UBS","IE","Physical (Full replication)","0.230","18410000","Solactive Equileap Global Gender Equality 100 Leaders Index Hedged in EUR","EUR",NULL,"2026-09-07 20:18:32.921887","2026-09-07 20:18:32.921887","Accumulating","Equities","Art.8","2017-12-19","A2H5JL",99,"UBS"
"da4c58d8-ca68-4e49-9e1e-221eef19c760","IE00BDR5H412","UBS Global Gender Equality UCITS ETF hCHF acc","UBS","IE","Physical (Full replication)","0.230","57890000","Solactive Equileap Global Gender Equality 100 Leaders Index Hedged in CHF","CHF",NULL,"2026-09-07 20:18:32.921888","2026-09-07 20:18:32.921889","Accumulating","Equities","Art.8","2017-12-19","A2H5CF",99,"UBS"
"1420501f-a53b-4a9f-a1be-b3fb90b4026a","IE00BDR5H305","UBS Global Gender Equality UCITS ETF hCHF dis","UBS","IE","Physical (Full replication)","0.230","5230000","Solactive Equileap Global Gender Equality 100 Leaders Index Hedged in CHF","CHF",NULL,"2026-09-07 20:18:32.92189","2026-09-07 20:18:32.92189","Distributing","Equities","Art.8","2017-12-19","A2H5CG",99,"UBS"
"06a31731-a6f3-49f3-8b82-8181d814daeb","IE00BDR55B48","UBS MSCI ACWI Socially Responsible UCITS ETF hGBP dis","UBS","IE","Physical (Full replication)","0.280","301230000","MSCI ACWI SRI Low Carbon Select 5% Issuer Capped with Developed Markets 100% hedged to GBP Index","GBP",NULL,"2026-09-07 20:18:32.921891","2026-09-07 20:18:32.921891","Distributing","Equities","Art.8","2017-12-20","A2H5CC",549,"UBS"
"07a06030-aac1-4f05-bdf9-f8493e489d7e","LU1484799843","UBS BBG MSCI Euro Area Liquid Corp Sustainable UCITS ETF EUR acc","UBS","LU","Physical + Optimized (equities) / sampled (bonds)","0.130","1176580000","Bloomberg MSCI Euro Area Liquid Corporates Sustainable Total Return","EUR",NULL,"2026-09-07 20:18:32.921892","2026-09-07 20:18:32.921892","Accumulating","Fixed Income","Art.8","2017-11-30","A2AQ6E",793,"UBS"
"55925c7b-6ae9-4666-bb2b-b383dc3a928c","LU1484800955","UBS BBG MSCI Euro Area Liquid Corp Sustainable UCITS ETF hCHF acc","UBS","LU","Physical + Optimized (equities) / sampled (bonds)","0.160","43300000","Bloomberg MSCI Euro Area Liquid Corporates Sustainable hedged to CHF Index","CHF",NULL,"2026-09-07 20:18:32.921893","2026-09-07 20:18:32.921894","Accumulating","Fixed Income","Art.8","2017-11-30","A2AQ6Q",793,"UBS"
"f5c68311-02bd-4bf8-91eb-843781eceb08","LU1645385839","UBS J.P. Morgan USD EM Diversified Bond 1-5 UCITS ETF USD dis","UBS","LU","Physical + Optimized (equities) / sampled (bonds)","0.350","41990000","J.P. Morgan USD EM Diversified 3% capped 1-5 Year Bond Index","USD",NULL,"2026-09-07 20:18:32.921895","2026-09-07 20:18:32.921895","Distributing","Fixed Income","Art.6","2017-10-31","A2DUHR",1035,"UBS"
"d5f167f8-1030-4a6d-93f0-a516583651b8","IE00BYVHJM24","UBS MSCI ACWI Universal UCITS ETF hJPY acc","UBS","IE","Physical (Full replication)","0.260","21979370000","MSCI ACWI Universal Low Carbon Select 5% Issuer Capped with Developed Markets 100% Hedged to JPY Index (Net Total Return)","JPY",NULL,"2026-09-07 20:18:32.921896","2026-09-07 20:18:32.921897","Accumulating","Equities","Art.8","2018-03-15","A2H9EJ",2105,"UBS"
"344c4acc-7953-4d93-a4f7-9d8967bf6e15","LU0950676113","UBS Core BBG US Treasury 1-3 UCITS ETF USD acc","UBS","LU","Physical (Full replication)","0.070","104300000","Bloomberg US 1-3 Year Treasury Bond Total Return","USD",NULL,"2026-09-07 20:18:32.921898","2026-09-07 20:18:32.921898","Accumulating","Fixed Income","Art.6","2018-01-31","A1W3B3",96,"UBS"
"a00a1dd3-b510-425d-aad6-ff83932184a7","LU0950676469","UBS Core BBG US Treasury 1-10 UCITS ETF USD acc","UBS","LU","Physical (Full replication)","0.070","54030000","Bloomberg U.S. Treasury: Intermediate Index (Total Return Net)","USD",NULL,"2026-09-07 20:18:32.921899","2026-09-07 20:18:32.921899","Accumulating","Fixed Income","Art.6","2018-01-31","A1W3BT",198,"UBS"
"b19b8f24-70db-4ce2-b6f4-6ffba6fe22b4","LU1324517454","UBS BBG USD EM Sovereign UCITS ETF USD acc","UBS","LU","Physical + Optimized (equities) / sampled (bonds)","0.250","10900000","Bloomberg Emerging Markets USD Sovereign & Agency 3% Country Capped Index","USD",NULL,"2026-09-07 20:18:32.9219","2026-09-07 20:18:32.9219","Accumulating","Fixed Income","Art.6","2018-01-31","A1439S",965,"UBS"
"42088859-b65a-43c7-8d2a-866691800278","LU1645386217","UBS J.P. Morgan USD EM Diversified Bond 1-5 UCITS ETF hCHF acc","UBS","LU","Physical + Optimized (equities) / sampled (bonds)","0.380","9440000","J.P. Morgan USD EM Diversified 3% capped 1-5 Year Bond Index hedged to CHF","CHF",NULL,"2026-09-07 20:18:32.921901","2026-09-07 20:18:32.921902","Accumulating","Fixed Income","Art.6","2018-02-28","A2DUHV",1035,"UBS"
"371e4ad1-89c5-436d-9e8b-e37086704212","LU1645386480","UBS J.P. Morgan USD EM Diversified Bond 1-5 UCITS ETF hEUR acc","UBS","LU","Physical + Optimized (equities) / sampled (bonds)","0.380","317330000","J.P. Morgan USD EM Diversified 3% capped 1-5 Year Bond Index hedged to EUR","EUR",NULL,"2026-09-07 20:18:32.921903","2026-09-07 20:18:32.921903","Accumulating","Fixed Income","Art.6","2018-02-28","A2DUHX",1035,"UBS"
"a6286d41-f8fd-4e87-8ed0-ec7a91852ab2","LU1645386647","UBS J.P. Morgan USD EM Diversified Bond 1-5 UCITS ETF hGBP dis","UBS","LU","Physical + Optimized (equities) / sampled (bonds)","0.380","6350000","J.P. Morgan USD EM Diversified 3% capped 1-5 Year Bond Index hedged to GBP","GBP",NULL,"2026-09-07 20:18:32.921904","2026-09-07 20:18:32.921904","Distributing","Fixed Income","Art.6","2018-02-28","A2DUHY",1035,"UBS"
"b6c72cd1-b04d-4f95-83af-bdb41dc19e20","LU1720938841","UBS J.P. Morgan EM Multi-Factor Enhanced Local Currency Bond UCITS ETF USD dis","UBS","LU","Physical + Optimized (equities) / sampled (bonds)","0.400","72150000","J.P. Morgan Emerging Market Enhanced Multi-Factor Local Currency Bond Index","USD",NULL,"2026-09-07 20:18:32.921907","2026-09-07 20:18:32.921907","Distributing","Fixed Income","Art.6","2018-09-05","A2JBPA",768,"UBS"
"8e2c3225-ef67-46aa-a9b0-6ef120c165d0","LU0950674332","UBS MSCI World Socially Responsible UClTS ETF USD acc","UBS","LU","Physical (Full replication)","0.220","2107500000","MSCI World SRI Low Carbon Select 5% Issuer Capped Total Return Net","USD",NULL,"2026-09-07 20:18:32.921908","2026-09-07 20:18:32.921909","Accumulating","Equities","Art.8","2018-02-14","A1W3CQ",360,"UBS"
"21116b5a-5ec8-4797-b87e-1dab44b3cfbf","IE00BF0V4615","UBS BBG Commodity CMCI SF UCITS ETF hGBP acc","UBS","IE","Synthetic","0.340","103350000","UBS BCOM Constant Maturity Commodity Index hedged to GBP","GBP",NULL,"2026-09-07 20:18:32.92191","2026-09-07 20:18:32.92191","Accumulating","Commodities","Art.6","2018-03-01","A2JEEZ",NULL,"UBS"
"0c5e1c61-2585-47f8-817c-9a67b9ba4965","IE00BYT5CX00","UBS CMCI ex-Agriculture SF UCITS ETF hGBP acc","UBS","IE","Synthetic","0.340","1980000","UBS CMCI Ex-Agriculture Ex-Livestock Capped Index GBP Hedged Total Return","GBP",NULL,"2026-09-07 20:18:32.921911","2026-09-07 20:18:32.921911","Accumulating","Commodities","Art.6","2018-03-01","A2JEL1",NULL,"UBS"
"39dfbbc1-6657-4ca2-9336-3cd06e0bd9d4","IE00BDQZN550","UBS MSCI ACWI Universal UCITS ETF hGBP acc","UBS","IE","Physical (Full replication)","0.260","221920000","MSCI ACWI Universal Low Carbon Select 5% Issuer Capped with Developed Markets 100% Hedged to GBP Index (Net Total Return)","GBP",NULL,"2026-09-07 20:18:32.921912","2026-09-07 20:18:32.921913","Accumulating","Equities","Art.8","2018-06-07","A2JHVY",2105,"UBS"
"d9262f31-e738-4c0f-8c82-8c2fc9384805","IE00BDR5H297","UBS Global Gender Equality UCITS ETF hGBP acc","UBS","IE","Physical (Full replication)","0.230","3120000","Solactive Equileap Global Gender Equality 100 Leaders Net Total Return Index GBP Currency Hedged","GBP",NULL,"2026-09-07 20:18:32.921914","2026-09-07 20:18:32.921914","Accumulating","Equities","Art.8","2018-06-07","A2JHVX",99,"UBS"
"6bb479b8-c941-4397-865d-ffc6ffd0f197","LU1804202403","UBS MSCI EMU Select Factor Mix UCITS ETF EUR acc","UBS","LU","Physical (Full replication)","0.340","16480000","MSCI EMU Select Factor Mix Total Return Net","EUR",NULL,"2026-09-07 20:18:32.921915","2026-09-07 20:18:32.921915","Accumulating","Equities","Art.6","2018-06-27","A2JKF5",559,"UBS"
"7f097b49-29a9-4507-876c-706498655fe5","LU1805389258","UBS Core BBG Euro Area Liquid Corp UCITS ETF EUR dis","UBS","LU","Physical + Optimized (equities) / sampled (bonds)","0.120","39920000","Bloomberg Euro Area Liquid Corporate Index (Total Return Net)","EUR",NULL,"2026-09-07 20:18:32.921916","2026-09-07 20:18:32.921916","Distributing","Fixed Income","Art.8","2018-05-31","A2JLRU",1085,"UBS"
"6e284609-ace3-4e2c-bdca-ee86067e9629","LU0950674175","UBS Core MSCI EM UCITS ETF USD acc","UBS","LU","Physical + Optimized (equities) / sampled (bonds)","0.180","9210200000","MSCI Emerging Markets Total Return Net","USD",NULL,"2026-09-07 20:18:32.921917","2026-09-07 20:18:32.921918","Accumulating","Equities","Art.6","2018-06-18","A1W3CN",1178,"UBS"
"785b2408-722a-474e-b4bb-d348cfb9b098","LU1852212965","UBS Sustainable Development Bank Bonds UCITS ETF USD dis","UBS","LU","Physical + Optimized (equities) / sampled (bonds)","0.150","39410000","Solactive Global Multilateral Development Bank Bond USD 25% Issuer Capped TR Index","USD",NULL,"2026-09-07 20:18:32.921919","2026-09-07 20:18:32.921919","Distributing","Fixed Income","Art.9","2018-11-08","A2JQW6",100,"UBS"
"aeeb26c9-872f-41bf-a770-3f82ec634843","LU1852211991","UBS Sustainable Development Bank Bonds UCITS ETF hEUR acc","UBS","LU","Physical + Optimized (equities) / sampled (bonds)","0.180","911990000","Solactive Global Multilateral Development Bank Bond USD 25% Issuer Capped hedged to EUR Total Return Index","EUR",NULL,"2026-09-07 20:18:32.92192","2026-09-07 20:18:32.92192","Accumulating","Fixed Income","Art.9","2019-04-30","A2JQXC",100,"UBS"
"af3ff958-fd0d-4451-b0b3-7c3f34ee758a","IE00BDGV0415","UBS MSCI USA Select Factor Mix UCITS ETF USD acc","UBS","IE","Physical (Full replication)","0.250","127800000","MSCI USA Select Factor Mix Index","USD",NULL,"2026-09-07 20:18:32.921922","2026-09-07 20:18:32.921922","Accumulating","Equities","Art.6","2018-10-16","A2JSD1",2027,"UBS"
"70d8802a-a1b3-4a4b-af6e-21be301ea6ee","LU1852211215","UBS Sustainable Development Bank Bonds UCITS ETF USD acc","UBS","LU","Physical + Optimized (equities) / sampled (bonds)","0.150","456190000","Solactive Global Multilateral Development Bank Bond USD 25% Issuer Capped TR Index","USD",NULL,"2026-09-07 20:18:32.921923","2026-09-07 20:18:32.921923","Accumulating","Fixed Income","Art.9","2018-11-08","A2JQW7",100,"UBS"
"db4c3ad8-99dd-495a-bce4-05edc3a1b21c","LU1852211561","UBS Sustainable Development Bank Bonds UCITS ETF hCHF acc","UBS","LU","Physical + Optimized (equities) / sampled (bonds)","0.180","179790000","Solactive Global Multilateral Development Bank Bond USD 25% Issuer Capped hedged to CHF Total Return Index","CHF",NULL,"2026-09-07 20:18:32.921924","2026-09-07 20:18:32.921925","Accumulating","Fixed Income","Art.9","2019-04-30","A2JQXA",100,"UBS"
"6eaae553-8b88-42af-9da2-3f9564e90cb0","IE00BHXMHK04","UBS S&P 500 Scored & Screened UCITS ETF USD dis","UBS","IE","Physical (Full replication)","0.100","557290000","S&P 500 Scored & Screened Index (Net Total Return)","USD",NULL,"2026-09-07 20:18:32.921926","2026-09-07 20:18:32.921926","Distributing","Equities","Art.8","2019-03-25","A2PEZ8",326,"UBS"
"4ac50d62-a3b7-4837-85d2-74b1098d2a4e","LU1459803133","UBS BBG TIPS 10+ UCITS ETF hGBP dis","UBS","LU","Physical (Full replication)","0.130","12500000","Bloomberg US Government 10+ Year Inflation-Linked Bond Index hedged to GBP","GBP",NULL,"2026-09-07 20:18:32.921927","2026-09-07 20:18:32.921927","Distributing","Fixed Income","Art.6","2019-01-31","A2APA9",17,"UBS"
"907a6abb-7ab6-475f-a4d7-01711af43893","IE00BFG1TN78","iShares Developed World Screened Index Fund (IE) Inst Acc USD","iShares","IE",NULL,"0.170","5171071623","MSCI World Screened Index","USD",NULL,"2026-09-07 20:18:36.180806","2026-09-07 20:18:36.180809","Accumulating","Equities","Art. 8","2018-04-20",NULL,NULL,"iShares"
"24c37c69-ebac-4ef0-96a3-c84c2e5f215b","IE00B1XNHC34","iShares Global Clean Energy Transition UCITS ETF USD (Dist)","iShares","IE","Physical (Full replication)","0.650","3494537061","S&P Global Clean Energy Transition Index in USD","USD",NULL,"2026-09-07 20:18:36.180812","2026-09-07 20:18:36.180812","Distributing","Equities","Art. 8","2007-07-06",NULL,NULL,"iShares"
"7b2ccf46-449d-4706-8cc3-2cdfc02d5690","IE00B6R51Z18","iShares Oil & Gas Exploration & Production UCITS ETF USD (Acc)","iShares","IE","Physical (Full replication)","0.550","443214045","S&P Commodity Producers Oil & Gas Exploration & Production Index NTR","USD",NULL,"2026-09-07 20:18:36.180814","2026-09-07 20:18:36.180814","Accumulating","Equities","Andere","2011-09-16",NULL,NULL,"iShares"
"34f475e3-d37e-4581-902a-33b1426aa662","IE00B6R52036","iShares Gold Producers UCITS ETF USD (Acc)","iShares","IE","Physical (Full replication)","0.550","4747481258","S&P Commodity Producers Gold Index NTR","USD",NULL,"2026-09-07 20:18:36.180815","2026-09-07 20:18:36.180815","Accumulating","Equities","Andere","2011-09-16",NULL,NULL,"iShares"
"218d428d-e0dc-40c4-85bc-915ea006f119","IE00B1TXK627","iShares Global Water UCITS ETF USD (Dist)","iShares","IE","Physical (Full replication)","0.650","2208776586","S&P Global Water Index (NET) (USD)","USD",NULL,"2026-09-07 20:18:36.180817","2026-09-07 20:18:36.180817","Distributing","Equities","Art. 8","2007-03-16",NULL,NULL,"iShares"
"500ce239-0509-4804-b56e-9eeed2765bb1","IE00B27YCF74","iShares Global Timber & Forestry UCITS ETF USD (Dist)","iShares","IE","Physical (Full replication)","0.650","88238009","S&P Global Timber & Forestry Index (Net)","USD",NULL,"2026-09-07 20:18:36.180818","2026-09-07 20:18:36.180818","Distributing","Equities","Art. 8","2007-10-12",NULL,NULL,"iShares"
"8e3f8e2f-113a-4558-ba61-b012f704cc3f","IE00B1TXHL60","iShares Listed Private Equity UCITS ETF USD (Dist)","iShares","IE","Physical (Full replication)","0.750","1001016489","S&P LISTED PRIVATE EQUITY INDEX (NET) (USD)","USD",NULL,"2026-09-07 20:18:36.18082","2026-09-07 20:18:36.18082","Distributing","Equities","Andere","2007-03-16",NULL,NULL,"iShares"
"38487b1f-dfb0-4c4a-aba9-d5c152cc1d4d","IE00B2QWCY14","iShares S&P SmallCap 600 UCITS ETF USD (Dist)","iShares","IE","Physical (Sampling)","0.300","3206282595","S&P 600 Small Cap Index (NET)","USD",NULL,"2026-09-07 20:18:36.180821","2026-09-07 20:18:36.180822","Distributing","Equities","Andere","2008-05-09",NULL,NULL,"iShares"
"be16f02f-3c36-4fc6-818c-1443fb4f1a3f","IE00B7F1RC73","iShares Developed Real Estate Index Fund (IE) Inst Dist EUR","iShares","IE",NULL,"0.230","1578871775","FTSE EPRA Nareit Developed Net Index EUR (EUR)","EUR",NULL,"2026-09-07 20:18:36.180823","2026-09-07 20:18:36.180824","Distributing","Real Estate","Andere","2012-08-08",NULL,NULL,"iShares"
"c7f1da4e-4264-433b-8d5b-ccf978d14045","DE0005933964","iShares SLI UCITS ETF (DE)","iShares","DE","Physical (Full replication)","0.510","522579829","SLI Total Return (open)","CHF",NULL,"2026-09-07 20:18:36.180825","2026-09-07 20:18:36.180825","Distributing","Equities","Andere","2001-03-22",NULL,NULL,"iShares"
"80fd858a-7ddf-4195-b424-4b8ccefd289d","IE0002W8NB38","iShares MSCI USA Swap UCITS ETF USD (Acc)","iShares","IE","Swap","0.050","7839134631","MSCI USA Index","USD",NULL,"2026-09-07 20:18:36.182495","2026-09-07 20:18:36.182495","Accumulating","Equities","Andere","2022-10-27",NULL,NULL,"iShares"
"965f841a-6d84-43ee-adf2-f1204ac7fa80","IE00BVDPJP67","iShares MSCI Europe ex-UK GBP Hedged UCITS ETF (Dist)","iShares","IE","Physical (Sampling)","0.400","180000817","MSCI Europe ex UK Net 100% GBP Hedge Index","GBP",NULL,"2026-09-07 20:18:36.180827","2026-09-07 20:18:36.180827","Distributing","Equities","Andere","2015-03-31",NULL,NULL,"iShares"
"a675369f-cef9-4da4-b4d8-616184b4873c","DE0002635307","iShares STOXX Europe 600 UCITS ETF (DE) EUR (Dist)","iShares","DE","Physical (Full replication)","0.200","10610460568","STOXX Europe 600 Index (EUR)","EUR",NULL,"2026-09-07 20:18:36.180829","2026-09-07 20:18:36.180829","Distributing","Equities","Andere","2004-02-13",NULL,NULL,"iShares"
"3e085c5a-6bad-4197-9249-c915f7e7cdf1","DE0005933949","iShares STOXX Europe 600 Top 20 UCITS ETF (DE)","iShares","DE","Physical (Full replication)","0.200","141489526","STOXX Europe 600 Top 20 Net Index","EUR",NULL,"2026-09-07 20:18:36.18083","2026-09-07 20:18:36.180831","Distributing","Equities","Andere","2000-12-27",NULL,NULL,"iShares"
"01b167c9-bd99-42fd-8eef-9ef656b7ffed","IE00BYX2JD69","iShares MSCI World SRI UCITS ETF EUR (Acc)","iShares","IE","Physical (Full replication)","0.200","10829714861","MSCI WORLD SRI SELECT REDUCED FOSSIL FUEL Index EUR","EUR",NULL,"2026-09-07 20:18:36.180832","2026-09-07 20:18:36.180832","Accumulating","Equities","Art. 8","2017-10-12",NULL,NULL,"iShares"
"dd7abdde-2ef6-4986-8d7b-38fb8e01e102","IE0008470928","iShares STOXX Europe 50 UCITS ETF EUR (Dist)","iShares","IE","Physical (Full replication)","0.350","570617944","STOXX Europe 50","EUR",NULL,"2026-09-07 20:18:36.180834","2026-09-07 20:18:36.180834","Distributing","Equities","Andere","2000-04-03",NULL,NULL,"iShares"
"0417350c-e484-4278-aca2-7de733b87b69","IE00BD9H4D36","iShares Emerging Markets Local Government Bond Index Fund (IE) Flex EUR ACC","iShares","IE",NULL,"0.100","2213843794","JP Morgan GBI-EM Global Diversified Index (EUR)","EUR",NULL,"2026-09-07 20:18:36.180836","2026-09-07 20:18:36.180836","Accumulating","Obligationen","Andere","2018-05-04",NULL,NULL,"iShares"
"191601d2-bb66-4ada-845f-d82ea2cf8ffd","DE000A0F5UJ7","iShares STOXX Europe 600 Banks UCITS ETF (DE)","iShares","DE","Physical (Full replication)","0.460","3725491909","STOXX Europe 600 Banks (Capped) NET","EUR",NULL,"2026-09-07 20:18:36.180838","2026-09-07 20:18:36.180838","Distributing","Equities","Andere","2001-04-25",NULL,NULL,"iShares"
"101eebb3-41ca-4c21-926e-53a4886c4dc0","DE000A0Q4R28","iShares STOXX Europe 600 Automobiles & Parts UCITS ETF (DE) EUR (Dist)","iShares","DE","Physical (Full replication)","0.460","194876350","STOXX Europe 600 Automobiles & Parts (Capped) TR (EUR)","EUR",NULL,"2026-09-07 20:18:36.180839","2026-09-07 20:18:36.18084","Distributing","Equities","Andere","2002-07-08",NULL,NULL,"iShares"
"eb752a03-97c0-4520-a67a-d8ad82865c86","DE000A0H08E0","iShares STOXX Europe 600 Chemicals UCITS ETF (DE)","iShares","DE","Physical (Full replication)","0.460","102880268","STOXX Europe 600 Chemicals (Capped) TR - Net","EUR",NULL,"2026-09-07 20:18:36.180842","2026-09-07 20:18:36.180842","Distributing","Equities","Andere","2002-07-08",NULL,NULL,"iShares"
"82ce17e3-ead8-46b4-bca9-3e59972fafc6","IE00BKPX8H66","iShares Ultra High Quality Euro Government Bond Index Fund (IE) Flexible Dist EUR","iShares","IE",NULL,"0.030","218353460","iBoxx Eurozone AAA Index (EUR)","EUR",NULL,"2026-09-07 20:18:36.180843","2026-09-07 20:18:36.180844","Distributing","Obligationen","Andere","2020-03-17",NULL,NULL,"iShares"
"3e538fc9-afe3-4b9e-a6f7-aa3fb296257f","DE000A0F5UK5","iShares STOXX Europe 600 Basic Resources UCITS ETF (DE)","iShares","DE","Physical (Full replication)","0.460","551150185","STOXX Europe 600 Basic Resources (Capped) TR -Net","EUR",NULL,"2026-09-07 20:18:36.180845","2026-09-07 20:18:36.180845","Distributing","Equities","Andere","2002-07-08",NULL,NULL,"iShares"
"da328932-3596-4fea-a363-5321a62256a1","IE00BD9H4C29","iShares Emerging Markets Government Bond Index Fund (IE) Flex EUR Hedged ACC","iShares","IE",NULL,"0.030","3567595822","JPM Emerging Markets Bond Index Global Diversified Custom Defaults","EUR",NULL,"2026-09-07 20:18:36.180847","2026-09-07 20:18:36.180847","Accumulating","Obligationen","Andere","2018-05-04",NULL,NULL,"iShares"
"454f66e9-a12b-4f28-bc76-4506406c1ff7","DE000A0H08G5","iShares STOXX Europe 600 Financial Services UCITS ETF (DE)","iShares","DE","Physical (Full replication)","0.460","102262900","STOXX Europe 600 Financial Services (Capped) TR -Net","EUR",NULL,"2026-09-07 20:18:36.180848","2026-09-07 20:18:36.180849","Distributing","Equities","Andere","2002-07-08",NULL,NULL,"iShares"
"66f1282e-ab89-4d7a-a541-9d93eb97c13a","DE000A0H08F7","iShares STOXX Europe 600 Construction & Materials UCITS ETF (DE)","iShares","DE","Physical (Full replication)","0.460","810990490","STOXX Europe 600 Construction & Materials (Capped) TR","EUR",NULL,"2026-09-07 20:18:36.18085","2026-09-07 20:18:36.180851","Distributing","Equities","Andere","2002-07-08",NULL,NULL,"iShares"
"fbb2d772-2941-447b-81f9-3f339884efff","DE000A0Q4R36","iShares STOXX Europe 600 Health Care UCITS ETF (DE)","iShares","DE","Physical (Full replication)","0.460","711051958","STOXX Europe 600 HealthCare (Capped) TR","EUR",NULL,"2026-09-07 20:18:36.180852","2026-09-07 20:18:36.180852","Distributing","Equities","Andere","2001-04-25",NULL,NULL,"iShares"
"990f62bb-8414-4854-92fa-609cf0e740dc","DE000A0H08H3","iShares STOXX Europe 600 Food & Beverage UCITS ETF (DE)","iShares","DE","Physical (Full replication)","0.460","315628478","STOXX Europe 600 Food and Beverage (Capped) TR - Net","EUR",NULL,"2026-09-07 20:18:36.180854","2026-09-07 20:18:36.180854","Distributing","Equities","Andere","2002-07-08",NULL,NULL,"iShares"
"3b8d6b61-91b1-4e86-90a4-47b1d48a6f2c","DE000A0H08K7","iShares STOXX Europe 600 Insurance UCITS ETF (DE)","iShares","DE","Physical (Full replication)","0.460","614012443","STOXX Europe 600 Insurance (Capped) TR","EUR",NULL,"2026-09-07 20:18:36.180855","2026-09-07 20:18:36.180855","Distributing","Equities","Andere","2002-07-08",NULL,NULL,"iShares"
"388968c8-5867-47d4-8cb5-ddad0720bbed","IE00BGSF1X88","iShares $ Treasury Bond 0-1yr UCITS ETF USD (Acc)","iShares","IE","Sampling","0.070","27597425876","ICE U.S. Treasury Short Bond Index (USD)","USD",NULL,"2026-09-07 20:18:36.180856","2026-09-07 20:18:36.180857","Accumulating","Obligationen","Andere","2019-02-20",NULL,NULL,"iShares"
"8a8e0ba6-b281-4943-a174-41ffeea4c992","DE000A0H08J9","iShares STOXX Europe 600 Industrial Goods & Services UCITS ETF (DE)","iShares","DE","Physical (Full replication)","0.460","576206729","STOXX Europe 600 Industrial Goods & Services (Capped) TR -Net","EUR",NULL,"2026-09-07 20:18:36.180858","2026-09-07 20:18:36.180858","Distributing","Equities","Andere","2002-07-08",NULL,NULL,"iShares"
"249c55f3-36ca-4924-8ac4-637053efb44b","IE0006WLE232","iShares Developed Real Estate Index Fund (IE) S Dist GBP","iShares","IE",NULL,"0.110","1578871775","FTSE EPRA Nareit Developed Net Total Return in GBP (GBP)","GBP",NULL,"2026-09-07 20:18:36.180859","2026-09-07 20:18:36.18086","Distributing","Real Estate","Andere","2024-06-21",NULL,NULL,"iShares"
"28bd87aa-f49d-4240-bb59-b9d3c44a2d27","IE0004QCXJQ1","iShares Developed Real Estate Index Fund (IE) S Acc GBP","iShares","IE",NULL,"0.110","1578871775","FTSE EPRA Nareit Developed Net Total Return in GBP (GBP)","GBP",NULL,"2026-09-07 20:18:36.180861","2026-09-07 20:18:36.180861","Accumulating","Real Estate","Andere","2024-06-21",NULL,NULL,"iShares"
"a3b8eac1-ad3b-422d-9091-28424c3d65ec","DE000A0H08M3","iShares STOXX Europe 600 Oil & Gas UCITS ETF (DE)","iShares","DE","Physical (Full replication)","0.470","577063674","STOXX Europe 600 Oil & Gas (Capped) TR","EUR",NULL,"2026-09-07 20:18:36.180862","2026-09-07 20:18:36.180862","Distributing","Equities","Andere","2002-07-08",NULL,NULL,"iShares"
"584f086a-13f7-4919-a497-14c1ac04ff97","DE000A0H08L5","iShares STOXX Europe 600 Media UCITS ETF (DE)","iShares","DE","Physical (Full replication)","0.460","15960819","STOXX Europe 600 Media (Capped) TR","EUR",NULL,"2026-09-07 20:18:36.180863","2026-09-07 20:18:36.180864","Distributing","Equities","Andere","2002-07-08",NULL,NULL,"iShares"
"1a643bd0-1c69-40ac-acc5-4f3f6d85ca58","DE000A0H08P6","iShares STOXX Europe 600 Retail UCITS ETF (DE)","iShares","DE","Physical (Full replication)","0.460","10983506","STOXX Europe 600 Retail (Capped) TR - Net","EUR",NULL,"2026-09-07 20:18:36.180865","2026-09-07 20:18:36.180865","Distributing","Equities","Andere","2002-07-08",NULL,NULL,"iShares"
"d3a88af0-fd7f-4305-b2f9-a06d32e77fcc","DE000A0Q4R44","iShares STOXX Europe 600 Real Estate UCITS ETF (DE)","iShares","DE","Physical (Full replication)","0.460","60234742","STOXX Europe 600 Real Estate (TR) Index - Net","EUR",NULL,"2026-09-07 20:18:36.180866","2026-09-07 20:18:36.180866","Distributing","Real Estate","Andere","2006-09-19",NULL,NULL,"iShares"
"461b4e57-81dc-4acd-a787-c226bb672f37","DE000A0H08N1","iShares STOXX Europe 600 Personal & Household Goods UCITS ETF (DE)","iShares","DE","Physical (Full replication)","0.460","185424522","STOXX Europe 600 Personal & Household Goods (Capped) TR -Net","EUR",NULL,"2026-09-07 20:18:36.180868","2026-09-07 20:18:36.180868","Distributing","Equities","Andere","2002-07-08",NULL,NULL,"iShares"
"01fd5d6c-559e-4d80-8cf1-0b1153bd63ca","DE000A0H08R2","iShares STOXX Europe 600 Telecommunications UCITS ETF (DE)","iShares","DE","Physical (Full replication)","0.460","251963482","STOXX Europe 600 Telecommunications (Capped) TR","EUR",NULL,"2026-09-07 20:18:36.180869","2026-09-07 20:18:36.18087","Distributing","Equities","Andere","2001-04-25",NULL,NULL,"iShares"
"53ebbe58-5896-4fb8-b18e-42b704f194ec","DE000A0H08Q4","iShares STOXX Europe 600 Technology UCITS ETF (DE) EUR (Dist)","iShares","DE","Physical (Full replication)","0.460","249291415","STOXX Europe 600 Technology (Capped) TR (EUR)","EUR",NULL,"2026-09-07 20:18:36.180871","2026-09-07 20:18:36.180871","Distributing","Equities","Andere","2001-04-25",NULL,NULL,"iShares"
"6e593ff8-ad94-4bd2-a260-3a763067dd7e","DE000A0Q4R02","iShares STOXX Europe 600 Utilities UCITS ETF (DE)","iShares","DE","Physical (Full replication)","0.460","784425946","STOXX Europe 600 Utilities (Capped) TR","EUR",NULL,"2026-09-07 20:18:36.180872","2026-09-07 20:18:36.180873","Distributing","Equities","Andere","2002-07-08",NULL,NULL,"iShares"
"54ee90ac-e7c4-4c78-bcda-f3d93669aa7a","DE000A0H08S0","iShares STOXX Europe 600 Travel & Leisure UCITS ETF (DE)","iShares","DE","Physical (Full replication)","0.460","71394534","STOXX Europe 600 Travel & Leisure (Capped) TR - Net","EUR",NULL,"2026-09-07 20:18:36.180874","2026-09-07 20:18:36.180874","Distributing","Equities","Andere","2002-07-08",NULL,NULL,"iShares"
"02c626e5-8276-4ca1-84e4-5981e1f852b0","IE00BCRY6557","iShares € Ultrashort Bond UCITS ETF EUR (Dist)","iShares","IE","Sampling","0.090","6134465751","iBoxx EUR Liquid Investment Grade Ultrashort Index (EUR)","EUR",NULL,"2026-09-07 20:18:36.180875","2026-09-07 20:18:36.180875","Distributing","Obligationen","Andere","2013-10-16",NULL,NULL,"iShares"
"f0b42bcd-e045-4b70-be8b-e0c8878195bb","DE0005933972","iShares TecDAX® UCITS ETF (DE) EUR (Acc)","iShares","DE","Physical (Full replication)","0.510","655041585","TecDAX (Performance Index) NET (EUR)","EUR",NULL,"2026-09-07 20:18:36.180876","2026-09-07 20:18:36.180877","Accumulating","Equities","Andere","2001-04-06",NULL,NULL,"iShares"
"04145145-6ddd-4bfb-9cb7-c708ecf5b36a","IE00BDDRDW15","iShares JP Morgan Advanced $ EM Bond UCITS ETF USD (Dist)","iShares","IE","Sampling","0.450","3591890057","JPM Screened Tilted & Reweighted EMBI Global Dvsd Index (JSTAR EMBI)","USD",NULL,"2026-09-07 20:18:36.180878","2026-09-07 20:18:36.180878","Distributing","Obligationen","Art. 8","2018-09-24",NULL,NULL,"iShares"
"4829358f-13dc-45b1-b8f6-10fd7626f00f","IE00BF553838","iShares JP Morgan Advanced $ EM Bond UCITS ETF USD (Acc)","iShares","IE","Sampling","0.450","3591890057","JPM Screened Tilted & Reweighted EMBI Global Dvsd Index (JSTAR EMBI)","USD",NULL,"2026-09-07 20:18:36.180879","2026-09-07 20:18:36.180879","Accumulating","Obligationen","Art. 8","2018-09-24",NULL,NULL,"iShares"
"a6eee4d0-1890-41d5-be9b-7925a2cc913d","IE00BCRY6227","iShares $ Ultrashort Bond UCITS ETF USD (Dist)","iShares","IE","Sampling","0.090","2728405147","iBoxx USD Liquid Investment Grade Ultrashort Index (USD)","USD",NULL,"2026-09-07 20:18:36.18088","2026-09-07 20:18:36.180881","Distributing","Obligationen","Andere","2013-10-15",NULL,NULL,"iShares"
"570e73f5-1147-4e93-b6b2-add1e142934b","DE000A0F5UH1","iShares STOXX Global Select Dividend 100 UCITS ETF (DE)","iShares","DE","Physical (Full replication)","0.460","5298966015","STOXX Global Select Dividend 100 (EUR)","EUR",NULL,"2026-09-07 20:18:36.180882","2026-09-07 20:18:36.180882","Distributing","Equities","Andere","2009-09-25",NULL,NULL,"iShares"
"084c9582-5e02-485c-9ad9-ee90e3f4e042","IE000929U2U9","iShares $ Sukuk UCITS ETF USD (Dist)","iShares","IE","Sampling","0.400","190481808","J.P. Morgan EM Aggregate Sukuk Index","USD",NULL,"2026-09-07 20:18:36.180883","2026-09-07 20:18:36.180883","Distributing","Obligationen","Andere","2024-01-17",NULL,NULL,"iShares"
"144f7fe8-e5f4-4fe8-a62b-b04799edb911","IE00BCRY5Y77","iShares $ Short Duration Corp Bond UCITS ETF USD (Dist)","iShares","IE","Sampling","0.200","9077376127","iBoxx USD Liquid Investment Grade 0-5 Index","USD",NULL,"2026-09-07 20:18:36.180884","2026-09-07 20:18:36.180885","Distributing","Obligationen","Andere","2013-10-16",NULL,NULL,"iShares"
"fddf3feb-f433-45ef-8535-14d82a92adcd","IE00BCRY6003","iShares $ Short Duration High Yield Corp Bond UCITS ETF USD (Dist)","iShares","IE","Sampling","0.450","2781939138","iBoxx USD Liquid High Yield 0-5 Capped Index (USD)","USD",NULL,"2026-09-07 20:18:36.180886","2026-09-07 20:18:36.180887","Distributing","Obligationen","Andere","2013-10-15",NULL,NULL,"iShares"
"b2f01ae2-184a-4b39-9861-affb615c5b79","LU1811364139","BGIF iShares Global Government Bond Index Fund (LU) D2 USD","iShares","LU",NULL,"0.220","1322518464","FTSE World Government Bond Index (USD)","USD",NULL,"2026-09-07 20:18:36.180888","2026-09-07 20:18:36.180888","Accumulating","Obligationen","Andere","2018-05-02",NULL,NULL,"iShares"
"0fa4ee5c-60c8-43bb-89fb-09a819431771","LU1811364055","BGIF iShares World Equity Index Fund (LU) D2 USD","iShares","LU",NULL,"0.220","5094713775","MSCI World Index (custom) (USD)","USD",NULL,"2026-09-07 20:18:36.180889","2026-09-07 20:18:36.180889","Accumulating","Equities","Andere","2018-05-02",NULL,NULL,"iShares"
"3182a018-c9a8-4685-95ad-7a3eb0ddabea","IE000NLX0C90","iShares Euro 0-5 year Government Bond Index Fund (IE) D Acc EUR","iShares","IE",NULL,"0.100","2471889","FTSE 0-5 Year EMU Government Bond Index","EUR",NULL,"2026-09-07 20:18:36.18089","2026-09-07 20:18:36.180891","Accumulating","Obligationen","Andere","2025-12-09",NULL,NULL,"iShares"
"b236ddd5-d330-4e80-b08a-95d436656db9","LU1811363917","BGIF iShares North America Equity Index Fund (LU) D2 EUR","iShares","LU",NULL,"0.220","674619332","MSCI North America Net EUR (Custom 4pm LUX) (EUR)","EUR",NULL,"2026-09-07 20:18:36.180892","2026-09-07 20:18:36.180892","Accumulating","Equities","Andere","2018-05-02",NULL,NULL,"iShares"
"303f0d87-2d88-4992-9e4d-a74f599b2383","IE000LNGZWJ7","iShares World ex Euro 0-5 Year Government Bond Index Fund (IE) Flex Acc USD","iShares","IE",NULL,"0.030","7371363","FTSE Non-EUR World Government Bond 0-5 Years Index","USD",NULL,"2026-09-07 20:18:36.180893","2026-09-07 20:18:36.180893","Accumulating","Obligationen","Andere","2025-12-12",NULL,NULL,"iShares"
"1144331d-c6f6-4a91-b503-10c3870c6daa","LU1811364212","BGIF iShares Emerging Markets Equity Index Fund (LU) D2 USD","iShares","LU",NULL,"0.340","478211067","MSCI Emerging Markets Index (custom) (USD)","USD",NULL,"2026-09-07 20:18:36.180895","2026-09-07 20:18:36.180895","Accumulating","Equities","Andere","2018-05-02",NULL,NULL,"iShares"
"9de9dc38-c5a6-422a-a94d-4311625c7cf3","LU1811364568","BGIF iShares Japan Equity Index Fund (LU) D2 USD","iShares","LU",NULL,"0.260","122396252","MSCI Japan Index (custom) (USD)","USD",NULL,"2026-09-07 20:18:36.180896","2026-09-07 20:18:36.180896","Accumulating","Equities","Andere","2018-05-09",NULL,NULL,"iShares"
"9b005ed9-5d96-4eb0-90cd-9278a46021b7","IE0000F26BG9","iShares US Index Fund (IE) D Acc SGD","iShares","IE",NULL,"0.080","3857168912","S&P 500 Net TR in SGD","SGD",NULL,"2026-09-07 20:18:36.180897","2026-09-07 20:18:36.180897","Accumulating","Equities","Andere","2022-09-30",NULL,NULL,"iShares"
"5da80bf4-28fe-46e7-b511-cb07886ee78a","IE000LK7JPX7","iShares World ex Euro 0-5 Year Government Bond Index Fund (IE) Inst Acc USD","iShares","IE",NULL,"0.150","7371363","FTSE Non-EUR World Government Bond 0-5 Years Index","USD",NULL,"2026-09-07 20:18:36.180899","2026-09-07 20:18:36.180899","Accumulating","Obligationen","Andere","2025-12-12",NULL,NULL,"iShares"
"b21c7a7f-0671-473d-a818-18fe90be6ce5","IE000EARNCT3","iShares Euro 0-5 year Government Bond Index Fund (IE) Flex Acc EUR","iShares","IE",NULL,"0.030","2474390","FTSE 0-5 Year EMU Government Bond Index","EUR",NULL,"2026-09-07 20:18:36.1809","2026-09-07 20:18:36.1809","Accumulating","Obligationen","Andere","2025-12-09",NULL,NULL,"iShares"
"6fe65428-17ae-4f0a-95ad-f35c51e1a417","IE00075MQFI5","iShares Global Inflation-Linked Bond Index Fund Flexible Acc GBP Hedged","iShares","IE",NULL,"0.030","2387814884","BBG World Government Inflation-Linked Bond Index (USD)","GBP",NULL,"2026-09-07 20:18:36.180901","2026-09-07 20:18:36.180902","Accumulating","Obligationen","Andere","2023-03-07",NULL,NULL,"iShares"
"7998c775-0c77-444a-a116-949bea0ebc1b","LU1811364303","BGIF iShares Emerging Markets Equity Index Fund (LU) D2 EUR","iShares","LU",NULL,"0.340","478211067","MSCI EM Net EUR ( custom 4pm LUX ) (EUR)","EUR",NULL,"2026-09-07 20:18:36.180903","2026-09-07 20:18:36.180903","Accumulating","Equities","Andere","2018-05-02",NULL,NULL,"iShares"
"7b3bedde-b946-46b0-bf12-0b4379723033","IE000DK8ZFF9","iShares Euro 0-5 year Government Bond Index Fund (IE) Inst Acc EUR","iShares","IE",NULL,"0.130","2474390","FTSE 0-5 Year EMU Government Bond Index","EUR",NULL,"2026-09-07 20:18:36.180904","2026-09-07 20:18:36.180905","Accumulating","Obligationen","Andere","2025-12-09",NULL,NULL,"iShares"
"1536daab-f873-4300-8c14-da9d3a41b7bc","IE0006BVZZ55","iShares World ex Euro 0-5 Year Government Bond Index Fund (IE) D Acc USD","iShares","IE",NULL,"0.120","7371363","FTSE Non-EUR World Government Bond 0-5 Years Index","USD",NULL,"2026-09-07 20:18:36.180906","2026-09-07 20:18:36.180906","Accumulating","Obligationen","Andere","2025-12-12",NULL,NULL,"iShares"
"16c6096d-5f67-4bd3-be16-8d4e657fdc24","IE000NNYZMJ7","iShares Developed World Index Fund (IE) D Acc SGD","iShares","IE",NULL,"0.120","30362720870","MSCI World Net TR in SGD","SGD",NULL,"2026-09-07 20:18:36.180907","2026-09-07 20:18:36.180908","Accumulating","Equities","Andere","2022-09-30",NULL,NULL,"iShares"
"00799380-e933-4b8b-adef-768a550fb0a3","IE000W5YXLS1","iShares World ex Euro 0-5 Year Government Bond Index Fund (IE) Flex Acc EUR","iShares","IE",NULL,"0.030","7448105","FTSE Non-EUR World Government Bond 0-5 Years Index","EUR",NULL,"2026-09-07 20:18:36.180909","2026-09-07 20:18:36.180909","Accumulating","Obligationen","Andere","2025-12-12",NULL,NULL,"iShares"
"6765a19d-bd20-43bc-a3c8-2ddccbdbdffa","CH0338509083","iShares Emerging Markets Equity Index Fund (CH) Class D CHF","iShares","CH",NULL,"0.250","134331619","MSCI Emerging Markets CHF Net Index (CHF)","CHF",NULL,"2026-09-07 20:18:36.180911","2026-09-07 20:18:36.180911","Accumulating","Equities",NULL,"2017-03-01",NULL,NULL,"iShares"
"410570ad-275a-4e59-a176-723fa20d78af","IE00013A2XD6","iShares MSCI All Country World SRI UCITS ETF USD (Dist)","iShares","IE","Physical (Full replication)","0.200","148008933","MSCI ACWI SRI Select Reduced Fossil Fuel Index (USD)","USD",NULL,"2026-09-07 20:18:36.180913","2026-09-07 20:18:36.180913","Distributing","Equities","Art. 8","2022-12-07",NULL,NULL,"iShares"
"a7245ee9-2083-4333-9b97-f9bb6e53894a","IE000R9FA4A0","iShares S&P 500 Scored and Screened UCITS ETF USD (Acc)","iShares","IE","Physical (Full replication)","0.070","998612461","S&P 500 ESG Index Net (USD)","USD",NULL,"2026-09-07 20:18:36.180914","2026-09-07 20:18:36.180915","Accumulating","Equities","Art. 8","2022-08-02",NULL,NULL,"iShares"
"b0e37fa4-17a6-4d30-82af-d26114727ef1","IE00029JTMU3","iShares Euro Corporate Bond ESG SRI Index Fund (IE) Flex Acc GBP Hedged","iShares","IE",NULL,"0.030","2417699697","iBoxx MSCI ESG SRI EUR Corporates","GBP",NULL,"2026-09-07 20:18:36.180916","2026-09-07 20:18:36.180916","Accumulating","Obligationen","Art. 8","2022-05-13",NULL,NULL,"iShares"
"4e2e95f1-3599-490a-9148-067c6dca72e8","IE000QHB2IO9","iShares Screened Global Corporate Bond Index Fund (IE) D Acc USD Hedged","iShares","IE",NULL,"0.140","4398006983","BBG Global Aggregate Corporate Index (USD)","USD",NULL,"2026-09-07 20:18:36.180917","2026-09-07 20:18:36.180917","Accumulating","Obligationen","Art. 8","2026-08-06",NULL,NULL,"iShares"
"83b51645-1902-4b65-9378-168e6b0cf9e4","LU1064902957","iShares Emerging Markets Government Bond Index Fund (LU) Class I2 USD","iShares","LU",NULL,"0.240","1779515126","JPM Emerging Markets Bond Index Global Diversified Custom Defaults","USD",NULL,"2026-09-07 20:18:36.180918","2026-09-07 20:18:36.180919","Accumulating","Obligationen","Andere","2014-05-07",NULL,NULL,"iShares"
"58f2a086-ab77-40cd-8d66-c6125c131da1","IE00B62NX656","iShares Developed World Index Fund (IE) Inst Dist USD","iShares","IE",NULL,"0.160","30285255874","MSCI World Net TR Index","USD",NULL,"2026-09-07 20:18:36.18092","2026-09-07 20:18:36.18092","Distributing","Equities","Andere","2012-10-12",NULL,NULL,"iShares"
"038bce76-8b35-45bb-a186-0f8122dad55b","IE00BKRWN659","iShares $ Development Bank Bonds UCITS ETF USD (Acc)","iShares","IE","Sampling","0.150","177131245","FTSE World Broad Investment-Grade USD Multi Dev Bank Bond Capped Index (USD","USD",NULL,"2026-09-07 20:18:36.180921","2026-09-07 20:18:36.180922","Accumulating","Obligationen","Art. 9","2019-12-06",NULL,NULL,"iShares"
"fadc9486-4c2a-4eb3-975e-0616e2e2cf7b","IE000YP3OC13","iShares Green Bond Index Fund D Acc JPY Hedged","iShares","IE",NULL,"0.150","1001909415","BBG MSCI Global Green Bond Index (EUR)","JPY",NULL,"2026-09-07 20:18:36.180923","2026-09-07 20:18:36.180923","Accumulating","Obligationen","Art. 9","2021-12-14",NULL,NULL,"iShares"
"27f62d71-975c-4592-862f-ed7abc6385af","IE00BLF5J438","iShares $ Corp Bond UCITS ETF MXN Hedged (Acc)","iShares","IE","Sampling","0.250","8891503988","iBoxx USD Liquid Investment Grade Index","MXN",NULL,"2026-09-07 20:18:36.180924","2026-09-07 20:18:36.180924","Accumulating","Obligationen","Andere","2020-08-19",NULL,NULL,"iShares"
"b7a68001-ad10-42df-bee2-e2bfe09540fd","IE00BLF5J545","iShares $ Corp Bond Interest Rate Hedged UCITS ETF MXN Hedged (Acc)","iShares","IE","Sampling","0.300","224466480","IBOXX US Dollar Liquid Investment Grade IR Hedged Index (USD)","MXN",NULL,"2026-09-07 20:18:36.180925","2026-09-07 20:18:36.180926","Accumulating","Obligationen","Andere","2020-08-19",NULL,NULL,"iShares"
"f8caf4fb-4ffe-47be-a52b-9b5bcb265914","CH0342181952","iShares SBI Screened AAA-BBB Bond Index Fund (CH) Class Y Acc CHF","iShares","CH",NULL,"0.000","1153482734","SBI ESG Screened AAA-BBB (CHF)","CHF",NULL,"2026-09-07 20:18:36.180927","2026-09-07 20:18:36.180927","Accumulating","Obligationen",NULL,"2017-02-28",NULL,NULL,"iShares"
"894329bd-a6c4-4958-87ce-7f54a00374c1","IE00BLF5J651","iShares $ Short Duration High Yield Corp Bond UCITS ETF MXN Hedged (Acc)","iShares","IE","Sampling","0.500","2781939138","iBoxx USD Liquid High Yield 0-5 Capped Index (USD)","MXN",NULL,"2026-09-07 20:18:36.180929","2026-09-07 20:18:36.180929","Accumulating","Obligationen","Andere","2020-08-19",NULL,NULL,"iShares"
"537cf38a-fe1a-4300-bb9f-ea631ea1f47b","IE00BKP5L623","iShares JP Morgan Advanced $ EM Bond UCITS ETF CHF Hedged (Acc)","iShares","IE","Sampling","0.500","3591890057","JPM Screened Tilted & Reweighted EMBI Global Dvsd Index (JSTAR EMBI)","CHF",NULL,"2026-09-07 20:18:36.180931","2026-09-07 20:18:36.180931","Accumulating","Obligationen","Art. 8","2019-11-20",NULL,NULL,"iShares"
"8877238b-3a9d-4dac-b033-b43ce01e58e9","IE00BKP5L409","iShares US Mortgage Backed Securities UCITS ETF EUR Hedged (Acc)","iShares","IE","Sampling","0.300","3919882741","Bloomberg U.S. MBS Index","EUR",NULL,"2026-09-07 20:18:36.180932","2026-09-07 20:18:36.180932","Accumulating","Obligationen","Andere","2019-11-20",NULL,NULL,"iShares"
"8e9f1e5a-3119-4c94-a203-fcb19486a28e","IE00BK5MT033","iShares $ Treasury Bond 20+yr UCITS ETF GBP Hedged (Dist)","iShares","IE","Sampling","0.100","6029286059","ICE U.S. Treasury 20+ Year Bond Index","GBP",NULL,"2026-09-07 20:18:36.180933","2026-09-07 20:18:36.180933","Distributing","Obligationen","Andere","2019-11-20",NULL,NULL,"iShares"
"cb958e54-703d-4bf0-80a2-e04a6f005d01","IE00BKP5L730","iShares JP Morgan Advanced $ EM Bond UCITS ETF EUR Hedged (Acc)","iShares","IE","Sampling","0.500","3591890057","JPM Screened Tilted & Reweighted EMBI Global Dvsd Index (JSTAR EMBI)","EUR",NULL,"2026-09-07 20:18:36.180935","2026-09-07 20:18:36.180935","Accumulating","Obligationen","Art. 8","2019-11-20",NULL,NULL,"iShares"
"9a5d5e7f-1d2d-4c4f-b359-0dbb63eb82fa","IE00BMCZLH06","iShares $ Development Bank Bonds UCITS ETF EUR Hedged (Acc)","iShares","IE","Sampling","0.180","177131245","FTSE World Broad Investment-Grade USD Multi Dev Bank Bond Capped Index (USD","EUR",NULL,"2026-09-07 20:18:36.180936","2026-09-07 20:18:36.180936","Accumulating","Obligationen","Art. 9","2020-08-19",NULL,NULL,"iShares"
"9339e990-2d21-4faf-a0a2-bdf437311ada","IE000PKMKVX7","iShares Screened Global Corporate Bond Index Fund (IE) D Acc GBP Hedged","iShares","IE",NULL,"0.140","4398006983","BBG Global Aggregate Corporate Index (USD)","GBP",NULL,"2026-09-07 20:18:36.180937","2026-09-07 20:18:36.180937","Accumulating","Obligationen","Art. 8","2021-12-22",NULL,NULL,"iShares"
"9bb20e4d-995a-4bbb-869f-1d0fd4837350","IE00BD3V0B10","iShares S&P U.S. Banks UCITS ETF USD (Acc)","iShares","IE","Physical (Full replication)","0.350","1188377930","S&P 900 Banks (Industry) 7/4 Capped Index (USD) NTR (USD)","USD",NULL,"2026-09-07 20:18:36.180939","2026-09-07 20:18:36.180939","Accumulating","Equities","Andere","2018-05-21",NULL,NULL,"iShares"
"c6fc4f16-c9b6-40af-8481-959519646c68","CH0342181747","iShares SPI Equity Index Fund (CH) Class Y CHF","iShares","CH",NULL,"0.000","674498349","Switzerland SPI Index (CHF)","CHF",NULL,"2026-09-07 20:18:36.18094","2026-09-07 20:18:36.18094","Accumulating","Equities",NULL,"2017-03-07",NULL,NULL,"iShares"
"801b8216-ede3-47c7-89b5-df182030cd27","LU1811364725","BGIF iShares Pacific ex Japan Equity Index Fund (LU) D2 USD","iShares","LU",NULL,"0.240","221374624","MSCI Pacific ex Japan Index (custom) (USD)","USD",NULL,"2026-09-07 20:18:36.180942","2026-09-07 20:18:36.180942","Accumulating","Equities","Andere","2018-05-09",NULL,NULL,"iShares"
"dcce6f9f-52fa-487d-a861-35aca0d30f2f","IE00B77JTS94","iShares Developed Real Estate Index Fund (IE) Flex Acc GBP","iShares","IE",NULL,"0.020","1635699623","FTSE EPRA Nareit Developed Net Total Return in GBP (GBP)","GBP",NULL,"2026-09-07 20:18:36.180944","2026-09-07 20:18:36.180944","Accumulating","Real Estate","Andere","2012-08-08",NULL,NULL,"iShares"
"71ff2232-1b01-430e-9bb4-7cd3fe610397","LU1811365292","BGIF iShares Emerging Markets Government Bond Index Fund (LU) D2 EUR","iShares","LU",NULL,"0.270","1779515126","JPM Emerging Markets Bond Index Global Diversified Custom Defaults - EUR","EUR",NULL,"2026-09-07 20:18:36.180946","2026-09-07 20:18:36.180946","Accumulating","Obligationen","Andere","2018-05-09",NULL,NULL,"iShares"
"89f8794a-4016-4a78-bb61-e3d6cf293e81","LU1811364998","BGIF iShares Pacific ex Japan Equity Index Fund (LU) D2 EUR","iShares","LU",NULL,"0.240","221374624","MSCI PACIFIC ex JAPAN Net EUR (Custom 4pm LUX) (EUR)","EUR",NULL,"2026-09-07 20:18:36.180947","2026-09-07 20:18:36.180947","Accumulating","Equities","Andere","2018-05-09",NULL,NULL,"iShares"
"1b7b2a28-c919-43bd-a801-dc6f760afcfd","LU1811364642","BGIF iShares Japan Equity Index Fund (LU) D2 EUR","iShares","LU",NULL,"0.260","122396252","Japan Net EUR (Custom 4pm LUX) (EUR)","EUR",NULL,"2026-09-07 20:18:36.180949","2026-09-07 20:18:36.180949","Accumulating","Equities","Andere","2018-05-09",NULL,NULL,"iShares"
"14ea53f3-0afb-4508-ad59-a96bb48767cf","LU1811365029","BGIF iShares Emerging Markets Government Bond Index Fund (LU) D2 USD","iShares","LU",NULL,"0.270","1779515126","JPM Emerging Markets Bond Index Global Diversified Custom Defaults","USD",NULL,"2026-09-07 20:18:36.18095","2026-09-07 20:18:36.18095","Accumulating","Obligationen","Andere","2018-05-09",NULL,NULL,"iShares"
"ecf46e73-eb2f-4b92-94d3-3d00449b5938","IE00BD5GZQ41","iShares Green Bond Index Fund (IE) D GBP Hedged Accumulating","iShares","IE",NULL,"0.200","993765645","BBG MSCI Global Green Bond Index (EUR)","GBP",NULL,"2026-09-07 20:18:36.180952","2026-09-07 20:18:36.180952","Accumulating","Obligationen","Art. 9","2018-10-08",NULL,NULL,"iShares"
"66a72513-3b08-4868-bb2d-c1bf40c2971e","LU1811365375","BGIF iShares Euro Aggregate Bond Index Fund (LU) D2 EUR","iShares","LU",NULL,"0.230","257562884","BBG Euro Aggregate Index (EUR)","EUR",NULL,"2026-09-07 20:18:36.180953","2026-09-07 20:18:36.180953","Accumulating","Obligationen","Andere","2018-05-09",NULL,NULL,"iShares"
"af6a0b48-4d08-47b1-b435-e350cda3f123","IE00BMCZLJ20","iShares Edge MSCI World Minimum Volatility UCITS ETF USD (Dist)","iShares","IE","Physical (Sampling)","0.300","3000395845","MSCI WORLD MINIMUM VOLATILITY (USD)","USD",NULL,"2026-09-07 20:18:36.180954","2026-09-07 20:18:36.180954","Distributing","Equities","Andere","2020-08-19",NULL,NULL,"iShares"
"99868537-0906-4b7c-8f32-b8881a37e485","IE0000PJLVN3","iShares Japan Govt Bond UCITS ETF JPY (Acc)","iShares","IE","Sampling","0.070","207647301203","Bloomberg Japan Treasury Index","JPY",NULL,"2026-09-07 20:18:36.180956","2026-09-07 20:18:36.180956","Accumulating","Obligationen","Andere","2023-12-06",NULL,NULL,"iShares"
"c10f66ec-7675-4c02-96ba-be6832a3c0e6","IE00063FT9K6","iShares Copper Miners UCITS ETF USD (Acc)","iShares","IE","Physical (Full replication)","0.550","586311770","STOXX Global Copper Miners Index","USD",NULL,"2026-09-07 20:18:36.180957","2026-09-07 20:18:36.180957","Accumulating","Equities","Andere","2023-06-21",NULL,NULL,"iShares"
"3c7c7723-5ff7-4ae9-98af-dd83e9382af7","IE00BFNM3G45","iShares MSCI USA Screened UCITS ETF USD (Acc)","iShares","IE","Physical (Full replication)","0.070","21096343323","MSCI USA SCREENED","USD",NULL,"2026-09-07 20:18:36.180959","2026-09-07 20:18:36.180959","Accumulating","Equities","Art. 8","2018-10-19",NULL,NULL,"iShares"
"0f53b3bb-dc29-456b-bbc4-4f29d0e24fff","IE00BMG6Z448","iShares MSCI EM ex-China UCITS ETF USD (Acc)","iShares","IE","Physical (Full replication)","0.180","6734069355","MSCI Emerging Markets ex China Index (Net)","USD",NULL,"2026-09-07 20:18:36.18096","2026-09-07 20:18:36.18096","Accumulating","Equities","Andere","2021-04-26",NULL,NULL,"iShares"
"849ff5af-10e3-4f50-bd85-a73fd5933f93","IE00BFZPRS19","iShares Developed World Index Fund (IE) Flexible EUR Hedged Accumulating","iShares","IE",NULL,"0.010","30285255874","MSCI World Net TR Index","EUR",NULL,"2026-09-07 20:18:36.180961","2026-09-07 20:18:36.180962","Accumulating","Equities","Andere","2018-10-22",NULL,NULL,"iShares"
"1cb6a400-4ff5-42f1-ba11-e6f07367792e","IE00BFNM3F38","iShares MSCI Europe Screened UCITS ETF EUR (Dist)","iShares","IE","Physical (Sampling)","0.120","5377959765","MSCI EUROPE SCREENED NET Index","EUR",NULL,"2026-09-07 20:18:36.180963","2026-09-07 20:18:36.180963","Distributing","Equities","Art. 8","2018-10-19",NULL,NULL,"iShares"
"735eaa4a-1652-4426-b02d-b0c406ffe669","IE00BKFVZB33","iShares Emerging Markets Government Bond Index Fund (IE) D Dist GBP Hedged","iShares","IE",NULL,"0.200","3567595822","JPM Emerging Markets Bond Index Global Diversified Custom Defaults","GBP",NULL,"2026-09-07 20:18:36.180965","2026-09-07 20:18:36.180965","Distributing","Obligationen","Andere","2019-11-27",NULL,NULL,"iShares"
"6899df57-39d5-43e4-9747-f714dd4de50c","IE000WZQMNC9","iShares Screened Global Corporate Bond Index Fund (IE) S Acc USD Hedged","iShares","IE",NULL,"0.090","4398006983","BBG Global Aggregate Corporate Index (USD)","USD",NULL,"2026-09-07 20:18:36.180967","2026-09-07 20:18:36.180967","Accumulating","Obligationen","Art. 8","2025-10-10",NULL,NULL,"iShares"
"b54629fa-bcd0-4870-9664-8025c279653f","IE00BKFVZC40","iShares Emerging Markets Local Government Bond Index Fund (IE) D Dist GBP","iShares","IE",NULL,"0.250","2213843794","JP Morgan GBI-EM Global Diversified Index (GBP)","GBP",NULL,"2026-09-07 20:18:36.180969","2026-09-07 20:18:36.180969","Distributing","Obligationen","Andere","2019-11-13",NULL,NULL,"iShares"
"1322ee76-b1f6-4c95-8063-8e8ec6d7496a","IE00BFNM3D14","iShares MSCI Europe Screened UCITS ETF EUR (Acc)","iShares","IE","Physical (Sampling)","0.120","5377959765","MSCI EUROPE SCREENED NET Index","EUR",NULL,"2026-09-07 20:18:36.18097","2026-09-07 20:18:36.18097","Accumulating","Equities","Art. 8","2018-10-19",NULL,NULL,"iShares"
"130cf920-4aad-4fa6-b582-b120a685e2c0","IE00BK7Y2R57","iShares $ Treasury Bond 7-10yr UCITS ETF CHF Hedged (Acc)","iShares","IE","Sampling","0.100","7526105495","ICE U.S. Treasury 7-10 Year Bond Index","CHF",NULL,"2026-09-07 20:18:36.180971","2026-09-07 20:18:36.180971","Accumulating","Obligationen","Andere","2019-06-26",NULL,NULL,"iShares"
"55e2bd76-6793-494a-a01a-6a6676f93409","IE00BK7XZ629","iShares $ Treasury Bond 1-3yr UCITS ETF CHF Hedged (Acc)","iShares","IE","Sampling","0.100","12736616213","ICE U.S. Treasury 1-3 Year Bond Index","CHF",NULL,"2026-09-07 20:18:36.180973","2026-09-07 20:18:36.180973","Accumulating","Obligationen","Andere","2019-06-26",NULL,NULL,"iShares"
"2d240fed-db68-44b7-9ce9-f816e0d1c9e6","IE00BKPWSS48","iShares Developed Real Estate Index Fund (IE) D Dist GBP Hedged","iShares","IE",NULL,"0.190","1578871775","FTSE EPRA Nareit Developed Index (Net)","GBP",NULL,"2026-09-07 20:18:36.180975","2026-09-07 20:18:36.180975","Distributing","Real Estate","Andere","2020-07-09",NULL,NULL,"iShares"
"e5dcd1c8-67eb-4759-b5cd-5dcc39eb7352","IE00BFM6TC58","iShares $ Treasury Bond 20+yr UCITS ETF USD (Acc)","iShares","IE","Sampling","0.070","6029286059","ICE U.S. Treasury 20+ Year Bond Index","USD",NULL,"2026-09-07 20:18:36.180976","2026-09-07 20:18:36.180977","Accumulating","Obligationen","Andere","2018-05-10",NULL,NULL,"iShares"
"73477eb5-befe-4789-9664-c0d8511aebcb","IE00BFNM3C07","iShares MSCI EMU Screened UCITS ETF EUR (Dist)","iShares","IE","Physical (Full replication)","0.120","2108710983","MSCI EMU SCREENED NET Index","EUR",NULL,"2026-09-07 20:18:36.180978","2026-09-07 20:18:36.180978","Distributing","Equities","Art. 8","2018-10-19",NULL,NULL,"iShares"
"8f930249-6035-4b73-84a5-30647e2894c1","IE00BMH5T376","iShares $ Corp Bond 0-3Yr ESG SRI UCITS ETF CHF Hedged (Acc)","iShares","IE","Sampling","0.140","1301806907","Bloomberg MSCI US Corporate 0-3 ESG SRI Index (USD)","CHF",NULL,"2026-09-07 20:18:36.18098","2026-09-07 20:18:36.18098","Accumulating","Obligationen","Art. 8","2021-02-24",NULL,NULL,"iShares"
"b4a84047-817f-41ec-843c-9657972efabb","IE00BMH5VP31","iShares Edge MSCI World Minimum Volatility Advanced UCITS ETF EUR Hedged (Acc)","iShares","IE","Physical (Sampling)","0.350","389804716","MSCI World Minimum Volatility Advanced Select Index","EUR",NULL,"2026-09-07 20:18:36.180982","2026-09-07 20:18:36.180982","Accumulating","Equities","Art. 8","2021-02-24",NULL,NULL,"iShares"
"9c6fbbac-c354-4af4-80c2-2bead28e5b72","IE00BMH5T269","iShares Edge MSCI World Minimum Volatility Advanced UCITS ETF CHF Hedged (Acc)","iShares","IE","Physical (Sampling)","0.350","389804716","MSCI World Minimum Volatility Advanced Select Index","CHF",NULL,"2026-09-07 20:18:36.180983","2026-09-07 20:18:36.180984","Accumulating","Equities","Art. 8","2021-02-24",NULL,NULL,"iShares"
"b92c7ce2-a6ba-411c-8b64-99f904b41855","IE00BFNM3N12","iShares MSCI EM IMI Screened UCITS ETF USD (Dist)","iShares","IE","Physical (Full replication)","0.180","7931883862","MSCI EMERGING MARKET IMI SCREENED","USD",NULL,"2026-09-07 20:18:36.180985","2026-09-07 20:18:36.180985","Distributing","Equities","Art. 8","2018-10-19",NULL,NULL,"iShares"
"f320e199-d4ad-47dc-b449-a5309eb4835e","IE00BFNM3P36","iShares MSCI EM IMI Screened UCITS ETF USD (Acc)","iShares","IE","Physical (Full replication)","0.180","7931883862","MSCI EMERGING MARKET IMI SCREENED","USD",NULL,"2026-09-07 20:18:36.180987","2026-09-07 20:18:36.180987","Accumulating","Equities","Art. 8","2018-10-19",NULL,NULL,"iShares"
"047931a1-07cb-4d4b-a6ec-722332446493","IE00BFNM3B99","iShares MSCI EMU Screened UCITS ETF EUR (Acc)","iShares","IE","Physical (Full replication)","0.120","2108710983","MSCI EMU SCREENED NET Index","EUR",NULL,"2026-09-07 20:18:36.180988","2026-09-07 20:18:36.180989","Accumulating","Equities","Art. 8","2018-10-19",NULL,NULL,"iShares"
"b02a80b5-b632-43bf-8260-c505b01d73ba","IE00BFNM3L97","iShares MSCI Japan Screened UCITS ETF USD (Acc)","iShares","IE","Physical (Sampling)","0.150","2790118605","MSCI JAPAN SCREENED","USD",NULL,"2026-09-07 20:18:36.18099","2026-09-07 20:18:36.18099","Accumulating","Equities","Art. 8","2018-10-19",NULL,NULL,"iShares"
"82da3ec1-4589-4603-aa18-6eab7a36a76f","LU0836513852","iShares Global Government Bond Index Fund (LU) Class A2 USD","iShares","LU",NULL,"0.520","1322518464","FTSE World Government Bond Index (USD)","USD",NULL,"2026-09-07 20:18:36.181013","2026-09-07 20:18:36.181013","Accumulating","Obligationen","Andere","2012-10-23",NULL,NULL,"iShares"
"aa0266b7-2055-4a19-8104-677064b0e73b","IE00058C1MX3","iShares Screened Global Corporate Bond Index Fund (IE) Flex Dist EUR Hedged","iShares","IE",NULL,"0.030","4398006983","BBG Global Aggregate Corporate Index (USD)","EUR",NULL,"2026-09-07 20:18:36.181015","2026-09-07 20:18:36.181015","Distributing","Obligationen","Art. 8","2021-12-29",NULL,NULL,"iShares"
"6134e43c-e66d-4d66-b5ec-70ec3f99fa20","LU0826446790","iShares Europe Equity Index Fund (LU) Class X2 EUR","iShares","LU",NULL,"0.050","402565160","MSCI Europe Index (custom) (EUR)","EUR",NULL,"2026-09-07 20:18:36.181016","2026-09-07 20:18:36.181017","Accumulating","Equities","Andere","2012-10-23",NULL,NULL,"iShares"
"c44924ab-b8ec-45ea-a112-40a7238e682b","LU0836512706","iShares Europe Equity Index Fund (LU) Class A2 EUR","iShares","LU",NULL,"0.530","402565160","MSCI Europe Index (custom) (EUR)","EUR",NULL,"2026-09-07 20:18:36.181018","2026-09-07 20:18:36.181018","Accumulating","Equities","Andere","2012-10-23",NULL,NULL,"iShares"
"1398bc35-8887-464a-9cdd-4eb1d065e5b2","LU0826442534","iShares World Equity Index Fund (LU) Class X2 USD","iShares","LU",NULL,"0.040","5094713775","MSCI World Index (custom) (USD)","USD",NULL,"2026-09-07 20:18:36.181019","2026-09-07 20:18:36.181019","Accumulating","Equities","Andere","2012-10-23",NULL,NULL,"iShares"
"c63695bd-0c42-490c-ab48-88794a415665","LU0836512615","iShares World Equity Index Fund (LU) Class A2 USD","iShares","LU",NULL,"0.520","5094713775","MSCI World Index (custom) (USD)","USD",NULL,"2026-09-07 20:18:36.18102","2026-09-07 20:18:36.181021","Accumulating","Equities","Andere","2012-10-23",NULL,NULL,"iShares"
"41c262b8-b04d-4cbb-a374-90f12c3b992d","LU0836515634","iShares Japan Equity Index Fund (LU) Class F2 USD","iShares","LU",NULL,"0.260","122396252","MSCI Japan Index (custom) (USD)","USD",NULL,"2026-09-07 20:18:36.181022","2026-09-07 20:18:36.181022","Accumulating","Equities","Andere","2012-10-23",NULL,NULL,"iShares"
"dd1f70a2-1209-4c89-b3f2-fd7455d9d07e","IE00BFNM3M05","iShares MSCI Japan Screened UCITS ETF USD (Dist)","iShares","IE","Physical (Sampling)","0.150","2790118605","MSCI JAPAN SCREENED","USD",NULL,"2026-09-07 20:18:36.181023","2026-09-07 20:18:36.181023","Distributing","Equities","Art. 8","2018-10-19",NULL,NULL,"iShares"
"90f73bb4-8684-4e63-b5a0-76fc83cc0b87","LU0839971503","iShares Global Government Bond Index Fund (LU) Class N2 USD","iShares","LU",NULL,"0.180","1322518464","FTSE World Government Bond Index (USD)","USD",NULL,"2026-09-07 20:18:36.181024","2026-09-07 20:18:36.181024","Accumulating","Obligationen","Andere","2012-10-23",NULL,NULL,"iShares"
"35cfc4b3-cff0-4548-a8be-01c9ff065301","LU0836515550","iShares Europe Equity Index Fund (LU) Class F2 EUR","iShares","LU",NULL,"0.230","402565160","MSCI Europe Index (custom) (EUR)","EUR",NULL,"2026-09-07 20:18:36.181028","2026-09-07 20:18:36.181028","Accumulating","Equities","Andere","2012-10-23",NULL,NULL,"iShares"
"f1e18248-8473-4034-bc84-743e12be45db","LU0826454976","iShares Euro Government Bond Index Fund (LU) Class X2 EUR","iShares","LU",NULL,"0.060","120671673","FTSE EMU Government Bond Index (EUR)","EUR",NULL,"2026-09-07 20:18:36.18103","2026-09-07 20:18:36.18103","Accumulating","Obligationen","Andere","2012-10-23",NULL,NULL,"iShares"
"e757ad7e-c26a-48e9-b08d-c660c0732219","LU0836513266","iShares Euro Government Bond Index Fund (LU) Class A2 EUR","iShares","LU",NULL,"0.530","120671673","FTSE EMU Government Bond Index (EUR)","EUR",NULL,"2026-09-07 20:18:36.181031","2026-09-07 20:18:36.181031","Accumulating","Obligationen","Andere","2012-10-23",NULL,NULL,"iShares"
"c3e7c53c-d5e4-40f8-9451-5784f321106a","LU0836514231","iShares Japan Equity Index Fund (LU) Class N2 USD","iShares","LU",NULL,"0.230","122396252","MSCI Japan Index (custom) (USD)","USD",NULL,"2026-09-07 20:18:36.181033","2026-09-07 20:18:36.181033","Accumulating","Equities","Andere","2012-10-23",NULL,NULL,"iShares"
"4dcf8658-3bf9-4d21-83df-7c51d4edb41b","IE000ZJMM9R3","iShares Green Bond Index Fund (IE) Flexible Acc CHF Hedged","iShares","IE",NULL,"0.050","993765645","BBG MSCI Global Green Bond Index (EUR)","CHF",NULL,"2026-09-07 20:18:36.181034","2026-09-07 20:18:36.181034","Accumulating","Obligationen","Art. 9","2022-10-14",NULL,NULL,"iShares"
"4ccac10b-330f-410e-8b42-d642dd276142","LU0836512888","iShares Japan Equity Index Fund (LU) Class A2 USD","iShares","LU",NULL,"0.560","122396252","MSCI Japan Index (custom) (USD)","USD",NULL,"2026-09-07 20:18:36.181036","2026-09-07 20:18:36.181036","Accumulating","Equities","Andere","2012-10-23",NULL,NULL,"iShares"
"17833738-d783-4500-b75c-70811f632302","IE000NGHY476","iShares Developed Real Estate Index Fund (IE) Class D","iShares","IE",NULL,"0.170","1578871775","FTSE EPRA Nareit Developed Net Total Return in GBP (GBP)","GBP",NULL,"2026-09-07 20:18:36.181038","2026-09-07 20:18:36.181038","Accumulating","Real Estate","Andere","2022-10-28",NULL,NULL,"iShares"
"d2e1fe05-7212-4d2b-bc3d-9b95be8f9c6e","IE00BFNM3K80","iShares MSCI World Screened UCITS ETF USD (Dist)","iShares","IE","Physical (Sampling)","0.200","7493513254","MSCI World Screened Index","USD",NULL,"2026-09-07 20:18:36.181039","2026-09-07 20:18:36.181039","Distributing","Equities","Art. 8","2018-10-19",NULL,NULL,"iShares"
"191ba4e7-8354-47bf-9720-7b2e4e079f7f","LU0826459850","iShares Global Government Bond Index Fund (LU) Class X2 USD","iShares","LU",NULL,"0.040","1322518464","FTSE World Government Bond Index (USD)","USD",NULL,"2026-09-07 20:18:36.181041","2026-09-07 20:18:36.181041","Accumulating","Obligationen","Andere","2012-10-23",NULL,NULL,"iShares"
"8fff71b9-8a24-422c-8ce3-9dc92f98526b","IE000U1MQKJ2","iShares MSCI World Quality Factor Advanced UCITS ETF USD (Acc)","iShares","IE","Physical (Full replication)","0.250","64916872","MSCI World Quality Advanced Select Index","USD",NULL,"2026-09-07 20:18:36.181042","2026-09-07 20:18:36.181042","Accumulating","Equities","Art. 8","2023-03-23",NULL,NULL,"iShares"
"eed889bd-8430-44be-872c-1806392718a3","IE00BFNM3J75","iShares MSCI World Screened UCITS ETF USD (Acc)","iShares","IE","Physical (Sampling)","0.200","7493513254","MSCI World Screened Index","USD",NULL,"2026-09-07 20:18:36.181044","2026-09-07 20:18:36.181044","Accumulating","Equities","Art. 8","2018-10-19",NULL,NULL,"iShares"
"1406037e-5771-438c-8988-d836fd300f69","LU0836517176","iShares Global Government Bond Index Fund (LU) Class F2 USD","iShares","LU",NULL,"0.220","1322518464","FTSE World Government Bond Index (USD)","USD",NULL,"2026-09-07 20:18:36.181046","2026-09-07 20:18:36.181046","Accumulating","Obligationen","Andere","2012-10-23",NULL,NULL,"iShares"
"3113fafe-9990-4a46-ab42-4ca21a9278ac","IE0001ZFMLN7","iShares NASDAQ 100 Swap UCITS ETF USD (Acc)","iShares","IE","Swap","0.200","2095003921","NASDAQ 100 Index","USD",NULL,"2026-09-07 20:18:36.181047","2026-09-07 20:18:36.181047","Accumulating","Equities","Andere","2024-10-03",NULL,NULL,"iShares"
"bad0be96-4c33-4548-a4f9-fa3378633c54","LU0836514405","iShares North America Equity Index Fund (LU) Class N2 USD","iShares","LU",NULL,"0.190","674619332","MSCI North America Index (custom) (USD)","USD",NULL,"2026-09-07 20:18:36.181049","2026-09-07 20:18:36.181049","Accumulating","Equities","Andere","2012-10-23",NULL,NULL,"iShares"
"ec0b8e40-41dd-448b-bfd7-d5d26327bb66","LU0836515808","iShares North America Equity Index Fund (LU) Class F2 USD","iShares","LU",NULL,"0.220","674619332","MSCI North America Index (custom) (USD)","USD",NULL,"2026-09-07 20:18:36.18105","2026-09-07 20:18:36.18105","Accumulating","Equities","Andere","2012-10-23",NULL,NULL,"iShares"
"ce150f82-2e4a-4d98-a0bf-d3bd2f9cb656","IE0007O06KL9","iShares Russell 2000 Swap UCITS ETF USD (Acc)","iShares","IE","Swap","0.200","197227747","Russell 2000 Index","USD",NULL,"2026-09-07 20:18:36.181052","2026-09-07 20:18:36.181052","Accumulating","Equities","Andere","2024-10-03",NULL,NULL,"iShares"
"8daecd77-473c-4beb-a37e-fcc4093dd86b","LU0836513001","iShares North America Equity Index Fund (LU) Class A2 USD","iShares","LU",NULL,"0.520","674619332","MSCI North America Index (custom) (USD)","USD",NULL,"2026-09-07 20:18:36.181053","2026-09-07 20:18:36.181053","Accumulating","Equities","Andere","2012-10-23",NULL,NULL,"iShares"
"012f3e79-d7c9-40a5-b79b-b05f4323b163","LU0826446873","iShares Japan Equity Index Fund (LU) Class X2 USD","iShares","LU",NULL,"0.090","122396252","MSCI Japan Index (custom) (USD)","USD",NULL,"2026-09-07 20:18:36.181054","2026-09-07 20:18:36.181055","Accumulating","Equities","Andere","2012-10-23",NULL,NULL,"iShares"
"4d35fc90-a932-4b5b-a7d6-d4296389a619","LU0836516103","iShares Euro Government Bond Index Fund (LU) Class F2 EUR","iShares","LU",NULL,"0.240","120671673","FTSE EMU Government Bond Index (EUR)","EUR",NULL,"2026-09-07 20:18:36.181056","2026-09-07 20:18:36.181056","Accumulating","Obligationen","Andere","2012-10-23",NULL,NULL,"iShares"
"8bf17dea-f439-4de7-85c2-37caeddaf36a","LU0836515477","iShares World Equity Index Fund (LU) Class F2 USD","iShares","LU",NULL,"0.220","5094713775","MSCI World Index (custom) (USD)","USD",NULL,"2026-09-07 20:18:36.181057","2026-09-07 20:18:36.181057","Accumulating","Equities","Andere","2012-10-23",NULL,NULL,"iShares"
"81cde9b3-0568-44e6-84c7-6c14e364e738","IE00BYZTVV78","iShares € Corp Bond 0-3Yr ESG SRI UCITS ETF EUR (Dist)","iShares","IE","Sampling","0.120","4021603358","Bloomberg MSCI Euro Corporate 0-3 ESG SRI Index (EUR)","EUR",NULL,"2026-09-07 20:18:36.181058","2026-09-07 20:18:36.181058","Distributing","Obligationen","Art. 8","2016-01-07",NULL,NULL,"iShares"
"24b81a20-78ba-4d51-ac31-4f5bd23e8c79","LU0826450636","iShares North America Equity Index Fund (LU) Class X2 USD","iShares","LU",NULL,"0.040","674619332","MSCI North America Index (custom) (USD)","USD",NULL,"2026-09-07 20:18:36.18106","2026-09-07 20:18:36.18106","Accumulating","Equities","Andere","2012-10-23",NULL,NULL,"iShares"
"6cb97990-4ab4-4725-9d8f-e4fce23eb668","LU0839963237","iShares Euro Government Bond Index Fund (LU) Class N2 EUR","iShares","LU",NULL,"0.210","120671673","FTSE EMU Government Bond Index (EUR)","EUR",NULL,"2026-09-07 20:18:36.181061","2026-09-07 20:18:36.181061","Accumulating","Obligationen","Andere","2012-10-23",NULL,NULL,"iShares"
"531f02c8-fd09-4ba4-adbb-76afbb4aa31e","CH0244037203","iShares World ex Switzerland Small Cap Screened Equity Index Fund (CH) X15 CHF","iShares","CH",NULL,"0.000","1327611839","MSCI World ex Switzerland Small Cap ESG Screened ex Select Index CHF Net (C","CHF",NULL,"2026-09-07 20:18:36.181063","2026-09-07 20:18:36.181063","Accumulating","Equities",NULL,"2020-06-09",NULL,NULL,"iShares"
"3d02a3e2-c2f4-4b3c-9869-7dcfa7d8f4f7","LU0836515717","iShares Pacific ex Japan Equity Index Fund (LU) Class F2 USD","iShares","LU",NULL,"0.240","221374624","MSCI Pacific ex Japan Index (custom) (USD)","USD",NULL,"2026-09-07 20:18:36.181064","2026-09-07 20:18:36.181064","Accumulating","Equities","Andere","2012-10-24",NULL,NULL,"iShares"
"e65e3272-fd7c-4808-8e3b-7aef2f480b02","IE00BFWVNS42","iShares Developed Real Estate Index Fund (IE) Class D Dist GBP","iShares","IE",NULL,"0.170","1578871775","FTSE EPRA Nareit Developed Net Total Return in GBP (GBP)","GBP",NULL,"2026-09-07 20:18:36.181065","2026-09-07 20:18:36.181065","Distributing","Real Estate","Andere","2022-10-28",NULL,NULL,"iShares"
"51050161-65c6-4e5f-bfc8-a31d2896a82e","LU0836512961","iShares Pacific ex Japan Equity Index Fund (LU) Class A2 USD","iShares","LU",NULL,"0.540","221374624","MSCI Pacific ex Japan Index (custom) (USD)","USD",NULL,"2026-09-07 20:18:36.181066","2026-09-07 20:18:36.181067","Accumulating","Equities","Andere","2012-10-24",NULL,NULL,"iShares"
"77d781d4-0656-4d72-ad77-5c9b460533b5","LU0826446956","iShares Pacific ex Japan Equity Index Fund (LU) Class X2 USD","iShares","LU",NULL,"0.070","221374624","MSCI Pacific ex Japan Index (custom) (USD)","USD",NULL,"2026-09-07 20:18:36.181068","2026-09-07 20:18:36.181068","Accumulating","Equities","Andere","2012-10-24",NULL,NULL,"iShares"
"0174d3a7-1ae2-49ef-bb39-03266a569e38","LU0836514314","iShares Pacific ex Japan Equity Index Fund (LU) Class N2 USD","iShares","LU",NULL,"0.180","221374624","MSCI Pacific ex Japan Index (custom) (USD)","USD",NULL,"2026-09-07 20:18:36.181069","2026-09-07 20:18:36.181069","Accumulating","Equities","Andere","2012-10-24",NULL,NULL,"iShares"
"3b7abc01-03e1-4672-b737-157b85b90bcb","IE000HUGXBE0","iShares GiltTrak Index Fund (IE) S Acc GBP","iShares","IE",NULL,"0.060","645455695","FTSE Actuaries UK Conventional Gilts All Stocks Index (GBP)","GBP",NULL,"2026-09-07 20:18:36.181071","2026-09-07 20:18:36.181071","Accumulating","Obligationen","Andere","2025-07-15",NULL,NULL,"iShares"
"a3792702-148b-4574-9ee9-8136a7cc8658","IE0006QDMN34","iShares Green Bond Index Fund Flexible Acc NZD Hedged","iShares","IE",NULL,"0.050","993765645","BBG MSCI Global Green Bond Index (EUR)","NZD",NULL,"2026-09-07 20:18:36.181072","2026-09-07 20:18:36.181072","Accumulating","Obligationen","Art. 9","2022-06-09",NULL,NULL,"iShares"
"2ac777c6-26fa-4a2a-8e74-2aef8d5a4b99","IE00034OKW78","iShares Japan Index Fund (IE) S Acc USD","iShares","IE",NULL,"0.080","2159007140","MSCI Developed - Japan Net Dividends (USD) (USD)","USD",NULL,"2026-09-07 20:18:36.181073","2026-09-07 20:18:36.181074","Accumulating","Equities","Andere","2025-07-17",NULL,NULL,"iShares"
"f7cbba59-592f-4390-9e69-4991db92385a","IE00BHZPJ908","iShares MSCI USA CTB Enhanced ESG UCITS ETF USD (Acc)","iShares","IE","Physical (Full replication)","0.070","30559998294","MSCI USA ESG Enhanced CTB Index","USD",NULL,"2026-09-07 20:18:36.181075","2026-09-07 20:18:36.181075","Accumulating","Equities","Art. 8","2019-04-16",NULL,NULL,"iShares"
"1bd6bf88-2ce5-41f5-9443-0f93c50eafd1","IE000CSXMT82","iShares US Index Fund (IE) Flex Acc EUR","iShares","IE",NULL,"0.020","3857168912","S&P 500 Net TR Index (EUR)","EUR",NULL,"2026-09-07 20:18:36.181076","2026-09-07 20:18:36.181076","Accumulating","Equities","Andere","2022-01-25",NULL,NULL,"iShares"
"01f77ccd-003d-4175-bc18-57da4009124c","LU0839970364","iShares Global Government Bond Index Fund (LU) Class X2 EUR","iShares","LU",NULL,"0.040","1322518464","FTSE World Government Bond Index (EUR)","EUR",NULL,"2026-09-07 20:18:36.181077","2026-09-07 20:18:36.181077","Accumulating","Obligationen","Andere","2017-03-29",NULL,NULL,"iShares"
"3a8e3476-56af-4c3b-8c3a-aa34e67942d3","IE000A7RIGS8","iShares World ex Euro 0-5 Year Government Bond Index Fund (IE) Flex Acc EUR Hedged","iShares","IE",NULL,"0.030","7448105","FTSE Non-EUR World Government Bond 0-5 Years Index","EUR",NULL,"2026-09-07 20:18:36.181079","2026-09-07 20:18:36.181079","Accumulating","Obligationen","Andere","2026-02-26",NULL,NULL,"iShares"
"e3c4d832-4288-4759-925d-af0209f90b5d","IE0008YWAFL1","iShares iBonds Dec 2028 Term $ High Yield Corp UCITS ETF USD (Acc)","iShares","IE","Sampling","0.250","65429434","Bloomberg MSCI December 2028 Maturity USD Corporate High Yield Custom ESG S","USD",NULL,"2026-09-07 20:18:36.18108","2026-09-07 20:18:36.18108","Accumulating","Obligationen","Art. 8","2025-10-08",NULL,NULL,"iShares"
"a6fabeed-d9f2-4b4d-99e4-c1054b3bb516","IE00BDR08N26","iShares Europe ex-UK Index Fund (IE) Class D Dist EUR","iShares","IE",NULL,"0.100","2999387882","MSCI Europe ex UK Net Return Index (EUR)","EUR",NULL,"2026-09-07 20:18:36.181081","2026-09-07 20:18:36.181082","Distributing","Equities","Andere","2017-03-17",NULL,NULL,"iShares"
"6e456110-7171-42d6-88c8-02a8c36e667f","IE000SVXJH05","iShares Nasdaq 100 ex-Top 30 UCITS ETF USD (Acc)","iShares","IE","Physical (Full replication)","0.300","9913150","Nasdaq-100 ex Top 30 UCITS Index","USD",NULL,"2026-09-07 20:18:36.181083","2026-09-07 20:18:36.181083","Accumulating","Equities",NULL,"2025-01-28",NULL,NULL,"iShares"
"441c4b37-afff-4fd3-88ea-839ef183b21b","IE000Z7P04F4","iShares Nasdaq 100 Top 30 UCITS ETF USD (Acc)","iShares","IE","Physical (Full replication)","0.300","47227315","Nasdaq-100 Top 30 UCITS Index","USD",NULL,"2026-09-07 20:18:36.181084","2026-09-07 20:18:36.181084","Accumulating","Equities",NULL,"2025-01-28",NULL,NULL,"iShares"
"41a1853c-788a-418c-abf7-df9d34e59905","IE00094KNQN4","iShares iBonds Dec 2029 Term $ High Yield Corp UCITS ETF USD (Acc)","iShares","IE","Sampling","0.250","81518268","BBG MSCI Dec 2029 Maturity USD Corporate High Yield Custom ESG Screened Index","USD",NULL,"2026-09-07 20:18:36.181085","2026-09-07 20:18:36.181085","Accumulating","Obligationen","Art. 8","2025-10-08",NULL,NULL,"iShares"
"53361e2a-95b0-4a32-bb88-f59f44b9210b","IE000GYRX2K9","iShares Developed World Index Fund (IE) S Acc EUR Hedged","iShares","IE",NULL,"0.080","30285255874","MSCI World Net TR Index","EUR",NULL,"2026-09-07 20:18:36.181087","2026-09-07 20:18:36.181087","Accumulating","Equities","Andere","2025-07-17",NULL,NULL,"iShares"
"f6b0ee5e-d4b6-4db2-a66a-255422d0b635","IE00032BMNJ0","iShares North America Index Fund (IE) S Acc USD","iShares","IE",NULL,"0.050","3232225652","MSCI Daily Net TR North America USD","USD",NULL,"2026-09-07 20:18:36.181088","2026-09-07 20:18:36.181089","Accumulating","Equities","Andere","2025-07-17",NULL,NULL,"iShares"
"57006323-344d-4ba6-bf22-1387f73103bd","IE000K1XWPA7","iShares Developed World Index Fund (IE) S Acc USD","iShares","IE",NULL,"0.060","30285255874","MSCI World Net TR Index","USD",NULL,"2026-09-07 20:18:36.18109","2026-09-07 20:18:36.18109","Accumulating","Equities","Andere","2025-07-17",NULL,NULL,"iShares"
"f88741a9-567b-4001-9ecb-3e3958d5ff9a","IE000WY51DO2","iShares Developed World Screened Index Fund (IE) S Acc USD","iShares","IE",NULL,"0.060","5245083610","MSCI World Screened Index","USD",NULL,"2026-09-07 20:18:36.181091","2026-09-07 20:18:36.181091","Accumulating","Equities","Art. 8","2025-07-17",NULL,NULL,"iShares"
"d68333dd-3833-4332-a2f1-a54c2bf3a826","IE0003HV7CS6","iShares iBonds Dec 2028 Term € Corp Crossover UCITS ETF EUR (Acc)","iShares","IE","Sampling","0.200","71026507","Bloomberg MSCI December 2028 Maturity EUR Corporate Crossover ESG Screened","EUR",NULL,"2026-09-07 20:18:36.181092","2026-09-07 20:18:36.181092","Accumulating","Obligationen","Art. 8","2025-10-08",NULL,NULL,"iShares"
"841a0197-ef0a-4e27-9a23-6dd5ef0d08e9","IE000B3F3DT7","iShares Pacific Index Fund (IE) S Acc USD","iShares","IE",NULL,"0.100","869094239","MSCI Developed Pacific Ex Japan in USD Net TR Index","USD",NULL,"2026-09-07 20:18:36.181094","2026-09-07 20:18:36.181094","Accumulating","Equities","Andere","2025-07-17",NULL,NULL,"iShares"
"11cdadb1-4b51-4cf5-b165-1c834dc47186","IE00BHZPJ569","iShares MSCI World CTB Enhanced ESG UCITS ETF USD (Acc)","iShares","IE","Physical (Sampling)","0.200","6564183243","MSCI World ESG Enhanced CTB Index","USD",NULL,"2026-09-07 20:18:36.181095","2026-09-07 20:18:36.181095","Accumulating","Equities","Art. 8","2019-04-16",NULL,NULL,"iShares"
"eb61b7ac-169d-471c-90d6-6c87f0045059","LU0916237901","iShares Emerging Markets Government Bond Index Fund (LU) Class N7 EUR","iShares","LU",NULL,"0.240","1779515126","JPM Emerging Markets Bond Index Global Diversified Custom Defaults - EUR","EUR",NULL,"2026-09-07 20:18:36.181097","2026-09-07 20:18:36.181097","Distributing","Obligationen","Andere","2013-05-28",NULL,NULL,"iShares"
"3c88d7d2-62d1-4a7b-a22d-b1cc8873b9c1","LU0916238545","iShares Euro Aggregate Bond Index Fund (LU) Class N7 EUR","iShares","LU",NULL,"0.080","257562884","BBG Euro Aggregate Index (EUR)","EUR",NULL,"2026-09-07 20:18:36.181098","2026-09-07 20:18:36.181098","Distributing","Obligationen","Andere","2013-05-28",NULL,NULL,"iShares"
"dfb1ae44-49e5-453b-9042-1f5514c446e1","LU0836513423","iShares Euro Aggregate Bond Index Fund (LU) Class A2 EUR","iShares","LU",NULL,"0.530","257562884","BBG Euro Aggregate Index (EUR)","EUR",NULL,"2026-09-07 20:18:36.181099","2026-09-07 20:18:36.181099","Accumulating","Obligationen","Andere","2013-05-28",NULL,NULL,"iShares"
"45e71016-9e1b-4030-bf01-aa4da5164f41","IE000BTYQKC7","iShares Global Aggregate 1-5 Year Bond Index Fund (IE) S Acc USD","iShares","IE",NULL,"0.080","1617239318","BBG Global Aggregate 1-5 Year Index (USD)","USD",NULL,"2026-09-07 20:18:36.1811","2026-09-07 20:18:36.1811","Accumulating","Obligationen","Andere","2025-07-15",NULL,NULL,"iShares"
"6c69754d-c964-41fd-a10a-45295fa0fabf","IE000VEXC766","iShares Euro Government Bond Index Fund (IE) S Acc EUR","iShares","IE",NULL,"0.060","4683220991","FTSE EMU Government Bond Index (EUR)","EUR",NULL,"2026-09-07 20:18:36.181102","2026-09-07 20:18:36.181102","Accumulating","Obligationen","Andere","2025-07-15",NULL,NULL,"iShares"
"48d22ef2-8c1f-4765-9810-11a73b912226","IE000C8OF6M7","iShares Global Inflation-Linked Bond Index Fund (IE) S Acc USD","iShares","IE",NULL,"0.060","2387814884","BBG World Government Inflation-Linked Bond Index (USD)","USD",NULL,"2026-09-07 20:18:36.181103","2026-09-07 20:18:36.181103","Accumulating","Obligationen","Andere","2025-07-15",NULL,NULL,"iShares"
"427bb339-b395-408f-ad68-addbbc946d9c","IE00BHZPJ783","iShares MSCI Europe CTB Enhanced ESG UCITS ETF EUR (Acc)","iShares","IE","Physical (Sampling)","0.120","7450397292","MSCI Europe ESG Enhanced CTB Index","EUR",NULL,"2026-09-07 20:18:36.181104","2026-09-07 20:18:36.181105","Accumulating","Equities","Art. 8","2019-04-16",NULL,NULL,"iShares"
"4d51195c-46ef-45b0-a1c5-d945ed77bc07","LU0836513696","iShares Emerging Markets Government Bond Index Fund (LU) Class A2 USD","iShares","LU",NULL,"0.520","1779515126","JPM Emerging Markets Bond Index Global Diversified Custom Defaults","USD",NULL,"2026-09-07 20:18:36.181106","2026-09-07 20:18:36.181106","Accumulating","Obligationen","Andere","2013-05-28",NULL,NULL,"iShares"
"9a014319-176a-4306-828e-afbf2de80469","LU0852472983","iShares World Equity Index Fund (LU) Class N7 EUR","iShares","LU",NULL,"0.150","5094713775","MSCI WORLD Net EUR ( custom 4pm LUX ) (EUR)","EUR",NULL,"2026-09-07 20:18:36.181107","2026-09-07 20:18:36.181107","Distributing","Equities","Andere","2012-11-06",NULL,NULL,"iShares"
"3e0db050-c73c-4d05-8e93-2db83ca251e7","LU0826455353","iShares Euro Aggregate Bond Index Fund (LU) Class X2 EUR","iShares","LU",NULL,"0.050","257562884","BBG Euro Aggregate Index (EUR)","EUR",NULL,"2026-09-07 20:18:36.181108","2026-09-07 20:18:36.181109","Accumulating","Obligationen","Andere","2013-05-28",NULL,NULL,"iShares"
"720db461-bf11-49fe-a00a-bcc1103e20b9","LU0852473791","iShares Euro Government Bond Index Fund (LU) Class N7 EUR","iShares","LU",NULL,"0.210","120671673","FTSE EMU Government Bond Index (EUR)","EUR",NULL,"2026-09-07 20:18:36.18111","2026-09-07 20:18:36.18111","Distributing","Obligationen","Andere","2012-11-06",NULL,NULL,"iShares"
"81476b60-2861-493e-a9ef-d1b79207efef","LU0826455437","iShares Emerging Markets Government Bond Index Fund (LU) Class X2 USD","iShares","LU",NULL,"0.040","1779515126","JPM Emerging Markets Bond Index Global Diversified Custom Defaults","USD",NULL,"2026-09-07 20:18:36.181111","2026-09-07 20:18:36.181112","Accumulating","Obligationen","Andere","2013-05-28",NULL,NULL,"iShares"
"41ba61c8-08df-467b-bbfd-bf900e348503","IE0004NQWYG0","iShares Screened Global Corporate Bond Index Fund (IE) Flex Acc USD Hedged","iShares","IE",NULL,"0.030","4398006983","BBG Global Aggregate Corporate Index (USD)","USD",NULL,"2026-09-07 20:18:36.181113","2026-09-07 20:18:36.181113","Accumulating","Obligationen","Art. 8","2024-07-30",NULL,NULL,"iShares"
"d30c79cb-7622-4dc1-9241-c72aa606c793","LU0852473015","iShares World Equity Index Fund (LU) Class N2 EUR","iShares","LU",NULL,"0.150","5094713775","MSCI WORLD Net EUR ( custom 4pm LUX ) (EUR)","EUR",NULL,"2026-09-07 20:18:36.181114","2026-09-07 20:18:36.181115","Accumulating","Equities","Andere","2012-11-06",NULL,NULL,"iShares"
"c412c020-4984-4b5c-8e06-a656c5f3ac3e","IE000BMZP0I6","iShares Nuclear Energy and Uranium Mining UCITS ETF USD (Acc)","iShares","IE","Physical (Full replication)","0.500","37754688","STOXX Global Nuclear Energy and Uranium Mining Index","USD",NULL,"2026-09-07 20:18:36.181116","2026-09-07 20:18:36.181116","Accumulating","Equities","Andere","2025-06-26",NULL,NULL,"iShares"
"6456da5c-8db8-4139-ae5b-d092424a8616","IE00B40B8R38","iShares S&P 500 Consumer Staples Sector UCITS ETF","iShares","IE","Physical (Full replication)","0.150","527869237","S&P 500 Capped 35/20 Consumer Staples Index NTR","USD",NULL,"2026-09-07 20:18:36.181117","2026-09-07 20:18:36.181117","Accumulating","Equities","Andere","2017-03-20",NULL,NULL,"iShares"
"3b29f8e8-da4f-4b72-8b30-6b825919d6d3","IE00BHZPJ452","iShares MSCI Japan CTB Enhanced ESG UCITS ETF USD (Acc)","iShares","IE","Physical (Sampling)","0.150","2591762563","MSCI Japan ESG Enhanced CTB Index","USD",NULL,"2026-09-07 20:18:36.181118","2026-09-07 20:18:36.181118","Accumulating","Equities","Art. 8","2019-04-16",NULL,NULL,"iShares"
"6350319c-d8a9-4fe1-b8de-177f956b259a","LU0852473361","iShares Pacific ex Japan Equity Index Fund (LU) Class N7 EUR","iShares","LU",NULL,"0.210","221374624","MSCI PACIFIC ex JAPAN Net EUR (Custom 4pm LUX) (EUR)","EUR",NULL,"2026-09-07 20:18:36.18112","2026-09-07 20:18:36.18112","Distributing","Equities","Andere","2012-11-09",NULL,NULL,"iShares"
"0befbaf3-d27c-47a8-ba0e-4ed2dd11318b","IE000UJSC3C9","iShares iBonds Dec 2029 Term € Corp Crossover UCITS ETF EUR (Acc)","iShares","IE","Sampling","0.200","161821103","Bloomberg MSCI December 2029 Maturity EUR Corporate Crossover ESG Screened","EUR",NULL,"2026-09-07 20:18:36.181122","2026-09-07 20:18:36.181122","Accumulating","Obligationen","Art. 8","2025-10-08",NULL,NULL,"iShares"
"88b5d2bb-88fc-4bc3-9ebf-5cb8f503f6ff","LU0852473288","iShares Japan Equity Index Fund (LU) Class N7 EUR","iShares","LU",NULL,"0.240","122396252","Japan Net EUR (Custom 4pm LUX) (EUR)","EUR",NULL,"2026-09-07 20:18:36.181123","2026-09-07 20:18:36.181123","Distributing","Equities","Andere","2012-11-09",NULL,NULL,"iShares"
"0184f193-8f8f-4cc2-af3c-b4882690aa77","LU0852473106","iShares Europe Equity Index Fund (LU) Class N7 EUR","iShares","LU",NULL,"0.200","402565160","MSCI Europe Index (custom) (EUR)","EUR",NULL,"2026-09-07 20:18:36.181124","2026-09-07 20:18:36.181125","Distributing","Equities","Andere","2012-11-09",NULL,NULL,"iShares"
"efaa20f7-0c79-4818-9728-449f9e998478","LU0852473445","iShares North America Equity Index Fund (LU) Class N7 EUR","iShares","LU",NULL,"0.190","674619332","MSCI North America Net EUR (Custom 4pm LUX) (EUR)","EUR",NULL,"2026-09-07 20:18:36.181126","2026-09-07 20:18:36.181126","Distributing","Equities","Andere","2012-11-09",NULL,NULL,"iShares"
"aab62859-e656-4f8f-8c3e-089d5e8be4f7","LU0852473874","iShares Global Government Bond Index Fund (LU) Class N7 EUR","iShares","LU",NULL,"0.190","1322518464","FTSE World Government Bond Index (EUR)","EUR",NULL,"2026-09-07 20:18:36.181127","2026-09-07 20:18:36.181127","Distributing","Obligationen","Andere","2012-11-09",NULL,NULL,"iShares"
"f27e003f-861c-4197-8d54-2502583eb967","IE00BK6NC514","iShares € High Yield Corp Bond UCITS ETF CHF Hedged (Acc)","iShares","IE","Sampling","0.550","7031995792","Markit iBoxx Euro Liquid High Yield Index (EUR)","CHF",NULL,"2026-09-07 20:18:36.181129","2026-09-07 20:18:36.181129","Accumulating","Obligationen","Andere","2019-07-26",NULL,NULL,"iShares"
"2683d192-7e72-4a3d-9faa-d64e375d90bd","IE00B4LN9N13","iShares S&P 500 Industrials Sector UCITS ETF","iShares","IE","Physical (Full replication)","0.150","775600254","S&P 500 Capped 35/20 Industrials Index NTR","USD",NULL,"2026-09-07 20:18:36.18113","2026-09-07 20:18:36.18113","Accumulating","Equities","Andere","2017-03-20",NULL,NULL,"iShares"
"b3d33345-37da-4f8b-8e9b-98725348d77f","IE00BK74KV56","iShares € Corp Bond ESG SRI UCITS ETF GBP Hedged (Dist)","iShares","IE","Sampling","0.160","5866723665","Bloomberg MSCI Euro Corporate ESG SRI Index (EUR)","GBP",NULL,"2026-09-07 20:18:36.181131","2026-09-07 20:18:36.181131","Distributing","Obligationen","Art. 8","2019-07-26",NULL,NULL,"iShares"
"565f7727-929f-4206-bd5d-b99a499d25ed","IE00B4MKCJ84","iShares S&P 500 Materials Sector UCITS ETF","iShares","IE","Physical (Full replication)","0.150","217198148","S&P 500 Capped 35/20 Materials Index NTR","USD",NULL,"2026-09-07 20:18:36.181132","2026-09-07 20:18:36.181133","Accumulating","Equities","Andere","2017-03-20",NULL,NULL,"iShares"
"0540c133-a143-45a4-ac0d-1b0caa154843","IE00BK6M1392","iShares $ High Yield Corp Bond UCITS ETF CHF Hedged (Acc)","iShares","IE","Sampling","0.550","5942821125","iBoxx USD Liquid High Yield Capped (USD)","CHF",NULL,"2026-09-07 20:18:36.181134","2026-09-07 20:18:36.181134","Accumulating","Obligationen","Andere","2019-07-26",NULL,NULL,"iShares"
"ee66aa53-0662-4380-8a75-3c32c65fa345","IE00BK6NC407","iShares Core € Corp Bond UCITS ETF CHF Hedged (Acc)","iShares","IE","Sampling","0.110","13386927494","BBG Euro Corporate Index (EUR)","CHF",NULL,"2026-09-07 20:18:36.181135","2026-09-07 20:18:36.181135","Accumulating","Obligationen","Andere","2019-07-26",NULL,NULL,"iShares"
"dd6b7bc1-c4d4-417e-a039-a17031f7c8a3","IE000DVGRQC1","iShares UK Index Fund (IE) S Acc GBP","iShares","IE",NULL,"0.060","820015006","MSCI Developed - United Kingdom Net Returns (GBP)","GBP",NULL,"2026-09-07 20:18:36.181137","2026-09-07 20:18:36.181137","Accumulating","Equities","Andere","2025-07-17",NULL,NULL,"iShares"
"36d5e464-35ad-43e7-ae49-8cf124beec25","IE00B4KBBD01","iShares S&P 500 Utilities Sector UCITS ETF","iShares","IE","Physical (Full replication)","0.150","1354143863","S&P 500 Capped 35/20 Utilities Index NTR","USD",NULL,"2026-09-07 20:18:36.181138","2026-09-07 20:18:36.181138","Accumulating","Equities","Andere","2017-03-20",NULL,NULL,"iShares"
"f959ecfd-3f10-4464-8e7a-665680082683","LU0836513183","iShares Emerging Markets Equity Index Fund (LU) Class A2 USD","iShares","LU",NULL,"0.640","478211067","MSCI Emerging Markets Index (custom) (USD)","USD",NULL,"2026-09-07 20:18:36.181139","2026-09-07 20:18:36.181139","Accumulating","Equities","Andere","2012-11-16",NULL,NULL,"iShares"
"051c1893-48af-4716-bb2d-375c5f78a8d9","LU0826452509","iShares Emerging Markets Equity Index Fund (LU) Class X2 USD","iShares","LU",NULL,"0.110","478211067","MSCI Emerging Markets Index (custom) (USD)","USD",NULL,"2026-09-07 20:18:36.18114","2026-09-07 20:18:36.181141","Accumulating","Equities","Andere","2012-11-16",NULL,NULL,"iShares"
"a2fee2c8-79cb-4462-bea5-899a7cbbb5b0","LU0836514587","iShares Emerging Markets Equity Index Fund (LU) Class N2 USD","iShares","LU",NULL,"0.240","478211067","MSCI Emerging Markets Index (custom) (USD)","USD",NULL,"2026-09-07 20:18:36.181142","2026-09-07 20:18:36.181142","Accumulating","Equities","Andere","2012-11-16",NULL,NULL,"iShares"
"b586e9ec-d932-4c2e-b57e-52afd2a79886","LU0852473528","iShares Emerging Markets Equity Index Fund (LU) Class N7 EUR","iShares","LU",NULL,"0.310","478211067","MSCI EM Net EUR ( custom 4pm LUX ) (EUR)","EUR",NULL,"2026-09-07 20:18:36.181143","2026-09-07 20:18:36.181143","Distributing","Equities","Andere","2012-11-16",NULL,NULL,"iShares"
"32ab7ecc-0761-4147-a894-9421e4ce77f4","IE00023EZQ82","iShares Digital Entertainment and Education UCITS ETF USD (Acc)","iShares","IE","Physical (Full replication)","0.400","69264390","STOXX Global Digital Entertainment and Education Index (USD)","USD",NULL,"2026-09-07 20:18:36.181145","2026-09-07 20:18:36.181145","Accumulating","Equities","Art. 8","2022-06-28",NULL,NULL,"iShares"
"9eb1b2ab-7f1a-47f1-ae59-5b4f5702d860","DE000A2QP4D2","iShares Brazil LTN BRL Govt Bond UCITS ETF (DE) USD (Acc)","iShares","DE","Sampling","0.350","1780355093","JP Morgan Brazilian Zero-Coupon (LTN) Bond Index","USD",NULL,"2026-09-07 20:18:36.181146","2026-09-07 20:18:36.181146","Accumulating","Obligationen","Andere","2025-09-24",NULL,NULL,"iShares"
"28db36f9-e966-46a7-80c1-0a92e6cadfd6","IE000O1FWAW6","iShares iBonds Dec 2035 Term € Corp UCITS ETF EUR (Acc)","iShares","IE","Sampling","0.120","94196015","Bloomberg MSCI December 2035 Maturity EUR Corporate ESG Screened Index","EUR",NULL,"2026-09-07 20:18:36.181147","2026-09-07 20:18:36.181147","Accumulating","Obligationen","Art. 8","2025-10-08",NULL,NULL,"iShares"
"451f88f6-df49-4873-bcc0-c7ddc2535b98","IE000Y9XFN19","iShares iBonds Dec 2035 Term $ Corp UCITS ETF USD (Acc)","iShares","IE","Sampling","0.120","100588480","Bloomberg MSCI December 2035 Maturity USD Corporate ESG Screened Index","USD",NULL,"2026-09-07 20:18:36.181148","2026-09-07 20:18:36.181149","Accumulating","Obligationen","Art. 8","2025-10-08",NULL,NULL,"iShares"
"5cb575db-9d6b-4e83-90f2-33a4444307a8","IE000HJNEE12","iShares Euro Government Inflation-Linked Bond Index Fund (IE) D Acc SEK Hedged","iShares","IE",NULL,"0.120","88735733","BBG Euro Government Inflation-Linked Bond Index (EUR)","SEK",NULL,"2026-09-07 20:18:36.18115","2026-09-07 20:18:36.18115","Accumulating","Obligationen","Andere","2025-07-01",NULL,NULL,"iShares"
"c712e17b-cb9d-469d-a90d-d0eb631d8768","IE000Y1595P8","iShares US Large Cap Max Buffer Dec UCITS ETF USD (Acc)","iShares","IE","Swap","0.500","22874333","S&P 500 Price Return Index","USD",NULL,"2026-09-07 20:18:36.181151","2026-09-07 20:18:36.181151","Accumulating","Equities","Andere","2025-12-31",NULL,NULL,"iShares"
"91d5a901-4757-4616-a26d-e03b60ecc0d2","IE00BHZPJ015","iShares MSCI EMU CTB Enhanced ESG UCITS ETF EUR (Acc)","iShares","IE","Physical (Full replication)","0.120","4031363815","MSCI EMU ESG Enhanced CTB Index","EUR",NULL,"2026-09-07 20:18:36.181153","2026-09-07 20:18:36.181153","Accumulating","Equities","Art. 8","2019-04-16",NULL,NULL,"iShares"
"85f019a1-2740-4dd4-9481-3d6d1005d833","LU1333800438","iShares Emerging Markets Government Bond Index Fund (LU) Class I7 USD","iShares","LU",NULL,"0.240","1779515126","JPM Emerging Markets Bond Index Global Diversified Custom Defaults","USD",NULL,"2026-09-07 20:18:36.181154","2026-09-07 20:18:36.181154","Distributing","Obligationen","Andere","2015-12-16",NULL,NULL,"iShares"
"d058823c-eac0-4cc2-be6a-b5eb36b39b1e","IE00BJ1K4320","iShares Pacific Index Fund (IE) GBP Institutional Accumulating Class","iShares","IE",NULL,"0.190","869094239","MSCI Developed Pacific Ex Japan in GBP Net TR Index","GBP",NULL,"2026-09-07 20:18:36.181155","2026-09-07 20:18:36.181156","Accumulating","Equities","Andere","2019-03-04",NULL,NULL,"iShares"
"b52d5ba4-02b0-4bca-87d3-0a5759c28b8a","IE00BG0J4957","iShares Broad $ High Yield Corp Bond UCITS ETF USD (Dist)","iShares","IE","Physical (Sampling)","0.200","2840718141","ICE BofA US High Yield Constrained Index","USD",NULL,"2026-09-07 20:18:36.181157","2026-09-07 20:18:36.181157","Distributing","Obligationen","Andere","2022-04-05",NULL,NULL,"iShares"
"5bc94ff7-1f1d-4f86-9edb-27f6f8103a54","IE00BHZPJ239","iShares MSCI EM CTB Enhanced ESG UCITS ETF USD (Acc)","iShares","IE","Physical (Full replication)","0.180","10398128125","MSCI EM ESG Enhanced CTB Index","USD",NULL,"2026-09-07 20:18:36.181158","2026-09-07 20:18:36.181158","Accumulating","Equities","Art. 8","2019-10-22",NULL,NULL,"iShares"
"0337a0c6-4761-442e-8ac6-743d8e84e8c0","IE00BKM4H312","iShares MSCI USA Quality Dividend Advanced UCITS ETF USD (Dist)","iShares","IE","Physical (Full replication)","0.350","884714862","MSCI USA High Dividend Yield Advanced Select Index USD","USD",NULL,"2026-09-07 20:18:36.18116","2026-09-07 20:18:36.18116","Distributing","Equities","Art. 8","2014-06-06",NULL,NULL,"iShares"
"128723ae-4015-4cc8-9c55-254da654a96a","IE000J642SM6","iShares China CNY Bond Index Fund (IE) Flex Acc USD Hedged","iShares","IE",NULL,"0.050","285225093","Bloomberg China Treasury + Policy Bank Index","USD",NULL,"2026-09-07 20:18:36.181161","2026-09-07 20:18:36.181161","Accumulating","Obligationen","Andere","2025-10-30",NULL,NULL,"iShares"
"fbe54aa9-c1c3-42f0-8884-46c68bc462b7","IE00BMF59H33","iShares UK Credit Bond Index Fund Flexible Dist GBP","iShares","IE",NULL,"0.030","280857228","iBoxx Sterling Non-Gilts Index (GBP)","GBP",NULL,"2026-09-07 20:18:36.181162","2026-09-07 20:18:36.181163","Distributing","Obligationen","Andere","2020-11-16",NULL,NULL,"iShares"
"3bb17920-aa39-413d-ae22-56eca6c82cb1","IE00BKM4H197","iShares MSCI EM Consumer Growth UCITS ETF USD (Acc)","iShares","IE","Physical (Full replication)","0.600","42799068","MSCI ACWI EMERGING MARKET CONSUMER GROWTH Index Net","USD",NULL,"2026-09-07 20:18:36.181164","2026-09-07 20:18:36.181164","Accumulating","Equities","Andere","2014-06-06",NULL,NULL,"iShares"
"9412ae63-facb-41ab-a500-2b136c4e90fb","IE00BKM4GZ66","iShares Core MSCI EM IMI UCITS ETF USD (Acc)","iShares","IE","Physical (Full replication)","0.180","46365761397","MSCI Emerging Markets IMI Index (Net)","USD",NULL,"2026-09-07 20:18:36.181165","2026-09-07 20:18:36.181165","Accumulating","Equities","Andere","2014-05-30",NULL,NULL,"iShares"
"ade7531c-7315-4eb6-8a73-58a82f102c06","IE00BDQYWQ65","iShares $ TIPS 0-5 UCITS ETF","iShares","IE","Sampling","0.100","3691107934","ICE U.S. Treasury 0-5 Year Inflation Linked Bond Index","USD",NULL,"2026-09-07 20:18:36.181166","2026-09-07 20:18:36.181167","Distributing","Obligationen","Andere","2017-04-20",NULL,NULL,"iShares"
"5b6ae2a6-b557-4017-ba60-944d322df7b2","IE00BG0J4B71","iShares Broad € High Yield Corp Bond UCITS ETF EUR (Dist)","iShares","IE","Physical (Sampling)","0.200","980371230","ICE BofA Euro High Yield Constrained Index (HEC0) (EUR)","EUR",NULL,"2026-09-07 20:18:36.181168","2026-09-07 20:18:36.181168","Distributing","Obligationen","Andere","2022-04-05",NULL,NULL,"iShares"
"ac2037e4-e1c3-4b1b-9f17-e8b84561d8f9","IE00BG0J4841","iShares Digital Security UCITS ETF USD (Dist)","iShares","IE","Physical (Sampling)","0.400","2129675415","STOXX Global Digital Security Open Net Index in USD (USD)","USD",NULL,"2026-09-07 20:18:36.181169","2026-09-07 20:18:36.18117","Distributing","Equities","Art. 8","2018-10-29",NULL,NULL,"iShares"
"eea3465b-5da8-4cc9-8a2a-26b98695f1e3","IE00089J8KM1","iShares Broad € High Yield Corp Bond UCITS ETF USD Hedged (Acc)","iShares","IE","Physical (Sampling)","0.220","980371230","ICE BofA Euro High Yield Constrained Index (HEC0) (EUR)","USD",NULL,"2026-09-07 20:18:36.181171","2026-09-07 20:18:36.181171","Accumulating","Obligationen","Andere","2024-08-05",NULL,NULL,"iShares"
"cbecc1a2-23c2-43a8-a32f-dcdae8b5a4c0","IE000ZH72RF4","iShares Broad $ High Yield Corp Bond UCITS ETF CHF Hedged (Acc)","iShares","IE","Physical (Sampling)","0.220","2840718141","ICE BofA US High Yield Constrained Index","CHF",NULL,"2026-09-07 20:18:36.181172","2026-09-07 20:18:36.181172","Accumulating","Obligationen","Andere","2024-08-05",NULL,NULL,"iShares"
"39babd09-63be-4f9c-abf8-1bdedbd12437","IE000DUDS685","iShares Broad € High Yield Corp Bond UCITS ETF CHF Hedged (Acc)","iShares","IE","Physical (Sampling)","0.220","980371230","ICE BofA Euro High Yield Constrained Index (HEC0) (EUR)","CHF",NULL,"2026-09-07 20:18:36.181173","2026-09-07 20:18:36.181174","Accumulating","Obligationen","Andere","2024-08-05",NULL,NULL,"iShares"
"466edb94-58c8-4121-81aa-29f9fb624c46","IE00BJ9MTQ85","iShares Emerging Markets Government Bond Index Fund (IE) Institutional Acc EUR Hedged","iShares","IE",NULL,"0.250","3567595822","JPM Emerging Markets Bond Index Global Diversified Custom Defaults","EUR",NULL,"2026-09-07 20:18:36.181175","2026-09-07 20:18:36.181175","Accumulating","Obligationen","Andere","2019-08-02",NULL,NULL,"iShares"
"fabfb3eb-3007-40dc-8b2a-d418fc3cc01a","IE000T05HNG4","iShares $ Corp Bond ESG SRI UCITS ETF CHF Hedged (Acc)","iShares","IE","Sampling","0.170","1882162298","Bloomberg MSCI US Corporate ESG SRI Index (USD)","CHF",NULL,"2026-09-07 20:18:36.181176","2026-09-07 20:18:36.181176","Accumulating","Obligationen","Art. 8","2022-06-28",NULL,NULL,"iShares"
"d51c99e3-dce7-4ea6-8722-6daaae40668c","IE000Y1LWY25","iShares Screened Global Corporate Bond Index Fund (IE) D Dist AUD Hedged","iShares","IE",NULL,"0.140","4398006983","BBG Global Aggregate Corporate Index (USD)","AUD",NULL,"2026-09-07 20:18:36.181178","2026-09-07 20:18:36.181178","Distributing","Obligationen","Art. 8","2022-07-08",NULL,NULL,"iShares"
"5cb760d4-d17e-4d58-9177-3d5f47b9d9e7","IE00BKPSFD61","iShares China CNY Bond UCITS ETF USD (Acc)","iShares","IE","Physical (Full replication)","0.350","2667518023","Bloomberg China Treasury + Policy Bank Index","USD",NULL,"2026-09-07 20:18:36.181179","2026-09-07 20:18:36.181179","Accumulating","Obligationen","Andere","2020-05-14",NULL,NULL,"iShares"
"467438c8-debd-47c5-9a64-9abdb0dbd7e0","IE00BMFJGP26","iShares Core € Govt Bond UCITS ETF CHF Hedged (Acc)","iShares","IE","Sampling","0.090","6244308395","Bloomberg Euro Treasury Bond Index","CHF",NULL,"2026-09-07 20:18:36.18118","2026-09-07 20:18:36.18118","Accumulating","Obligationen","Andere","2020-05-14",NULL,NULL,"iShares"
"4832be5e-292d-4199-858c-574edad26d5d","IE00BMXD9Y66","iShares Developed World Screened Index Fund (IE) Inst Acc NOK Hedged","iShares","IE",NULL,"0.190","5245083610","MSCI World Screened Index","NOK",NULL,"2026-09-07 20:18:36.181182","2026-09-07 20:18:36.181182","Accumulating","Equities","Art. 8","2021-03-19",NULL,NULL,"iShares"
"aec114d9-f66a-41dc-8373-80829243d36e","IE00BDFL4P12","iShares Diversified Commodity Swap UCITS ETF","iShares","IE","Swap","0.190","2422634669","Bloomberg Commodity Index Total Return (Official)","USD",NULL,"2026-09-07 20:18:36.181183","2026-09-07 20:18:36.181183","Accumulating","Commodities","Andere","2017-07-18",NULL,NULL,"iShares"
"1536149e-32b6-4601-8cf5-ca0672b6e711","IE00BD1F4M44","iShares Edge MSCI USA Value Factor UCITS ETF USD (Acc)","iShares","IE","Physical (Full replication)","0.200","4004110042","MSCI USA Enhanced Value Net Index","USD",NULL,"2026-09-07 20:18:36.181184","2026-09-07 20:18:36.181185","Accumulating","Equities","Andere","2016-10-13",NULL,NULL,"iShares"
"3eb9cc75-37cf-41dc-bcba-32ec6afcdccb","IE00BD1F4N50","iShares Edge MSCI USA Momentum Factor UCITS ETF USD (Acc)","iShares","IE","Physical (Full replication)","0.200","617026418","MSCI USA MOMENTUM FACTOR NET INDEX","USD",NULL,"2026-09-07 20:18:36.181186","2026-09-07 20:18:36.181186","Accumulating","Equities","Andere","2016-10-13",NULL,NULL,"iShares"
"0531fefa-cf36-458f-995b-a20b30e24bb6","IE00BD1F4L37","iShares Edge MSCI USA Quality Factor UCITS ETF USD (Acc)","iShares","IE","Physical (Full replication)","0.200","3227164252","MSCI USA Sector Neutral Quality Net Index","USD",NULL,"2026-09-07 20:18:36.181187","2026-09-07 20:18:36.181187","Accumulating","Equities","Andere","2016-10-13",NULL,NULL,"iShares"
"b4768048-9fb5-4e2e-bb78-105abd133536","LU1055041369","iShares World Equity Index Fund (LU) Class F2 EUR","iShares","LU",NULL,"0.220","5094713775","MSCI WORLD Net EUR ( custom 4pm LUX ) (EUR)","EUR",NULL,"2026-09-07 20:18:36.181188","2026-09-07 20:18:36.181189","Accumulating","Equities","Andere","2014-04-09",NULL,NULL,"iShares"
"bde32ee0-bfdc-4f7b-b431-dd4435a14fd8","LU1055028937","iShares Emerging Markets Equity Index Fund (LU) Class F2 EUR","iShares","LU",NULL,"0.340","478211067","MSCI EM Net EUR ( custom 4pm LUX ) (EUR)","EUR",NULL,"2026-09-07 20:18:36.18119","2026-09-07 20:18:36.18119","Accumulating","Equities","Andere","2014-04-09",NULL,NULL,"iShares"
"7c158cb1-7b47-4880-9846-79521ac591c5","IE0001KKUL12","iShares Emerging Markets Government Bond Advanced Index Fund (IE) Inst Acc EUR Hedged","iShares","IE",NULL,"0.250","169958783","JPM Screened Tilted & Reweighted EMBI Global Dvsd Index (JSTAR EMBI)","EUR",NULL,"2026-09-07 20:18:36.181191","2026-09-07 20:18:36.181191","Accumulating","Obligationen","Art. 8","2022-06-08",NULL,NULL,"iShares"
"4e68d194-0de0-4174-b5ed-5eaf72be4399","IE000ITHXRL9","iShares Emerging Markets Government Bond Advanced Index Fund (IE) Flex Acc USD","iShares","IE",NULL,"0.030","169958783","JPM Screened Tilted & Reweighted EMBI Global Dvsd Index (JSTAR EMBI)","USD",NULL,"2026-09-07 20:18:36.181192","2026-09-07 20:18:36.181193","Accumulating","Obligationen","Art. 8","2022-06-08",NULL,NULL,"iShares"
"8f6f29fb-7c57-4eab-a593-ef5f9752ac2b","CH0401030793","iShares SPI Equity Index Fund (CH) X CHF","iShares","CH",NULL,"0.030","674498349","Switzerland SPI Index (CHF)","CHF",NULL,"2026-09-07 20:18:36.181194","2026-09-07 20:18:36.181194","Accumulating","Equities",NULL,"2018-05-24",NULL,NULL,"iShares"
"cfc090fe-1b12-4c09-aa2b-02224ed2e5f3","IE000FBSWBF8","iShares Emerging Markets Government Bond Advanced Index Fund (IE) D Acc USD","iShares","IE",NULL,"0.180","169958783","JPM Screened Tilted & Reweighted EMBI Global Dvsd Index (JSTAR EMBI)","USD",NULL,"2026-09-07 20:18:36.181195","2026-09-07 20:18:36.181196","Accumulating","Obligationen","Art. 8","2022-06-08",NULL,NULL,"iShares"
"fabb5ce5-b979-44cb-91f3-79bf8ca45d4f","IE00BFG1TM61","iShares Developed World Screened Index Fund (IE) Inst Acc EUR","iShares","IE",NULL,"0.170","5245083610","MSCI WORLD SCREENED in EURO","EUR",NULL,"2026-09-07 20:18:36.181197","2026-09-07 20:18:36.181197","Accumulating","Equities","Art. 8","2014-10-31",NULL,NULL,"iShares"
"1e7e7151-2b44-4a7d-8cba-7b3b4872b260","IE000X7X53I1","iShares Emerging Markets Government Bond Advanced Index Fund (IE) Inst Acc USD","iShares","IE",NULL,"0.230","169958783","JPM Screened Tilted & Reweighted EMBI Global Dvsd Index (JSTAR EMBI)","USD",NULL,"2026-09-07 20:18:36.181198","2026-09-07 20:18:36.181198","Accumulating","Obligationen","Art. 8","2022-06-08",NULL,NULL,"iShares"
"c08fe670-f148-4aad-b43e-a356a6bbf4e9","IE00BFG1TG02","iShares Developed World Screened Index Fund (IE) Flex Acc USD","iShares","IE",NULL,"0.020","5245083610","MSCI World Screened Index","USD",NULL,"2026-09-07 20:18:36.1812","2026-09-07 20:18:36.1812","Accumulating","Equities","Art. 8","2016-01-06",NULL,NULL,"iShares"
"c4f65f84-8a86-4919-9538-87f0f4507325","IE00BL3J3G74","iShares Core S&P 500 UCITS ETF MXN Hedged (Acc)","iShares","IE","Physical Replication","0.120","160372605138","S&P 500 Index","MXN",NULL,"2026-09-07 20:18:36.181201","2026-09-07 20:18:36.181201","Accumulating","Equities","Andere","2019-12-11",NULL,NULL,"iShares"
"207e8c43-a6a7-46ad-abf0-252203ab8783","IE00BL4KKW48","iShares Core MSCI Europe UCITS ETF MXN Hedged (Acc)","iShares","IE","Physical (Sampling)","0.170","12145365536","MSCI Europe Index","MXN",NULL,"2026-09-07 20:18:36.181202","2026-09-07 20:18:36.181203","Accumulating","Equities","Andere","2019-12-11",NULL,NULL,"iShares"
"e9aa7201-75d7-4639-885c-74078d6b2cd1","IE00BL4KKV31","iShares Core MSCI Japan IMI UCITS ETF MXN Hedged (Acc)","iShares","IE","Physical (Sampling)","0.170","8875737033","MSCI Japan Investable Market Net Index (USD)","MXN",NULL,"2026-09-07 20:18:36.181204","2026-09-07 20:18:36.181204","Accumulating","Equities","Andere","2019-12-11",NULL,NULL,"iShares"
"cb9a7678-9d58-4997-934a-c01d073af261","IE00BL3J3H81","iShares Core MSCI EMU UCITS ETF MXN Hedged (Acc)","iShares","IE","Physical (Full replication)","0.170","7856312388","MSCI EMU Net Index (EUR)","MXN",NULL,"2026-09-07 20:18:36.181205","2026-09-07 20:18:36.181205","Accumulating","Equities","Andere","2019-12-11",NULL,NULL,"iShares"
"d4da3b78-b68f-4544-a309-4efcc86810f0","IE00B9M6RS56","iShares J.P. Morgan $ EM Bond EUR Hedged UCITS ETF (Dist)","iShares","IE","Sampling","0.500","2141238523","JPM EMBIG Div Core Index 100% EUR Hedged","EUR",NULL,"2026-09-07 20:18:36.181206","2026-09-07 20:18:36.181206","Distributing","Obligationen","Andere","2013-07-08",NULL,NULL,"iShares"
"1de6e75c-75fb-4c01-bdd3-5a740f820c2e","IE00BN782T03","iShares Developed World Index Fund Flexible Accumulating SGD Hedged","iShares","IE",NULL,"0.010","30285255874","MSCI World Net TR Index","SGD",NULL,"2026-09-07 20:18:36.181207","2026-09-07 20:18:36.181208","Accumulating","Equities","Andere","2020-10-09",NULL,NULL,"iShares"
"d0bf0d16-606c-4c74-aa3c-10818ac6c83e","IE00BDZZTM54","iShares MSCI World SRI UCITS ETF USD (Dist)","iShares","IE","Physical (Full replication)","0.200","10829714861","MSCI WORLD SRI SELECT REDUCED FOSSIL FUEL NET Index (USD)","USD",NULL,"2026-09-07 20:18:36.181209","2026-09-07 20:18:36.181209","Distributing","Equities","Art. 8","2017-10-12",NULL,NULL,"iShares"
"73500a77-0f5f-4e65-baba-bca66a9e3c2d","IE00BLDGH553","iShares € Govt Bond Climate UCITS ETF EUR (Acc)","iShares","IE","Physical (Sampling)","0.090","2770201902","FTSE Advanced Climate Risk-Adjusted EMU Government Bond Index (EGBI) (EUR)","EUR",NULL,"2026-09-07 20:18:36.18121","2026-09-07 20:18:36.18121","Accumulating","Obligationen","Art. 8","2020-10-01",NULL,NULL,"iShares"
"e2beb7c6-a261-450a-ab25-1537b6569fcb","IE00BLDGH447","iShares € Govt Bond Climate UCITS ETF EUR (Dist)","iShares","IE","Physical (Sampling)","0.090","2770201902","FTSE Advanced Climate Risk-Adjusted EMU Government Bond Index (EGBI) (EUR)","EUR",NULL,"2026-09-07 20:18:36.181212","2026-09-07 20:18:36.181212","Distributing","Obligationen","Art. 8","2020-10-01",NULL,NULL,"iShares"
"0cceb11c-eb79-4c8d-a32c-696a8e673e96","IE00BYWZ0440","iShares Global High Yield Corp Bond UCITS ETF USD (Acc)","iShares","IE","Sampling","0.500","3172885510","iBoxx Global Developed Markets Liquid High Yield Capped (USD) Index (USD)","USD",NULL,"2026-09-07 20:18:36.181213","2026-09-07 20:18:36.181213","Accumulating","Obligationen","Andere","2017-10-19",NULL,NULL,"iShares"
"31ecc958-6856-4783-b7c5-3079f12dadd6","IE00BYZ28V50","iShares Global Govt Bond UCITS ETF USD (Acc)","iShares","IE","Sampling","0.200","3390938242","FTSE G7 Government Bond Index (USD)","USD",NULL,"2026-09-07 20:18:36.181214","2026-09-07 20:18:36.181214","Accumulating","Obligationen","Andere","2017-10-19",NULL,NULL,"iShares"
"1d139b91-ccf3-4ac6-8b3e-13c39efa73c9","IE00BYWZ0333","iShares Automation & Robotics UCITS ETF USD (Dist)","iShares","IE","Physical (Sampling)","0.400","5518551631","Stoxx Global Automation & Robotics Net USD Index","USD",NULL,"2026-09-07 20:18:36.181215","2026-09-07 20:18:36.181215","Distributing","Equities","Art. 8","2017-10-19",NULL,NULL,"iShares"
"226c9d42-55b7-40fd-9105-ccd960b0d402","IE000TOBHQ26","iShares Japan Index Fund (IE) Inst Acc JPY","iShares","IE",NULL,"0.180","2159007140","MSCI Japan Index (JPY)","JPY",NULL,"2026-09-07 20:18:36.181216","2026-09-07 20:18:36.181217","Accumulating","Equities","Andere","2024-10-15",NULL,NULL,"iShares"
"f929d883-1199-4fac-ac6f-303a00390005","LU1387770735","iShares Emerging Markets Government Bond Index Fund (LU) Class X2 Hedged EUR","iShares","LU",NULL,"0.040","1779515126","JPM Emerging Markets Bond Index Global Diversified Custom Defaults","EUR",NULL,"2026-09-07 20:18:36.181218","2026-09-07 20:18:36.181218","Accumulating","Obligationen","Andere","2016-04-13",NULL,NULL,"iShares"
"4cfafe08-b919-438f-9d44-86588ef3eaba","IE0000N55FP4","iShares MSCI Europe Small Cap UCITS ETF EUR (Acc)","iShares","IE","Physical (Sampling)","0.250","9181882","MSCI Europe Small Cap Index","EUR",NULL,"2026-09-07 20:18:36.181219","2026-09-07 20:18:36.181219","Accumulating","Equities","Andere","2026-03-25",NULL,NULL,"iShares"
"11a042a5-8d7e-4d4e-8d15-011992035d15","CH0565882096","iShares World ex Switzerland Equity Index Fund II X15 USD","iShares","CH",NULL,"0.030","537213982","MSCI Developed World ex Switzerland Net Index (USD)","USD",NULL,"2026-09-07 20:18:36.181221","2026-09-07 20:18:36.181221","Accumulating","Equities",NULL,"2020-10-15",NULL,NULL,"iShares"
"2038c39e-049a-4872-b24a-dbf07155f050","IE00BYXYYN70","iShares US Mortgage Backed Securities UCITS ETF USD (Acc)","iShares","IE","Sampling","0.280","3919882741","Bloomberg U.S. MBS Index","USD",NULL,"2026-09-07 20:18:36.181222","2026-09-07 20:18:36.181222","Accumulating","Obligationen","Andere","2017-04-13",NULL,NULL,"iShares"
"0bf15e19-38c2-4f7b-8961-a0207f2e2c6d","IE00BYXYYK40","iShares J.P. Morgan $ EM Bond UCITS ETF USD (Acc)","iShares","IE","Sampling","0.450","8430678510","J.P. Morgan Emerging Markets Bond Index Global Diversified Core","USD",NULL,"2026-09-07 20:18:36.181223","2026-09-07 20:18:36.181223","Accumulating","Obligationen","Andere","2017-04-13",NULL,NULL,"iShares"
"00123847-cb2a-41ac-ae32-8939ced93260","IE00BYXYYP94","iShares $ Short Duration Corp Bond UCITS ETF USD (Acc)","iShares","IE","Sampling","0.200","9077376127","iBoxx USD Liquid Investment Grade 0-5 Index","USD",NULL,"2026-09-07 20:18:36.181225","2026-09-07 20:18:36.181225","Accumulating","Obligationen","Andere","2017-04-13",NULL,NULL,"iShares"
"02b11c31-09bf-45d6-b9c8-be80e0b3d299","IE00BYXPSP02","iShares $ Treasury Bond 1-3yr UCITS ETF USD (Acc)","iShares","IE","Sampling","0.070","12736616213","ICE U.S. Treasury 1-3 Year Bond Index","USD",NULL,"2026-09-07 20:18:36.181226","2026-09-07 20:18:36.181226","Accumulating","Obligationen","Andere","2017-04-13",NULL,NULL,"iShares"
"42298cab-b95a-4929-a46e-d5803b36b7e8","IE00BYXPXL17","iShares Edge MSCI World Minimum Volatility UCITS ETF EUR Hedged (Acc)","iShares","IE","Physical (Sampling)","0.350","3000395845","MSCI WORLD MINIMUM VOLATILITY (USD)","EUR",NULL,"2026-09-07 20:18:36.181227","2026-09-07 20:18:36.181228","Accumulating","Equities","Andere","2017-04-21",NULL,NULL,"iShares"
"f0f9dbbc-9dbb-42f0-9c8c-b5add06fb313","IE00BYXPXK00","iShares STOXX World Equity Multifactor UCITS ETF EUR Hedged (Acc)","iShares","IE","Physical (Full replication)","0.330","930217752","STOXX Developed World Equity Factor Screened Net Index","EUR",NULL,"2026-09-07 20:18:36.181229","2026-09-07 20:18:36.181229","Accumulating","Equities","Art. 8","2017-04-21",NULL,NULL,"iShares"
"b8bc21a8-6b87-4788-9286-861caa9d08d3","IE00BYXZ2585","iShares Core MSCI EMU UCITS ETF EUR (Dist)","iShares","IE","Physical (Full replication)","0.120","7856312388","MSCI EMU Net Index (EUR)","EUR",NULL,"2026-09-07 20:18:36.18123","2026-09-07 20:18:36.18123","Distributing","Equities","Andere","2017-04-28",NULL,NULL,"iShares"
"74e54fc8-cb20-4b3c-bc76-ef56e844b18c","IE00BYXYYJ35","iShares $ Corp Bond UCITS ETF USD (Acc)","iShares","IE","Sampling","0.200","8891503988","iBoxx USD Liquid Investment Grade Index","USD",NULL,"2026-09-07 20:18:36.181231","2026-09-07 20:18:36.181231","Accumulating","Obligationen","Andere","2017-04-13",NULL,NULL,"iShares"
"e1121ee1-e8fe-4c6f-9ef1-9f438def44a9","IE00BYXYYM63","iShares US Aggregate Bond UCITS ETF USD (Acc)","iShares","IE","Sampling","0.250","6114435891","Bloomberg US Aggregate Bond Index","USD",NULL,"2026-09-07 20:18:36.181232","2026-09-07 20:18:36.181233","Accumulating","Obligationen","Andere","2017-04-13",NULL,NULL,"iShares"
"8134d84d-f00f-4868-8af7-f9b8db2f1605","IE00B9M6SJ31","iShares Global Corp Bond EUR Hedged UCITS ETF (Dist)","iShares","IE","Sampling","0.250","1106897806","BBG Global Agg Corporate Index - EUR Hedged","EUR",NULL,"2026-09-07 20:18:36.181234","2026-09-07 20:18:36.181234","Distributing","Obligationen","Andere","2013-06-25",NULL,NULL,"iShares"
"58f88717-4980-4691-ae06-0de128effef9","IE000LQ8YC86","iShares Global Inflation-Linked Bond Index Fund (IE) Inst Acc GBP Hdg","iShares","IE",NULL,"0.150","2387814884","BBG World Government Inflation-Linked Bond Index (USD)","GBP",NULL,"2026-09-07 20:18:36.181235","2026-09-07 20:18:36.181235","Accumulating","Obligationen","Andere","2025-11-13",NULL,NULL,"iShares"
"5bc824f8-fb22-42b6-a921-e2e1f9999280","IE0009MUJ3F4","iShares Global Inflation-Linked Bond Index Fund (IE) D Dist USD Hedged","iShares","IE",NULL,"0.120","2387814884","BBG World Government Inflation-Linked Bond Index (USD)","USD",NULL,"2026-09-07 20:18:36.181237","2026-09-07 20:18:36.181237","Distributing","Obligationen","Andere","2025-11-13",NULL,NULL,"iShares"
"cfc27d78-4ace-4b4c-8655-a9a42f9471c7","IE00B8J31C42","iShares Japan Index Fund (IE) Flex Acc EUR","iShares","IE",NULL,"0.020","2159007140","MSCI Developed - Japan Net EUR Index (EUR)","EUR",NULL,"2026-09-07 20:18:36.181238","2026-09-07 20:18:36.181238","Accumulating","Equities","Andere","2013-06-18",NULL,NULL,"iShares"
"e14c7980-34b4-43e5-a3b2-40625298ab2b","IE00B8J31D58","iShares Pacific Index Fund (IE) Flex Acc EUR","iShares","IE",NULL,"0.040","869094239","MSCI Developed Pacific Ex Japan in EUR Net TR Index (EUR)","EUR",NULL,"2026-09-07 20:18:36.181239","2026-09-07 20:18:36.181239","Accumulating","Equities","Andere","2013-06-18",NULL,NULL,"iShares"
"accd037d-7a52-4b20-958b-b37fdf38e9dd","CH0342181739","iShares SPI Equity Index Fund (CH) Class X N CHF","iShares","CH",NULL,"0.030","674498349","Switzerland SPI Index (CHF)","CHF",NULL,"2026-09-07 20:18:36.18124","2026-09-07 20:18:36.181241","Accumulating","Equities",NULL,"2017-10-26",NULL,NULL,"iShares"
"101fbf5e-0e85-4e57-a8b8-1b6784ff2c5d","IE00B8J31B35","iShares North America Index Fund (IE) Flex Acc EUR","iShares","IE",NULL,"0.020","3194753799","MSCI Daily Net TR North America (EUR)","EUR",NULL,"2026-09-07 20:18:36.181242","2026-09-07 20:18:36.181242","Accumulating","Equities","Andere","2013-06-18",NULL,NULL,"iShares"
"b1cc349a-b454-4bf4-a222-1d0afcbe774a","CH0342181622","iShares SPI Equity Index Fund (CH) Class D CHF","iShares","CH",NULL,"0.130","674498349","Switzerland SPI Index (CHF)","CHF",NULL,"2026-09-07 20:18:36.181243","2026-09-07 20:18:36.181243","Accumulating","Equities",NULL,"2017-04-19",NULL,NULL,"iShares"
"05b2e99f-e1f6-4176-af5c-5992644d09dd","CH0342181986","iShares Emerging Markets Bond Index Fund (CH) Class D USD","iShares","CH",NULL,"0.300","921509892","JPM Emerging Markets Bond Index Global Diversified Custom Defaults","USD",NULL,"2026-09-07 20:18:36.181244","2026-09-07 20:18:36.181245","Accumulating","Obligationen",NULL,"2017-04-19",NULL,NULL,"iShares"
"b438ec19-bf1d-449a-acf0-74941e422835","IE00BYXYYL56","iShares $ High Yield Corp Bond UCITS ETF USD (Acc)","iShares","IE","Sampling","0.500","5942821125","iBoxx USD Liquid High Yield Capped (USD)","USD",NULL,"2026-09-07 20:18:36.181246","2026-09-07 20:18:36.181246","Accumulating","Obligationen","Andere","2017-04-13",NULL,NULL,"iShares"
"cbc5c463-94e4-4597-860b-3fab5e6846f7","IE00BF2N5S47","iShares Emerging Markets Government Bond Index Fund (IE) Flexible Acc USD","iShares","IE",NULL,"0.030","3567595822","JPM Emerging Markets Bond Index Global Diversified Custom Defaults","USD",NULL,"2026-09-07 20:18:36.181247","2026-09-07 20:18:36.181247","Accumulating","Obligationen","Andere","2020-09-04",NULL,NULL,"iShares"
"1b65e721-5161-4d47-9bda-167ef1e70fc7","IE00BYXG2H39","iShares Nasdaq US Biotechnology UCITS ETF","iShares","IE","Physical (Full replication)","0.350","1274964767","NASDAQ Biotechnology NET Index","USD",NULL,"2026-09-07 20:18:36.181248","2026-09-07 20:18:36.181248","Accumulating","Equities","Andere","2017-10-19",NULL,NULL,"iShares"
"53ee524d-2da1-458e-8308-c9bb2a118c8d","IE0007G78AC4","iShares $ Asia Investment Grade Corp Bond UCITS ETF USD (Acc)","iShares","IE","Sampling","0.200","261723455","iBoxx USD Asia ex-Japan Corporates Investment Grade ESG SC Index In (USD)","USD",NULL,"2026-09-07 20:18:36.18125","2026-09-07 20:18:36.18125","Accumulating","Obligationen","Art. 8","2021-11-08",NULL,NULL,"iShares"
"058b49b3-f301-4d8f-9142-7134f574020c","IE00BMZ17T93","iShares MSCI World SRI UCITS ETF GBP Hedged (Dist)","iShares","IE","Physical (Full replication)","0.230","10829714861","MSCI WORLD SRI SELECT REDUCED FOSSIL FUEL NET Index (USD)","GBP",NULL,"2026-09-07 20:18:36.181251","2026-09-07 20:18:36.181251","Distributing","Equities","Art. 8","2020-10-12",NULL,NULL,"iShares"
"10b5552e-01f9-40b6-8825-968ff086ecee","IE000U9ODG19","iShares Global Aerospace & Defence UCITS ETF USD (Acc)","iShares","IE","Physical (Full replication)","0.350","1854556302","S&P Developed BMI Select Aerospace & Defense Capped Index","USD",NULL,"2026-09-07 20:18:36.181252","2026-09-07 20:18:36.181252","Accumulating","Equities","Andere","2024-02-01",NULL,NULL,"iShares"
"f326b8f1-a843-4b97-b3ef-70b7114ca853","CH0342181887","iShares SBI Screened AAA-BBB Bond Index Fund (CH) Class D Acc CHF","iShares","CH",NULL,"0.150","1153482734","SBI ESG Screened AAA-BBB (CHF)","CHF",NULL,"2026-09-07 20:18:36.181253","2026-09-07 20:18:36.181254","Accumulating","Obligationen",NULL,"2017-04-19",NULL,NULL,"iShares"
"c1b7f2cf-17ad-4324-9596-fd2c5230e6e8","LU1499592894","iShares Emerging Markets Government Bond Index Fund (LU) Class X2 Hedged SEK","iShares","LU",NULL,"0.030","1779515126","JPM Emerging Markets Bond Index Global Diversified Custom Defaults","SEK",NULL,"2026-09-07 20:18:36.181255","2026-09-07 20:18:36.181255","Accumulating","Obligationen","Andere","2016-10-19",NULL,NULL,"iShares"
"6d283f0e-2c82-41f3-89b8-af1b389cf72e","IE000SNLFDR7","iShares iBonds Dec 2029 Term € Corp UCITS ETF EUR (Acc)","iShares","IE","Sampling","0.120","950768392","BBG MSCI Dec 2029 Maturity EUR Corporate ESG Screened Index","EUR",NULL,"2026-09-07 20:18:36.181256","2026-09-07 20:18:36.181256","Accumulating","Obligationen","Art. 8","2024-08-28",NULL,NULL,"iShares"
"1a854994-75be-40e2-a885-20d43bed0a5a","IE000MELAE65","iShares MSCI World Energy Sector Advanced UCITS ETF USD (Dist)","iShares","IE","Physical (Full replication)","0.180","190155247","MSCI World Energy Advanced Select 20 35 Capped Index","USD",NULL,"2026-09-07 20:18:36.181258","2026-09-07 20:18:36.181258","Distributing","Equities","Art. 8","2022-04-07",NULL,NULL,"iShares"
"6648fe74-2119-413e-94b5-dac5d4da3a2a","IE00BMZ17V16","iShares MSCI World SRI UCITS ETF CHF Hedged (Dist)","iShares","IE","Physical (Full replication)","0.230","10829714861","MSCI WORLD SRI SELECT REDUCED FOSSIL FUEL NET Index (USD)","CHF",NULL,"2026-09-07 20:18:36.181259","2026-09-07 20:18:36.181259","Distributing","Equities","Art. 8","2020-10-12",NULL,NULL,"iShares"
"b6166e72-0055-43fe-ac70-cc71ea96fa14","IE00BMZ17W23","iShares MSCI World SRI UCITS ETF EUR Hedged (Dist)","iShares","IE","Physical (Full replication)","0.230","10829714861","MSCI WORLD SRI SELECT REDUCED FOSSIL FUEL NET Index (USD)","EUR",NULL,"2026-09-07 20:18:36.18126","2026-09-07 20:18:36.18126","Distributing","Equities","Art. 8","2020-10-12",NULL,NULL,"iShares"
"4141fbdc-b44c-4f00-8b01-f5758bbae98c","IE00BJK0X817","iShares World ex Euro Government Bond Index Fund (IE) Institutional Accumulating EUR","iShares","IE",NULL,"0.150","1433615915","FTSE Non-EUR World Government Bond Index in EUR","EUR",NULL,"2026-09-07 20:18:36.181262","2026-09-07 20:18:36.181262","Accumulating","Obligationen","Andere","2019-03-15",NULL,NULL,"iShares"
"fbd7b60e-4bec-4679-9992-8c17395154a4","IE000Y2BJVK9","iShares iBonds Dec 2030 Term € Corp UCITS ETF EUR (Acc)","iShares","IE","Sampling","0.120","1159726333","BBG MSCI Dec 2030 Maturity EUR Corporate ESG Screened Index","EUR",NULL,"2026-09-07 20:18:36.181263","2026-09-07 20:18:36.181263","Accumulating","Obligationen","Art. 8","2024-08-28",NULL,NULL,"iShares"
"e036d3b2-a006-4129-ac8f-f12f7d0f6de5","IE00BZCQB185","iShares MSCI India UCITS ETF USD (Acc)","iShares","IE","Physical (Full replication)","0.650","5180948793","MSCI India Index (Net)","USD",NULL,"2026-09-07 20:18:36.181264","2026-09-07 20:18:36.181264","Accumulating","Equities","Andere","2018-05-24",NULL,NULL,"iShares"
"6ad724ab-6d2d-4d81-962d-45aed5e04928","IE00BMC44015","iShares Screened Global Corporate Bond Index Fund (IE) Flex Acc EUR Hedged","iShares","IE",NULL,"0.030","4398006983","BBG Global Aggregate Corporate Index (USD)","EUR",NULL,"2026-09-07 20:18:36.181266","2026-09-07 20:18:36.181266","Accumulating","Obligationen","Art. 8","2020-10-12",NULL,NULL,"iShares"
"8bf91b91-8e52-4f12-a0f1-e64a4493a4ec","IE00023YVIY1","iShares Developed World Index Fund (IE) D Dist USD","iShares","IE",NULL,"0.120","30285255874","MSCI World Net TR Index","USD",NULL,"2026-09-07 20:18:36.181267","2026-09-07 20:18:36.181267","Distributing","Equities","Andere","2025-11-13",NULL,NULL,"iShares"
"efeac181-8fb2-4b51-848d-387329fe5006","IE00BD8PH067","iShares $ Treasury Bond 20+yr UCITS ETF CHF Hedged (Dist)","iShares","IE","Sampling","0.100","6029286059","ICE U.S. Treasury 20+ Year Bond Index","CHF",NULL,"2026-09-07 20:18:36.181268","2026-09-07 20:18:36.181268","Distributing","Obligationen","Andere","2017-10-24",NULL,NULL,"iShares"
"1d0ad67b-3dc6-4a30-8b02-a45c006407dd","IE000A45CKB8","iShares Developed World Index Fund (IE) Flexible Acc HKD","iShares","IE",NULL,"0.010","30362720870","MSCI World Net TR Index (HKD)","HKD",NULL,"2026-09-07 20:18:36.181269","2026-09-07 20:18:36.181269","Accumulating","Equities","Andere","2025-04-14",NULL,NULL,"iShares"
"fc2ae804-1775-417c-ab1a-a41630699da7","IE000T2H0069","iShares Global Inflation-Linked Bond Index Fund (IE) D Accumulation SEK Hedged","iShares","IE",NULL,"0.120","2387814884","BBG World Government Inflation-Linked Bond Index (USD)","SEK",NULL,"2026-09-07 20:18:36.18127","2026-09-07 20:18:36.181271","Accumulating","Obligationen","Andere","2024-12-18",NULL,NULL,"iShares"
"ed3aad0b-816a-4e51-9cde-a1cc69185292","IE0009YAQF71","iShares Global Inflation-Linked Bond Index Fund (IE) D Accumulation SGD Hedged","iShares","IE",NULL,"0.120","2387814884","BBG World Government Inflation-Linked Bond Index (USD)","SGD",NULL,"2026-09-07 20:18:36.181272","2026-09-07 20:18:36.181272","Accumulating","Obligationen","Andere","2025-01-17",NULL,NULL,"iShares"
"b8525b49-a56e-405c-a1e2-d1b3aed5066b","IE00BJ5JP436","iShares MSCI World Communication Services Sector Advanced UCITS ETF USD (Dist)","iShares","IE","Physical (Full replication)","0.180","134365013","MSCI World Communication Services Advanced Select 20 35 Capped Index","USD",NULL,"2026-09-07 20:18:36.181273","2026-09-07 20:18:36.181274","Distributing","Equities","Art. 8","2022-04-07",NULL,NULL,"iShares"
"5a67acd0-c50c-450b-a5b6-3e84cf307a2c","LU2087589268","iShares Emerging Markets Government Bond Index Fund (LU) X7 USD","iShares","LU",NULL,"0.040","1779515126","JPM Emerging Markets Bond Index Global Diversified Custom Defaults","USD",NULL,"2026-09-07 20:18:36.181275","2026-09-07 20:18:36.181275","Distributing","Obligationen","Andere","2019-12-04",NULL,NULL,"iShares"
"b15193bd-c582-4eaa-b358-9a75ad151ff6","IE000WYAQXR4","iShares Euro Long Duration Government Bond Index Fund (IE) Flex Acc EUR","iShares","IE",NULL,"0.030","1087218536","BBG Core Euro Government Bonds Long Duration Index Index","EUR",NULL,"2026-09-07 20:18:36.181276","2026-09-07 20:18:36.181276","Accumulating","Obligationen","Andere","2025-03-21",NULL,NULL,"iShares"
"43c2dd7e-6fc9-4c90-858c-4e553ef388e1","IE0005D0XZS2","iShares Developed Real Estate Index Fund (IE) Inst Acc GBP","iShares","IE",NULL,"0.230","1578871775","FTSE EPRA Nareit Developed Net Total Return in GBP (GBP)","GBP",NULL,"2026-09-07 20:18:36.181278","2026-09-07 20:18:36.181278","Accumulating","Real Estate","Andere","2024-03-28",NULL,NULL,"iShares"
"57af8fbe-acc7-40a0-9377-0acbb378d27e","CH0354102912","iShares Japan Equity Index Fund (CH) Class X1 CHF","iShares","CH",NULL,"0.040","70220902","MSCI Japan - Gross CHF (CHF)","CHF",NULL,"2026-09-07 20:18:36.181279","2026-09-07 20:18:36.181279","Accumulating","Equities",NULL,"2017-10-26",NULL,NULL,"iShares"
"496fe22d-5583-4d8a-b7d8-27eaf2ec0551","IE000XHDJXE4","iShares Euro Long Duration Government Bond Index Fund (IE) D Acc EUR","iShares","IE",NULL,"0.100","1082241033","BBG Core Euro Government Bonds Long Duration Index Index","EUR",NULL,"2026-09-07 20:18:36.18128","2026-09-07 20:18:36.18128","Accumulating","Obligationen","Andere","2025-10-07",NULL,NULL,"iShares"
"d74eae1c-25b8-4dc0-afca-15dc4e0dbbed","IE000ZOI8OK5","iShares iBonds Dec 2027 Term € Corp UCITS ETF EUR (Acc)","iShares","IE","Sampling","0.120","1287823058","BBG MSCI December 2027 Maturity EUR Corporate ESG Screened Index","EUR",NULL,"2026-09-07 20:18:36.181282","2026-09-07 20:18:36.181282","Accumulating","Obligationen","Art. 8","2023-09-06",NULL,NULL,"iShares"
"07e9cfad-a257-4318-97fd-d8ef20f37501","IE000H5X52W8","iShares iBonds Dec 2027 Term € Corp UCITS ETF EUR (Dist)","iShares","IE","Sampling","0.120","1287823058","BBG MSCI December 2027 Maturity EUR Corporate ESG Screened Index","EUR",NULL,"2026-09-07 20:18:36.181283","2026-09-07 20:18:36.181283","Distributing","Obligationen","Art. 8","2023-11-20",NULL,NULL,"iShares"
"427977f8-d8a7-4e06-8aac-cd8d36146495","IE00BK95B138","iShares $ Treasury Bond UCITS ETF USD (Dist)","iShares","IE","Sampling","0.070","695810022","ICE U.S. Treasury Core Bond Index","USD",NULL,"2026-09-07 20:18:36.181284","2026-09-07 20:18:36.181284","Distributing","Obligationen","Andere","2019-08-28",NULL,NULL,"iShares"
"db790d01-0b22-48c5-9635-06427eff0c32","IE00BJ5JP766","iShares MSCI World Materials Sector Advanced UCITS ETF USD (Dist)","iShares","IE","Physical (Full replication)","0.180","63497712","MSCI World Materials Advanced Select 20 35 Capped Index","USD",NULL,"2026-09-07 20:18:36.181285","2026-09-07 20:18:36.181285","Distributing","Equities","Art. 8","2022-04-07",NULL,NULL,"iShares"
"b68105b4-7340-421f-8a96-7201e78b6d80","IE00BJK55C48","iShares € High Yield Corp Bond ESG SRI UCITS ETF EUR (Acc)","iShares","IE","Sampling","0.250","3925637008","Bloomberg MSCI Euro Corporate High Yield ESG SRI Bond Index (EUR)","EUR",NULL,"2026-09-07 20:18:36.181286","2026-09-07 20:18:36.181287","Accumulating","Obligationen","Art. 8","2019-11-12",NULL,NULL,"iShares"
"e33e4d15-927c-432d-b22e-cd0ccefd7ffc","IE000I1D7D10","iShares iBonds Dec 2027 Term $ Corp UCITS ETF USD (Acc)","iShares","IE","Sampling","0.120","487409139","BBG MSCI December 2027 Maturity USD Corporate ESG Screened Index","USD",NULL,"2026-09-07 20:18:36.181288","2026-09-07 20:18:36.181288","Accumulating","Obligationen","Art. 8","2023-09-06",NULL,NULL,"iShares"
"795ba305-98a1-4ff3-84f4-90c138c435f9","IE00BJK55B31","iShares $ High Yield Corp Bond ESG SRI UCITS ETF USD (Acc)","iShares","IE","Sampling","0.250","1953753186","Bloomberg MSCI US Corporate High Yield ESG SRI Bond Index (USD)","USD",NULL,"2026-09-07 20:18:36.181289","2026-09-07 20:18:36.181289","Accumulating","Obligationen","Art. 8","2019-11-12",NULL,NULL,"iShares"
"a9d3e717-d1ce-4d65-851a-876866507032","IE000EOFR2K5","iShares US Large Cap Deep Buffer UCITS ETF USD (Acc)","iShares","IE","Swap","0.500","30980748","NASDAQ 100 Index","USD",NULL,"2026-09-07 20:18:36.181291","2026-09-07 20:18:36.181291","Accumulating","Equities","Andere","2025-09-30",NULL,NULL,"iShares"
"40478574-c5d9-4686-84f1-929f7645e068","IE000RLUVMR2","iShares $ Treasury Bond 10-20yr UCITS ETF USD (Acc)","iShares","IE","Sampling","0.070","27134407","ICE U.S. Treasury 10-20 Year Bond Index","USD",NULL,"2026-09-07 20:18:36.181292","2026-09-07 20:18:36.181292","Accumulating","Obligationen","Andere","2025-06-05",NULL,NULL,"iShares"
"43733036-0971-418f-93aa-037caa4fe26d","IE000BMP9YJ5","iShares US Large Cap Max Buffer Jun UCITS ETF USD (Acc)","iShares","IE","Swap","0.500","22707748","S&P 500 Price Return Index","USD",NULL,"2026-09-07 20:18:36.181293","2026-09-07 20:18:36.181293","Accumulating","Equities","Andere","2026-06-30",NULL,NULL,"iShares"
"73af1988-ae2e-4de4-8f75-ec48db24a152","IE00BJ5JP659","iShares MSCI World Industrials Sector Advanced UCITS ETF USD (Dist)","iShares","IE","Physical (Full replication)","0.180","124693705","MSCI World Industrials Advanced Select 20 35 Capped Index","USD",NULL,"2026-09-07 20:18:36.181295","2026-09-07 20:18:36.181295","Distributing","Equities","Art. 8","2022-04-07",NULL,NULL,"iShares"
"15b10bfa-6c7e-447c-8a69-556272c8deec","LU0960941911","iShares Japan Equity Index Fund (LU) Class N7 USD","iShares","LU",NULL,"0.230","122396252","MSCI Japan Index (custom) (USD)","USD",NULL,"2026-09-07 20:18:36.181296","2026-09-07 20:18:36.181296","Distributing","Equities","Andere","2013-08-14",NULL,NULL,"iShares"
"c7f818e8-3206-45d1-bbc8-03b5598eeb4c","LU0960941838","iShares Europe Equity Index Fund (LU) Class N7 USD","iShares","LU",NULL,"0.190","402565160","MSCI EUROPE Net ( custom 4pm LUX ) (USD)","USD",NULL,"2026-09-07 20:18:36.181297","2026-09-07 20:18:36.181297","Distributing","Equities","Andere","2013-08-14",NULL,NULL,"iShares"
"db41d097-1184-44f6-9010-9b07978250e3","LU0960942059","iShares Pacific ex Japan Equity Index Fund (LU) Class N7 USD","iShares","LU",NULL,"0.210","221374624","MSCI Pacific ex Japan Index (custom) (USD)","USD",NULL,"2026-09-07 20:18:36.181299","2026-09-07 20:18:36.181299","Distributing","Equities","Andere","2013-08-14",NULL,NULL,"iShares"
"0053e59d-ed8d-40b1-a85d-d0effa1c3acc","LU0960941754","iShares Emerging Markets Equity Index Fund (LU) Class N7 USD","iShares","LU",NULL,"0.300","478211067","MSCI Emerging Markets Index (custom) (USD)","USD",NULL,"2026-09-07 20:18:36.1813","2026-09-07 20:18:36.1813","Distributing","Equities","Andere","2013-08-14",NULL,NULL,"iShares"
"501960b1-286d-4cfa-bba4-08f84b7701bb","IE00BFMHVB17","iShares Japan Index Fund (IE) Flex ACC JPY","iShares","IE",NULL,"0.030","2159007140","MSCI Japan Index (JPY)","JPY",NULL,"2026-09-07 20:18:36.181301","2026-09-07 20:18:36.181301","Accumulating","Equities","Andere","2018-06-06",NULL,NULL,"iShares"
"9812234c-d1d8-4838-b0b2-0283880ae041","LU1373035580","iShares Emerging Markets Government Bond Index Fund (LU) Class A2 Hedged EUR","iShares","LU",NULL,"0.520","1779515126","JPM Emerging Markets Bond Index Global Diversified Custom Defaults","EUR",NULL,"2026-09-07 20:18:36.181303","2026-09-07 20:18:36.181303","Accumulating","Obligationen","Andere","2016-04-13",NULL,NULL,"iShares"
"5c7151dc-bca0-45f8-865a-c78bcd9590b8","IE000LUZEWK5","iShares Developed Real Estate Index Fund D Acc USD","iShares","IE",NULL,"0.170","1578871775","FTSE EPRA Nareit Developed Index (Net)","USD",NULL,"2026-09-07 20:18:36.181304","2026-09-07 20:18:36.181304","Accumulating","Real Estate","Andere","2024-03-26",NULL,NULL,"iShares"
"81aca97d-e3fd-4368-9a89-67a682189eb3","LU1373035663","iShares Emerging Markets Government Bond Index Fund (LU) Class I2 Hedged EUR","iShares","LU",NULL,"0.240","1779515126","JPM Emerging Markets Bond Index Global Diversified Custom Defaults","EUR",NULL,"2026-09-07 20:18:36.181305","2026-09-07 20:18:36.181306","Accumulating","Obligationen","Andere","2016-04-13",NULL,NULL,"iShares"
"8f45554e-6147-4985-b500-8fedb90f30a4","LU1394265414","iShares Europe Equity Index Fund (LU) Class X2 USD","iShares","LU",NULL,"0.050","402565160","MSCI EUROPE Net ( custom 4pm LUX ) (USD)","USD",NULL,"2026-09-07 20:18:36.181307","2026-09-07 20:18:36.181307","Accumulating","Equities","Andere","2016-04-20",NULL,NULL,"iShares"
"8bc4b2c1-0036-4247-abfb-2b5cdc3a4b2f","IE000VN2TQC4","iShares Emerging Markets Government Bond Index Fund (IE) Flexible Distributing GBP Hedged","iShares","IE",NULL,"0.030","3567595822","JPM Emerging Markets Bond Index Global Diversified Custom Defaults","GBP",NULL,"2026-09-07 20:18:36.181308","2026-09-07 20:18:36.181308","Distributing","Obligationen","Andere","2023-01-23",NULL,NULL,"iShares"
"b94d2bee-bd1d-4778-ade9-9bd9a3bbc109","IE000A8DUDZ3","iShares Emerging Markets Local Government Bond Index Fund (IE) Flexible Distributing GBP","iShares","IE",NULL,"0.100","2213843794","JP Morgan GBI-EM Global Diversified Index (GBP)","GBP",NULL,"2026-09-07 20:18:36.181309","2026-09-07 20:18:36.181309","Distributing","Obligationen","Andere","2023-01-23",NULL,NULL,"iShares"
"701e1c6c-26d1-40c1-a31b-3778e9cff080","IE000AODOWS0","iShares Emerging Markets Government Bond Index Fund (IE) Flexible Distributing GBP","iShares","IE",NULL,"0.030","3567595822","JPM Emerging Markets Bond Index Global Diversified Custom Defaults - GBP","GBP",NULL,"2026-09-07 20:18:36.18131","2026-09-07 20:18:36.181311","Distributing","Obligationen","Andere","2023-01-23",NULL,NULL,"iShares"
"aef79b4b-3d50-493e-87da-2fa84fe2036a","IE00BZ0PKT83","iShares STOXX World Equity Multifactor UCITS ETF USD (Acc)","iShares","IE","Physical (Full replication)","0.300","930217752","STOXX Developed World Equity Factor Screened Net Index","USD",NULL,"2026-09-07 20:18:36.181312","2026-09-07 20:18:36.181312","Accumulating","Equities","Art. 8","2015-09-04",NULL,NULL,"iShares"
"1c05f14d-8537-4300-8d3a-cb5aa31ef282","IE00BJBLQB74","iShares Core Global Aggregate Bond UCITS ETF SEK Hedged (Acc)","iShares","IE","Sampling","0.150","14365032104","Bloomberg Global Aggregate Bond Index","SEK",NULL,"2026-09-07 20:18:36.181313","2026-09-07 20:18:36.181313","Accumulating","Obligationen","Andere","2019-08-30",NULL,NULL,"iShares"
"7cf3420d-d387-40cc-b503-fbf9ec749de0","IE00BJBLQC81","iShares Core € Corp Bond UCITS ETF SEK Hedged (Acc)","iShares","IE","Sampling","0.110","13386927494","BBG Euro Corporate Index (EUR)","SEK",NULL,"2026-09-07 20:18:36.181314","2026-09-07 20:18:36.181315","Accumulating","Obligationen","Andere","2019-08-30",NULL,NULL,"iShares"
"8683fd6f-3550-425a-a55c-9aee65fae953","IE000R4ZNTN3","iShares MSCI World ex-USA UCITS ETF USD (Acc)","iShares","IE","Physical (Full replication)","0.150","3740549303","MSCI World Ex US Net Index","USD",NULL,"2026-09-07 20:18:36.181316","2026-09-07 20:18:36.181316","Accumulating","Equities","Andere","2025-01-24",NULL,NULL,"iShares"
"47212c6f-33ca-4906-b493-54b66b8da1d1","IE000A89Y2G7","iShares MSCI World Utilities Sector Advanced UCITS ETF USD (Acc)","iShares","IE","Physical (Full replication)","0.180","14869154","MSCI World Utilities Advanced Select 20 35 Capped Index","USD",NULL,"2026-09-07 20:18:36.181317","2026-09-07 20:18:36.181317","Accumulating","Equities","Art. 8","2025-05-09",NULL,NULL,"iShares"
"94b13bb1-2d8e-482a-8946-e5af74bbe96f","IE00BD45KH83","iShares Core MSCI EM IMI UCITS ETF USD (Dist)","iShares","IE","Physical (Full replication)","0.180","46365761397","MSCI Emerging Markets IMI Index (Net)","USD",NULL,"2026-09-07 20:18:36.181318","2026-09-07 20:18:36.181318","Distributing","Equities","Andere","2018-03-05",NULL,NULL,"iShares"
"bf224658-e0ad-4ed6-b0e4-e48e8eb50d65","IE00BFX1VK15","iShares Global Aggregate 1-5 Year Bond Index Fund (IE) Inst EUR Hedged Dist","iShares","IE",NULL,"0.220","1617239318","BBG Global Aggregate 1-5 Year Index (USD)","EUR",NULL,"2026-09-07 20:18:36.181319","2026-09-07 20:18:36.18132","Distributing","Obligationen","Andere","2018-06-12",NULL,NULL,"iShares"
"8c7f4c26-a7d3-4970-9be9-92758a557fbd","IE000SG9CMM7","iShares Europe ex-UK Index Fund (IE) D Acc GBP Hedged","iShares","IE",NULL,"0.130","2999387882","MSCI Europe ex UK Net Return Index (EUR)","GBP",NULL,"2026-09-07 20:18:36.181321","2026-09-07 20:18:36.181321","Accumulating","Equities","Andere","2025-11-13",NULL,NULL,"iShares"
"fca11465-a3b2-44ed-ad16-6c420a856f00","IE00BFX1VJ00","iShares Global Aggregate 1-5 Year Bond Index Fund (IE) Inst GBP Hedged Dist","iShares","IE",NULL,"0.220","1617239318","BBG Global Aggregate 1-5 Year Index (USD)","GBP",NULL,"2026-09-07 20:18:36.181322","2026-09-07 20:18:36.181322","Distributing","Obligationen","Andere","2018-06-12",NULL,NULL,"iShares"
"bb417cd2-17d6-45ed-9e1b-6000c9cb82ea","IE00BDZVH966","iShares $ TIPS UCITS ETF EUR Hedged (Acc)","iShares","IE","Sampling","0.120","6386723571","BBG US Government Inflation-Linked Bond Index (USD)","EUR",NULL,"2026-09-07 20:18:36.181323","2026-09-07 20:18:36.181324","Accumulating","Obligationen","Andere","2018-03-05",NULL,NULL,"iShares"
"c27bcf7e-2eab-4c29-8ed9-0a72db4b77a5","IE00BMY53838","iShares World ex-Euro Government Bond Index Fund (IE) Flexible Acc EUR Hedged","iShares","IE",NULL,"0.030","1433615915","FTSE Non-EUR World Government Bond Index","EUR",NULL,"2026-09-07 20:18:36.181325","2026-09-07 20:18:36.181325","Accumulating","Obligationen","Andere","2020-10-29",NULL,NULL,"iShares"
"7fac6602-52c5-4335-b8f2-9e96557541c6","IE00BD0NCP86","iShares Pacific Index Fund (IE) Class D Acc USD","iShares","IE",NULL,"0.150","869094239","MSCI Developed Pacific Ex Japan in USD Net TR Index","USD",NULL,"2026-09-07 20:18:36.181326","2026-09-07 20:18:36.181326","Accumulating","Equities","Andere","2017-04-27",NULL,NULL,"iShares"
"638015b3-8a3a-4766-9659-95d64c68494e","IE00BD0NCR01","iShares Europe ex-UK Index Fund (IE) Class D Acc EUR","iShares","IE",NULL,"0.100","2999387882","MSCI Europe ex UK Net Return Index (EUR)","EUR",NULL,"2026-09-07 20:18:36.181327","2026-09-07 20:18:36.181327","Accumulating","Equities","Andere","2017-04-27",NULL,NULL,"iShares"
"5212831d-b6b3-4932-a674-e795711a1e24","IE00BD0NCQ93","iShares UK Index Fund (IE) Class D Acc GBP","iShares","IE",NULL,"0.070","820015006","MSCI Developed - United Kingdom Net Returns (GBP)","GBP",NULL,"2026-09-07 20:18:36.181329","2026-09-07 20:18:36.181329","Accumulating","Equities","Andere","2017-04-27",NULL,NULL,"iShares"
"11eddcbb-e763-45a2-86fb-0b7a4356d2c7","IE00BD0NCT25","iShares US Index Fund (IE) Class D Acc USD","iShares","IE",NULL,"0.080","3857168912","S&P 500 Index","USD",NULL,"2026-09-07 20:18:36.18133","2026-09-07 20:18:36.18133","Accumulating","Equities","Andere","2017-04-27",NULL,NULL,"iShares"
"efa96b29-7673-4087-b155-13b396c4c97a","IE00BQT3WG13","iShares MSCI China A UCITS ETF USD (Acc)","iShares","IE","Physical (Full replication)","0.400","2858765013","MSCI China A Inclusion Index","USD",NULL,"2026-09-07 20:18:36.181331","2026-09-07 20:18:36.181331","Accumulating","Equities","Andere","2015-04-08",NULL,NULL,"iShares"
"51105e67-a969-4f89-87c8-f6146e8ccc78","IE00BDQYPB20","iShares Emerging Markets Index Fund (IE) Inst Acc USD Hedged","iShares","IE",NULL,"0.360","9847226726","MSCI Emerging Markets Index (Net)","USD",NULL,"2026-09-07 20:18:36.181332","2026-09-07 20:18:36.181333","Accumulating","Equities","Andere","2018-06-13",NULL,NULL,"iShares"
"2fb5077f-2c14-4e64-99b8-5917b4c87789","IE000IR2DEM6","iShares U.S. Aerospace & Defence UCITS ETF USD (Acc)","iShares","IE","Physical (Full replication)","0.380","499805499","Dow Jones U.S. Select Aerospace & Defense Capped 35/20 Index (USD) NTR","USD",NULL,"2026-09-07 20:18:36.181334","2026-09-07 20:18:36.181334","Accumulating","Equities","Andere","2026-05-18",NULL,NULL,"iShares"
"d262d15b-b8ba-40ee-be2f-a76956515872","IE000MW6GT38","iShares MSCI Japan Climate Transition Aware UCITS ETF USD (Acc)","iShares","IE","Physical (Full replication)","0.150","15238846","MSCI Japan Transition Aware Select Index","USD",NULL,"2026-09-07 20:18:36.181335","2026-09-07 20:18:36.181335","Accumulating","Equities","Art. 8","2024-06-11",NULL,NULL,"iShares"
"3ed8b362-e8a3-481b-882d-d222ac9567ef","IE000MGAVJV3","iShares MSCI USA Climate Transition Aware UCITS ETF USD (Acc)","iShares","IE","Physical (Full replication)","0.070","7576010","MSCI USA Transition Aware Select Index","USD",NULL,"2026-09-07 20:18:36.181336","2026-09-07 20:18:36.181337","Accumulating","Equities","Art. 8","2024-06-11",NULL,NULL,"iShares"
"b2c669f3-4f1a-4fbb-b321-fbeda7b012ea","IE000U3XZQN5","iShares MSCI Europe Climate Transition Aware UCITS ETF EUR (Acc)","iShares","IE","Physical (Full replication)","0.120","7325493","MSCI Europe Transition Aware Select Index","EUR",NULL,"2026-09-07 20:18:36.181338","2026-09-07 20:18:36.181338","Accumulating","Equities","Art. 8","2024-06-11",NULL,NULL,"iShares"
"a0d182e8-6355-45ea-b844-4fd66c555c67","LU1396764083","iShares World Equity Index Fund (LU) Class F2 GBP","iShares","LU",NULL,"0.220","5094713775","MSCI WORLD Net ( custom 4pm LUX ) (GBP)","GBP",NULL,"2026-09-07 20:18:36.181339","2026-09-07 20:18:36.181339","Accumulating","Equities","Andere","2016-04-20",NULL,NULL,"iShares"
"38cf8e31-9289-4f34-ac1e-6aa2d0d6b572","IE000G0E83X3","iShares AI Innovation Active UCITS ETF USD (Acc)","iShares","IE",NULL,"0.730","297450349","MSCI All Country World Index (Net)","USD",NULL,"2026-09-07 20:18:36.18134","2026-09-07 20:18:36.18134","Accumulating","Equities","Art. 8","2025-01-16",NULL,NULL,"iShares"
"370c8042-58ed-4c8f-9953-8483d270f164","IE000X59ZHE2","iShares AI Infrastructure UCITS ETF USD (Acc)","iShares","IE","Physical (Full replication)","0.350","1262677123","STOXX Global AI Infrastructure Net Index","USD",NULL,"2026-09-07 20:18:36.181341","2026-09-07 20:18:36.181342","Accumulating","Equities","Art. 8","2024-12-05",NULL,NULL,"iShares"
"44c70fdc-9c5c-4685-a66c-9fd640bf5197","IE000H4Z3PW7","iShares Global Inflation-Linked Bond Index Fund (IE) D Acc GBP Hedged","iShares","IE",NULL,"0.120","2387814884","BBG World Government Inflation-Linked Bond Index (USD)","GBP",NULL,"2026-09-07 20:18:36.181343","2026-09-07 20:18:36.181343","Accumulating","Obligationen","Andere","2022-03-09",NULL,NULL,"iShares"
"518b96a0-125a-4291-8530-dad78056f8cc","IE0006PTRUI8","iShares MSCI EMU Climate Transition Aware UCITS ETF EUR (Acc)","iShares","IE","Physical (Full replication)","0.120","5362618","MSCI EMU Transition Aware Select Index","EUR",NULL,"2026-09-07 20:18:36.181344","2026-09-07 20:18:36.181344","Accumulating","Equities","Art. 8","2024-06-11",NULL,NULL,"iShares"
"a98f9ce5-c1ca-4d4d-8969-d9f263b2145d","IE0001YGXFO5","iShares MSCI World Climate Transition Aware UCITS ETF USD (Acc)","iShares","IE","Physical (Full replication)","0.200","14412357","MSCI World Transition Aware Select Index","USD",NULL,"2026-09-07 20:18:36.181345","2026-09-07 20:18:36.181346","Accumulating","Equities","Art. 8","2024-06-11",NULL,NULL,"iShares"
"4425b423-67c3-4cf3-8130-b1fad905259f","IE000E9W0ID3","iShares MSCI Global Telecommunication Services UCITS ETF USD (Acc)","iShares","IE","Physical (Full replication)","0.350","10901367","MSCI ACWI Select Telecommunication Services Screened 35/20 Capped Index","USD",NULL,"2026-09-07 20:18:36.181347","2026-09-07 20:18:36.181347","Accumulating","Equities","Andere","2024-04-03",NULL,NULL,"iShares"
"23cf6431-7f3d-46a4-90d7-9cde5593487c","IE000Q9W2IR3","iShares AI Adopters & Applications UCITS ETF USD (Acc)","iShares","IE","Physical (Full replication)","0.350","192427057","STOXX Global AI Adopters and Applications Net Index","USD",NULL,"2026-09-07 20:18:36.181348","2026-09-07 20:18:36.181348","Accumulating","Equities","Art. 8","2024-12-05",NULL,NULL,"iShares"
"2f86563d-2110-4c00-a2e4-68104b677a17","CH1234628845","iShares Emerging Markets Equity Index Fund (CH) D NT CHF","iShares","CH",NULL,"0.250","134331619","MSCI Emerging Markets CHF Net Index (CHF)","CHF",NULL,"2026-09-07 20:18:36.181349","2026-09-07 20:18:36.181349","Accumulating","Equities",NULL,"2023-01-31",NULL,NULL,"iShares"
"79fe6fe3-e06d-4fc6-872f-ee45254775ff","CH0571663332","iShares World ex Switzerland Small Cap Screened Equity Index Fund (CH) X15 USD","iShares","CH",NULL,"0.030","1339204742","MSCI World ex Switzerland Small Cap ESG Screened ex Select Securities Index","USD",NULL,"2026-09-07 20:18:36.18135","2026-09-07 20:18:36.18135","Accumulating","Equities",NULL,"2020-10-20",NULL,NULL,"iShares"
"89af4524-2bfb-43d7-8f86-f0c8bc20cddf","IE00BKTN1T54","iShares $ Treasury Bond UCITS ETF GBP Hedged (Dist)","iShares","IE","Sampling","0.100","695810022","ICE U.S. Treasury Core Bond Index","GBP",NULL,"2026-09-07 20:18:36.181352","2026-09-07 20:18:36.181352","Distributing","Obligationen","Andere","2019-09-12",NULL,NULL,"iShares"
"9e79e794-0b27-4d3d-93c8-ba680c708bbf","IE00BNNLPT42","iShares Emerging Market Screened Equity Index Fund (IE) Flexible Acc GBP","iShares","IE",NULL,"0.100","1020341796","MSCI Emerging Markets ex Select Controversies Net Index (GBP)","GBP",NULL,"2026-09-07 20:18:36.181353","2026-09-07 20:18:36.181353","Accumulating","Equities","Art. 8","2021-05-06",NULL,NULL,"iShares"
"924f3a4b-9d37-42fe-b6eb-05482ca8a498","IE0008F9FCT2","iShares Core MSCI Europe UCITS ETF CHF Hedged (Acc)","iShares","IE","Physical (Sampling)","0.150","12145365536","MSCI Europe Index","CHF",NULL,"2026-09-07 20:18:36.181355","2026-09-07 20:18:36.181355","Accumulating","Equities","Andere","2023-07-26",NULL,NULL,"iShares"
"928329a5-858d-41bf-9130-f67b38395e9a","IE00BG0J4C88","iShares Digital Security UCITS ETF","iShares","IE","Physical (Sampling)","0.400","2129675415","STOXX Global Digital Security Open Net Index in USD (USD)","USD",NULL,"2026-09-07 20:18:36.181356","2026-09-07 20:18:36.181356","Accumulating","Equities","Art. 8","2018-09-07",NULL,NULL,"iShares"
"c2771f4e-a73c-4b00-bccc-4a97b53a50c2","IE00BGR7K831","iShares World ex-Euro Government Bond Index Fund (IE) Institutional EUR Hedged Accumulating","iShares","IE",NULL,"0.170","1433615915","FTSE Non-EUR World Government Bond Index","EUR",NULL,"2026-09-07 20:18:36.181357","2026-09-07 20:18:36.181357","Accumulating","Obligationen","Andere","2018-11-19",NULL,NULL,"iShares"
"f9c399be-9355-4ca1-b61b-5f71651585ef","IE00BMV3LS66","iShares € Corp Bond 0-3Yr ESG SRI UCITS ETF Hedged (Acc)","iShares","IE","Sampling","0.140","4021603358","Bloomberg MSCI Euro Corporate 0-3 ESG SRI Index (EUR)","CHF",NULL,"2026-09-07 20:18:36.181358","2026-09-07 20:18:36.181358","Accumulating","Obligationen","Art. 8","2021-04-09",NULL,NULL,"iShares"
"c92fcbd4-5ccd-4201-949e-79b606d1109f","IE000A9G9R73","iShares Space Technologies UCITS ETF USD (Acc)","iShares","IE","Physical (Full replication)","0.500","26851177","STOXX Global Space Satellites and Drones Index","USD",NULL,"2026-09-07 20:18:36.18136","2026-09-07 20:18:36.18136","Accumulating","Equities","Andere","2026-06-05",NULL,NULL,"iShares"
"f1a2cc92-3019-4859-8dfc-65a3a58afed3","IE00BL6VHF72","iShares Global Aggregate 1-5 Year Bond Index Fund Inst Acc USD","iShares","IE",NULL,"0.200","1617239318","BBG Global Aggregate 1-5 Year Index (USD)","USD",NULL,"2026-09-07 20:18:36.181361","2026-09-07 20:18:36.181361","Accumulating","Obligationen","Andere","2019-12-20",NULL,NULL,"iShares"
"b63ee107-5b62-4c67-a173-5ca7b6bacd7c","IE00BL6VHD58","iShares US Corporate Bond Index Fund (IE) Inst Acc EUR Hedged","iShares","IE",NULL,"0.170","1391463234","FTSE Euro Dollar Bond Index (USD)","EUR",NULL,"2026-09-07 20:18:36.181362","2026-09-07 20:18:36.181362","Accumulating","Obligationen","Andere","2019-12-19",NULL,NULL,"iShares"
"5054b3e4-ea5c-4784-8648-624bc37b3ad5","IE00BMZ3NN11","iShares Global Aggregate 1-5 Year Bond Index Fund (IE) Class D Hedged Acc EUR","iShares","IE",NULL,"0.170","1622462434","BBG Global Aggregate 1-5 Year Index (USD)","EUR",NULL,"2026-09-07 20:18:36.181363","2026-09-07 20:18:36.181364","Accumulating","Obligationen","Andere","2021-05-13",NULL,NULL,"iShares"
"eadd8775-8d9f-4852-9b92-3fdf0db79f2a","IE00BD0NC037","iShares Euro Government Bond Index Fund (IE) Class D Acc EUR","iShares","IE",NULL,"0.100","4683220991","FTSE EMU Government Bond Index (EUR)","EUR",NULL,"2026-09-07 20:18:36.181365","2026-09-07 20:18:36.181365","Accumulating","Obligationen","Andere","2017-05-11",NULL,NULL,"iShares"
"2a51836c-4af4-4825-9696-adba65d4da2a","IE00BD1JRY91","iShares Core Global Aggregate Bond UCITS ETF CHF Hedged (Acc)","iShares","IE","Sampling","0.100","14365032104","Bloomberg Global Aggregate Bond Index","CHF",NULL,"2026-09-07 20:18:36.181366","2026-09-07 20:18:36.181366","Accumulating","Obligationen","Andere","2018-03-14",NULL,NULL,"iShares"
"0ed65744-0be5-42f5-b358-f8df42fb0c55","IE00BD575K12","iShares North America Index Fund (IE) Class D Acc USD","iShares","IE",NULL,"0.080","3194753799","MSCI Daily Net TR North America USD","USD",NULL,"2026-09-07 20:18:36.181367","2026-09-07 20:18:36.181368","Accumulating","Equities","Andere","2017-05-11",NULL,NULL,"iShares"
"92864321-1f91-427a-bd3a-fbd4bf0bee7f","IE00BD0NC698","iShares Euro Credit Bond Index Fund (IE) Class D Acc EUR","iShares","IE",NULL,"0.120","554006286","FTSE EuroBIG ex Domestic Treasury Index (EUR)","EUR",NULL,"2026-09-07 20:18:36.181369","2026-09-07 20:18:36.181369","Accumulating","Obligationen","Andere","2017-05-11",NULL,NULL,"iShares"
"487d5dc7-63e6-4599-a1f3-e9d2709f3781","IE00BF2N5T53","iShares Emerging Markets Government Bond Index Fund (IE) D USD ACC","iShares","IE",NULL,"0.180","3567595822","JPM Emerging Markets Bond Index Global Diversified Custom Defaults","USD",NULL,"2026-09-07 20:18:36.18137","2026-09-07 20:18:36.18137","Accumulating","Obligationen","Andere","2018-05-04",NULL,NULL,"iShares"
"b06475f2-1ff7-49a4-818b-bfaf02570b25","IE00B1N7ZB00","iShares Euro Government Bond Index Fund (IE) Inst Dist EUR","iShares","IE",NULL,"0.130","4683220991","FTSE EMU Government Bond Index (EUR)","EUR",NULL,"2026-09-07 20:18:36.181371","2026-09-07 20:18:36.181371","Distributing","Obligationen","Andere","2016-05-13",NULL,NULL,"iShares"
"b991bf41-d810-4e3e-8752-dfaec7edd34c","IE00BYWYC907","iShares Emerging Markets Index Fund (IE) Class D Acc USD","iShares","IE",NULL,"0.200","9737027967","MSCI Emerging Markets Index (Net)","USD",NULL,"2026-09-07 20:18:36.181372","2026-09-07 20:18:36.181372","Accumulating","Equities","Andere","2017-05-11",NULL,NULL,"iShares"
"66ef5154-59c6-45b0-b20e-80bfa3713a97","IE00BD1JRZ09","iShares Edge MSCI World Minimum Volatility UCITS ETF CHF Hedged (Acc)","iShares","IE","Physical (Sampling)","0.350","3000395845","MSCI WORLD MINIMUM VOLATILITY (USD)","CHF",NULL,"2026-09-07 20:18:36.181383","2026-09-07 20:18:36.181383","Accumulating","Equities","Andere","2018-03-14",NULL,NULL,"iShares"
"2cdfad4d-8bfe-498e-9eb0-698a7861a9b5","IE00BYWYCC39","iShares Emerging Markets Index Fund (IE) Class D Acc EUR","iShares","IE",NULL,"0.200","9737027967","MSCI Emerging Markets, Net Returns (EUR)","EUR",NULL,"2026-09-07 20:18:36.181385","2026-09-07 20:18:36.181385","Accumulating","Equities","Andere","2017-05-11",NULL,NULL,"iShares"
"c4297de6-15a2-4449-9e22-405bbb16c19f","IE00BD0NC706","iShares US Corporate Bond Index Fund (IE) Class D Acc USD","iShares","IE",NULL,"0.120","1391463234","FTSE Euro Dollar Bond Index (USD)","USD",NULL,"2026-09-07 20:18:36.181386","2026-09-07 20:18:36.181386","Accumulating","Obligationen","Andere","2017-05-11",NULL,NULL,"iShares"
"b00b23ce-fe61-4160-9d98-31f2ce59d373","IE00BD0NC144","iShares Euro Government Inflation-Linked Bond Index Fund (IE) Class D Acc EUR","iShares","IE",NULL,"0.100","88374424","BBG Euro Government Inflation-Linked Bond Index (EUR)","EUR",NULL,"2026-09-07 20:18:36.181387","2026-09-07 20:18:36.181387","Accumulating","Obligationen","Andere","2017-05-25",NULL,NULL,"iShares"
"a64bc16d-c34e-4c30-8d76-3bb53255898f","IE00BD0NC474","iShares UK Credit Bond Index Fund (IE) Class D Acc GBP","iShares","IE",NULL,"0.100","280857228","iBoxx Sterling Non-Gilts Index (GBP)","GBP",NULL,"2026-09-07 20:18:36.181388","2026-09-07 20:18:36.181389","Accumulating","Obligationen","Andere","2017-05-11",NULL,NULL,"iShares"
"7103c91f-3579-44e3-91f6-71aa5e2c4ecc","IE00BD0NCL49","iShares Developed World Index Fund (IE) Class D Acc GBP","iShares","IE",NULL,"0.120","30362720870","MSCI World NET TR in GBP Index (GBP)","GBP",NULL,"2026-09-07 20:18:36.18139","2026-09-07 20:18:36.18139","Accumulating","Equities","Andere","2017-05-11",NULL,NULL,"iShares"
"a3905387-c082-4698-9cdb-66654d0d4d09","IE00BD0NC367","iShares Global Inflation-Linked Bond Index Fund (IE) Class D Acc USD Hgd","iShares","IE",NULL,"0.120","2387814884","BBG World Government Inflation-Linked Bond Index (USD)","USD",NULL,"2026-09-07 20:18:36.181391","2026-09-07 20:18:36.181391","Accumulating","Obligationen","Andere","2017-05-11",NULL,NULL,"iShares"
"01007afc-a7a9-46eb-814d-e32f975ec862","LU0836514744","iShares Europe Equity Index Fund (LU) Class D2 EUR","iShares","LU",NULL,"0.230","402565160","MSCI Europe Index (custom) (EUR)","EUR",NULL,"2026-09-07 20:18:36.181393","2026-09-07 20:18:36.181393","Accumulating","Equities","Andere","2013-01-16",NULL,NULL,"iShares"
"f5dd30fa-6189-4832-ab57-e3f8d6c625c6","LU2723594235","iShares Emerging Markets Government Bond Index Fund N2 EUR","iShares","LU",NULL,"0.240","1779515126","JPM Emerging Markets Bond Index Global Diversified Custom Defaults - EUR","EUR",NULL,"2026-09-07 20:18:36.181394","2026-09-07 20:18:36.181394","Accumulating","Obligationen","Andere","2023-12-20",NULL,NULL,"iShares"
"3fb2d781-8a69-47e5-a32f-2a69cbd3faae","IE00BMTMD893","iShares Green Bond Index Fund D Distributing GBP Hedged","iShares","IE",NULL,"0.200","993765645","BBG MSCI Global Green Bond Index (EUR)","GBP",NULL,"2026-09-07 20:18:36.181395","2026-09-07 20:18:36.181395","Distributing","Obligationen","Art. 9","2020-11-10",NULL,NULL,"iShares"
"f62c2d36-2515-4fa4-a2a7-825f7402e3ae","IE00BD0NCS18","iShares Japan Index Fund (IE) Class D Acc USD","iShares","IE",NULL,"0.150","2159007140","MSCI Developed - Japan Net Dividends (USD) (USD)","USD",NULL,"2026-09-07 20:18:36.181396","2026-09-07 20:18:36.181397","Accumulating","Equities","Andere","2017-05-11",NULL,NULL,"iShares"
"dee44131-971a-4f48-9cb4-e4b285c59c1d","IE0004CHBHI7","iShares Euro Corporate Bond ESG SRI Index Fund (IE) D Acc GBP Hedged","iShares","IE",NULL,"0.140","2417699697","iBoxx MSCI ESG SRI EUR Corporates","GBP",NULL,"2026-09-07 20:18:36.181398","2026-09-07 20:18:36.181398","Accumulating","Obligationen","Art. 8","2022-03-15",NULL,NULL,"iShares"
"d60eee11-c1ed-4b7d-ac65-ff79c8a1e7a5","IE00BD0NC250","iShares GiltTrak Index Fund (IE) Class D Acc GBP","iShares","IE",NULL,"0.100","645455695","FTSE Actuaries UK Conventional Gilts All Stocks Index (GBP)","GBP",NULL,"2026-09-07 20:18:36.181399","2026-09-07 20:18:36.181399","Accumulating","Obligationen","Andere","2017-05-11",NULL,NULL,"iShares"
"b17300f7-be07-4e9b-a86e-fc4ca60f466a","IE00BD0NC581","iShares World ex-Euro Government Bond Index Fund (IE) Class D Acc USD","iShares","IE",NULL,"0.120","1433615915","FTSE Non-EUR World Government Bond Index","USD",NULL,"2026-09-07 20:18:36.181401","2026-09-07 20:18:36.181401","Accumulating","Obligationen","Andere","2017-05-25",NULL,NULL,"iShares"
"bd9f5a52-32f9-46d4-8054-3da44299adec","LU0875157884","iShares Global Government Bond Index Fund (LU) Class D2 EUR","iShares","LU",NULL,"0.220","1322518464","FTSE World Government Bond Index (EUR)","EUR",NULL,"2026-09-07 20:18:36.181402","2026-09-07 20:18:36.181402","Accumulating","Obligationen","Andere","2013-01-16",NULL,NULL,"iShares"
"6f43dac7-66ec-4e2d-9849-bbfffa598259","IE000D41SHP3","iShares Emerging Markets Government Bond Advanced Index Fund (IE) S Dist GBP Hedged","iShares","IE",NULL,"0.170","169958783","JPM Screened Tilted & Reweighted EMBI Global Dvsd Index (JSTAR EMBI)","GBP",NULL,"2026-09-07 20:18:36.181403","2026-09-07 20:18:36.181403","Distributing","Obligationen","Art. 8","2023-12-18",NULL,NULL,"iShares"
"3fb4cd94-86f8-4323-b665-0ecfa32db97e","IE00BYWHDP26","iShares Euro Government Bond Index Fund (IE) Flexible GBP Hedged Distributing","iShares","IE",NULL,"0.030","4683220991","FTSE EMU Government Bond Index (EUR)","GBP",NULL,"2026-09-07 20:18:36.181404","2026-09-07 20:18:36.181405","Distributing","Obligationen","Andere","2018-11-16",NULL,NULL,"iShares"
"81bfbfc1-552d-4c5b-a2ad-764d86dec7ef","IE00BF3NC260","iShares € High Yield Corp Bond UCITS ETF USD Hedged (Acc)","iShares","IE","Sampling","0.550","7031995792","Markit iBoxx Euro Liquid High Yield Index (EUR)","USD",NULL,"2026-09-07 20:18:36.181406","2026-09-07 20:18:36.181406","Accumulating","Obligationen","Andere","2017-11-16",NULL,NULL,"iShares"
"b5a4c780-87ed-483a-a38c-ddf61d611d45","IE00BD0NCN62","iShares Developed World Index Fund (IE) Class D Acc USD","iShares","IE",NULL,"0.120","30285255874","MSCI World Net TR Index","USD",NULL,"2026-09-07 20:18:36.181407","2026-09-07 20:18:36.181407","Accumulating","Equities","Andere","2017-05-11",NULL,NULL,"iShares"
"b87f9a80-ded0-4b50-8832-115568dcd87a","IE00BZ17CN18","iShares $ Short Duration High Yield Corp Bond UCITS ETF USD (Acc)","iShares","IE","Sampling","0.450","2781939138","iBoxx USD Liquid High Yield 0-5 Capped Index (USD)","USD",NULL,"2026-09-07 20:18:36.181409","2026-09-07 20:18:36.181409","Accumulating","Obligationen","Andere","2018-06-29",NULL,NULL,"iShares"
"c7eb857a-78b9-456b-8469-03e8ef03c2d8","IE00BF3N7102","iShares $ High Yield Corp Bond UCITS ETF EUR Hedged (Dist)","iShares","IE","Sampling","0.550","5942821125","iBoxx USD Liquid High Yield Capped (USD)","EUR",NULL,"2026-09-07 20:18:36.18141","2026-09-07 20:18:36.18141","Distributing","Obligationen","Andere","2018-03-05",NULL,NULL,"iShares"
"d341adbe-4c11-4b2f-8e1a-3b4d5f67e233","IE00BD0NCM55","iShares Developed World Index Fund (IE) Class D Acc EUR","iShares","IE",NULL,"0.120","30362720870","MSCI World Index Net (EUR)","EUR",NULL,"2026-09-07 20:18:36.181411","2026-09-07 20:18:36.181411","Accumulating","Equities","Andere","2017-05-11",NULL,NULL,"iShares"
"74fcee4c-8049-4ab6-a1c1-94a3e336d280","IE00BGCSB447","iShares $ Ultrashort Bond UCITS ETF USD (Acc)","iShares","IE","Sampling","0.090","2728405147","iBoxx USD Liquid Investment Grade Ultrashort Index (USD)","USD",NULL,"2026-09-07 20:18:36.181412","2026-09-07 20:18:36.181413","Accumulating","Obligationen","Andere","2018-07-03",NULL,NULL,"iShares"
"ee4a38e9-7652-4a5a-943b-9f4abc859257","IE000NFR7C63","iShares MSCI China Tech UCITS ETF USD (Acc)","iShares","IE","Physical (Full replication)","0.450","1884675286","MSCI China Technology Sub-Industries ESG Screened Select Capped Index (USD)","USD",NULL,"2026-09-07 20:18:36.181414","2026-09-07 20:18:36.181414","Accumulating","Equities","Art. 8","2021-12-08",NULL,NULL,"iShares"
"026cb072-ae54-4f60-bfcb-00db2d2fb1a7","IE00BYVJRR92","iShares MSCI USA SRI UCITS ETF USD (Acc)","iShares","IE","Physical (Full replication)","0.200","4171619073","MSCI USA SRI SELECT REDUCED FOSSIL FUEL NET Index (USD)","USD",NULL,"2026-09-07 20:18:36.181415","2026-09-07 20:18:36.181415","Accumulating","Equities","Art. 8","2016-07-11",NULL,NULL,"iShares"
"559ee322-3ed2-4eed-9407-08b127085b77","IE00BMDBML89","iShares Global Inflation Linked Govt Bond UCITS ETF GBP Hedged (Dist)","iShares","IE","Sampling","0.200","1532710332","BBG World Government Inflation-Linked Bond Index (USD)","GBP",NULL,"2026-09-07 20:18:36.181417","2026-09-07 20:18:36.181417","Distributing","Obligationen","Andere","2020-11-10",NULL,NULL,"iShares"
"64466714-ca7a-478d-aa60-ba70b25c3ebb","IE000UTDLUA5","iShares Emerging Markets Government Bond Advanced Index Fund (IE) S Dist EUR Hedged","iShares","IE",NULL,"0.170","169958783","JPM Screened Tilted & Reweighted EMBI Global Dvsd Index (JSTAR EMBI)","EUR",NULL,"2026-09-07 20:18:36.181418","2026-09-07 20:18:36.181418","Distributing","Obligationen","Art. 8","2023-12-18",NULL,NULL,"iShares"
"72830c75-21b5-49a2-a8bc-f0e1282bb7ca","IE000RDRMSD1","iShares Blockchain Technology UCITS ETF USD (Acc)","iShares","IE","Physical (Full replication)","0.500","321592414","NYSE FactSet Global Blockchain Technologies Capped Index (USD)","USD",NULL,"2026-09-07 20:18:36.18142","2026-09-07 20:18:36.18142","Accumulating","Equities","Andere","2022-09-27",NULL,NULL,"iShares"
"f226c565-51cb-46f2-93ff-83d9ce3870fe","IE0030308773","iShares GiltTrak Index Fund (IE) Inst Dist GBP","iShares","IE",NULL,"0.130","645455695","FTSE Actuaries UK Conventional Gilts All Stocks Index (GBP)","GBP",NULL,"2026-09-07 20:18:36.181421","2026-09-07 20:18:36.181421","Distributing","Obligationen","Andere","2005-12-01",NULL,NULL,"iShares"
"fdc13893-baa3-4a70-b816-4735b31a2abb","IE00BMDBMM96","iShares Global Govt Bond UCITS ETF CHF Hedged (Acc)","iShares","IE","Sampling","0.250","3390938242","FTSE G7 Government Bond Index (USD)","CHF",NULL,"2026-09-07 20:18:36.181422","2026-09-07 20:18:36.181422","Accumulating","Obligationen","Andere","2020-11-10",NULL,NULL,"iShares"
"afac6ebe-ad28-4328-9f87-02a7844ec998","LU0839964631","iShares Euro Government Bond Index Fund (LU) Class D2 EUR","iShares","LU",NULL,"0.190","120671673","FTSE EMU Government Bond Index (EUR)","EUR",NULL,"2026-09-07 20:18:36.181423","2026-09-07 20:18:36.181423","Accumulating","Obligationen","Andere","2013-01-16",NULL,NULL,"iShares"
"4a78e949-60ef-4675-be68-86e2c840722a","IE00BMDBMP28","iShares € Corp Bond ESG SRI UCITS ETF CHF Hedged (Acc)","iShares","IE","Sampling","0.160","5866723665","Bloomberg MSCI Euro Corporate ESG SRI Index (EUR)","CHF",NULL,"2026-09-07 20:18:36.181425","2026-09-07 20:18:36.181425","Accumulating","Obligationen","Art. 8","2020-11-10",NULL,NULL,"iShares"
"2a162c93-ebb5-45d0-ac53-bd4e5e914f58","IE00BMDBMG37","iShares MSCI Europe SRI UCITS ETF USD (Acc)","iShares","IE","Physical (Full replication)","0.200","3312401796","MSCI EUROPE SRI SELECT REDUCED FOSSIL FUEL NET Index in USD","USD",NULL,"2026-09-07 20:18:36.181426","2026-09-07 20:18:36.181426","Accumulating","Equities","Art. 8","2020-11-10",NULL,NULL,"iShares"
"15565d09-a472-472a-ba47-48b6e7b7dedd","IE00BWK1SP74","iShares MSCI EMU CHF Hedged UCITS ETF (Acc)","iShares","IE","Physical (Full replication)","0.380","184572479","MSCI EMU Net TR Index 100% CHF Hedged","CHF",NULL,"2026-09-07 20:18:36.181428","2026-09-07 20:18:36.181428","Accumulating","Equities","Andere","2015-05-29",NULL,NULL,"iShares"
"198664e5-c482-49e5-961d-70e19f0ad920","IE00B9M04V95","iShares J.P. Morgan $ EM Bond CHF Hedged UCITS ETF (Dist)","iShares","IE","Sampling","0.500","303604859","JPM EMBIG Div Core Index 100% CHF Hedged","CHF",NULL,"2026-09-07 20:18:36.181429","2026-09-07 20:18:36.181429","Distributing","Obligationen","Andere","2015-04-14",NULL,NULL,"iShares"
"0f40e1aa-e5e1-40e8-86e6-dc1648df9125","IE00BDFGJ627","iShares $ Floating Rate Bond UCITS ETFs USD (Acc)","iShares","IE","Sampling","0.100","5338171355","Bloomberg US Floating Rate Note<5 Years Index","USD",NULL,"2026-09-07 20:18:36.18143","2026-09-07 20:18:36.18143","Accumulating","Obligationen","Andere","2018-03-20",NULL,NULL,"iShares"
"bfa6f6a4-c430-4aee-836e-214aced3db52","IE00BZ043R46","iShares Core Global Aggregate Bond UCITS ETF USD Hedged (Acc)","iShares","IE","Sampling","0.100","14365032104","Bloomberg Global Aggregate Bond Index","USD",NULL,"2026-09-07 20:18:36.181431","2026-09-07 20:18:36.181432","Accumulating","Obligationen","Andere","2017-11-21",NULL,NULL,"iShares"
"e442a2ca-af03-48e8-a066-354e0c15686c","IE00B3F81409","iShares Core Global Aggregate Bond UCITS ETF USD (Dist)","iShares","IE","Sampling","0.100","14365032104","Bloomberg Global Aggregate Bond Index","USD",NULL,"2026-09-07 20:18:36.181433","2026-09-07 20:18:36.181433","Distributing","Obligationen","Andere","2017-11-21",NULL,NULL,"iShares"
"7b514237-fa72-4865-9cd1-e44bc9e23811","IE00BDBRDM35","iShares Core Global Aggregate Bond UCITS ETF EUR Hedged (Acc)","iShares","IE","Sampling","0.100","14365032104","Bloomberg Global Aggregate Bond Index","EUR",NULL,"2026-09-07 20:18:36.181435","2026-09-07 20:18:36.181435","Accumulating","Obligationen","Andere","2017-11-21",NULL,NULL,"iShares"
"2ed05640-6761-440a-b730-d30c6a10e820","IE00BF540Y54","iShares Core Global Aggregate Bond UCITS ETF GBP Hedged (Dist)","iShares","IE","Sampling","0.100","14365032104","Bloomberg Global Aggregate Bond Index","GBP",NULL,"2026-09-07 20:18:36.181436","2026-09-07 20:18:36.181436","Distributing","Obligationen","Andere","2017-11-21",NULL,NULL,"iShares"
"f557e171-e32c-4454-b578-1b9a7a7e8962","IE00BYZTVT56","iShares € Corp Bond ESG SRI UCITS ETF EUR (Dist)","iShares","IE","Sampling","0.140","5866723665","Bloomberg MSCI Euro Corporate ESG SRI Index (EUR)","EUR",NULL,"2026-09-07 20:18:36.181437","2026-09-07 20:18:36.181438","Distributing","Obligationen","Art. 8","2018-06-28",NULL,NULL,"iShares"
"7b40236d-e0f9-4ff4-b471-5ff283d4f70b","LU1722863724","iShares Europe Equity Index (LU) D2 USD","iShares","LU",NULL,"0.230","402565160","MSCI Europe Index NET (Custom 4pm LUX)","USD",NULL,"2026-09-07 20:18:36.181439","2026-09-07 20:18:36.181439","Accumulating","Equities","Andere","2017-11-22",NULL,NULL,"iShares"
"ad1bc2ab-6795-4775-a8f3-8ce7ff945b56","LU1722863641","iShares North America Equity Index (LU) D2 USD","iShares","LU",NULL,"0.220","674619332","MSCI North America Index (custom) (USD)","USD",NULL,"2026-09-07 20:18:36.18144","2026-09-07 20:18:36.18144","Accumulating","Equities","Andere","2017-11-22",NULL,NULL,"iShares"
"bf957437-f7f7-4432-aeca-d9055761cd5b","IE000MLMNYS0","iShares S&P 500 Equal Weight UCITS ETF USD (Acc)","iShares","IE","Physical (Full replication)","0.150","6120583589","S&P 500 Equal Weight Index (USD)","USD",NULL,"2026-09-07 20:18:36.181442","2026-09-07 20:18:36.181442","Accumulating","Equities","Andere","2022-08-02",NULL,NULL,"iShares"
"d43b56ed-7e17-467b-bd05-87b995d7d21a","IE000SNWS0L0","iShares MSCI All Country World Screened UCITS ETF USD (Acc)","iShares","IE","Physical (Sampling)","0.200","3373829984","MSCI ACWI SCREENED INDEX","USD",NULL,"2026-09-07 20:18:36.181443","2026-09-07 20:18:36.181443","Accumulating","Equities","Art. 8","2025-10-15",NULL,NULL,"iShares"
"ed4782a7-8a7d-49b0-97a7-5f78b195fb8e","IE00BF5GB717","iShares € Floating Rate Bond Advanced UCITS ETF EUR (Dist)","iShares","IE","Sampling","0.100","1540995087","Bloomberg MSCI EUR FRN Corporate 3% Issuer Cap Bond Sustainable SRI Index","EUR",NULL,"2026-09-07 20:18:36.181444","2026-09-07 20:18:36.181444","Distributing","Obligationen","Art. 8","2018-06-27",NULL,NULL,"iShares"
"5db3294b-e2f6-448d-b757-e688e3824208","DE000A2QP4A8","iShares STOXX Europe 600 Automobiles & Parts UCITS ETF (DE) EUR (Acc)","iShares","DE","Physical (Full replication)","0.460","194876350","STOXX Europe 600 Automobiles & Parts (Capped) TR (EUR)","EUR",NULL,"2026-09-07 20:18:36.181445","2026-09-07 20:18:36.181445","Accumulating","Equities","Andere","2022-04-06",NULL,NULL,"iShares"
"dee77053-1fd0-42a1-aacb-69d62067b162","DE000A2QP398","iShares STOXX Europe 600 Technology UCITS ETF (DE) EUR (Acc)","iShares","DE","Physical (Full replication)","0.460","249291415","STOXX Europe 600 Technology (Capped) TR (EUR)","EUR",NULL,"2026-09-07 20:18:36.181447","2026-09-07 20:18:36.181447","Accumulating","Equities","Andere","2022-04-06",NULL,NULL,"iShares"
"ca6ad16b-cd5b-4286-a278-346fdd14e555","IE000ON9GR24","iShares US Large Cap Max Buffer Sep UCITS ETF USD (Acc)","iShares","IE","Swap","0.500","30604632","S&P 500 Price Return Index","USD",NULL,"2026-09-07 20:18:36.181448","2026-09-07 20:18:36.181448","Accumulating","Equities","Andere","2025-09-30",NULL,NULL,"iShares"
"01292a41-9e09-45d2-bb1d-0b4fc01702f3","IE000Z5YU8X3","iShares US Large Cap Moderate Buffer Dec UCITS ETF USD (Acc)","iShares","IE","Swap","0.500","19168592","S&P 500 Price Return Index","USD",NULL,"2026-09-07 20:18:36.18145","2026-09-07 20:18:36.18145","Accumulating","Equities","Andere","2025-12-31",NULL,NULL,"iShares"
"e3b2bc95-d399-4903-bc73-49d9e659a7c4","IE000N921WJ6","iShares MSCI World Swap UCITS ETF CHF Hedged (Acc)","iShares","IE","Swap","0.120","2405099164","MSCI World Net TR Index","CHF",NULL,"2026-09-07 20:18:36.181451","2026-09-07 20:18:36.181451","Accumulating","Equities","Andere","2025-11-26",NULL,NULL,"iShares"
"9bfea942-f6c8-4617-91db-4694d9c6c1c8","IE00BGL88775","iShares Developed World Index Fund (IE) Class D Dist GBP Hedged","iShares","IE",NULL,"0.140","30285255874","MSCI World Net TR Index","GBP",NULL,"2026-09-07 20:18:36.181452","2026-09-07 20:18:36.181452","Distributing","Equities","Andere","2018-11-23",NULL,NULL,"iShares"
"c7e1fe8d-cd1f-4290-82c3-61676c522ec5","IE000WJJTA81","iShares S&P 500 Swap UCITS ETF CHF Hedged (Acc)","iShares","IE","Swap","0.050","18787522050","S&P 500 Index","CHF",NULL,"2026-09-07 20:18:36.181453","2026-09-07 20:18:36.181454","Accumulating","Equities","Andere","2025-11-26",NULL,NULL,"iShares"
"e9294ccb-3af6-4390-b356-846aaa54ea88","IE00BD45YS76","iShares Core MSCI World UCITS ETF","iShares","IE","Physical (Sampling)","0.300","154125494346","MSCI World Net TR Index","GBP",NULL,"2026-09-07 20:18:36.181455","2026-09-07 20:18:36.181455","Distributing","Equities","Andere","2017-05-22",NULL,NULL,"iShares"
"5d024290-2130-4b81-9f71-fdc128c6b04a","IE00B2PPWQ36","iShares Global Inflation-Linked Bond Index Fund (IE) Flex Acc USD Hgd","iShares","IE",NULL,"0.030","2387814884","BBG World Government Inflation-Linked Bond Index (USD)","USD",NULL,"2026-09-07 20:18:36.181456","2026-09-07 20:18:36.181456","Accumulating","Obligationen","Andere","2008-04-11",NULL,NULL,"iShares"
"68558765-54e2-44f2-9512-2f2a525aaf7d","IE00BK8V1233","iShares Europe ex-UK Index Fund (IE) D Distributing GBP","iShares","IE",NULL,"0.100","2999387882","MSCI Europe ex UK Net TR Index (GBP)","GBP",NULL,"2026-09-07 20:18:36.181458","2026-09-07 20:18:36.181458","Distributing","Equities","Andere","2020-01-17",NULL,NULL,"iShares"
"866a2021-934e-4d99-97ef-1394fec6c5dc","IE000Q9IHH10","iShares € AAA CLO Active UCITS ETF EUR (Acc)","iShares","IE",NULL,"0.250","352842638","Placeholder for prolonged perf holidays (No Benchmark applicable) (EUR)","EUR",NULL,"2026-09-07 20:18:36.181459","2026-09-07 20:18:36.181459","Accumulating","Obligationen","Art. 8","2025-07-18",NULL,NULL,"iShares"
"0d1be85b-f8cb-4415-88e6-575cfdcf67e0","IE00BFZPRR02","iShares Developed World Index Fund (IE) Flexible Accumulating GBP Hedged","iShares","IE",NULL,"0.010","30285255874","MSCI World Net TR Index","GBP",NULL,"2026-09-07 20:18:36.18146","2026-09-07 20:18:36.18146","Accumulating","Equities","Andere","2018-06-26",NULL,NULL,"iShares"
"29610a93-f991-43ca-9f4e-ee6856aca24b","IE000GW790Q8","iShares $ AAA CLO Active UCITS ETF USD (Acc)","iShares","IE",NULL,"0.250","93891574","Placeholder for prolonged perf holidays (No Benchmark applicable)","USD",NULL,"2026-09-07 20:18:36.181462","2026-09-07 20:18:36.181463","Accumulating","Obligationen","Andere","2025-07-18",NULL,NULL,"iShares"
"499a806a-f0ef-4330-96fb-9e49ac50e83d","IE00BKT6BH25","iShares € Corp Bond ex-Financials 1-5Yr ESG SRI UCITS ETF EUR (Acc)","iShares","IE","Sampling","0.200","1336850977","Bloomberg MSCI Euro Corporate ex-Financials 1-5 Year ESG SRI Bond Index (EU","EUR",NULL,"2026-09-07 20:18:36.181464","2026-09-07 20:18:36.181464","Accumulating","Obligationen","Art. 8","2019-09-26",NULL,NULL,"iShares"
"662797cb-6f61-48fa-b266-69459f0b9852","IE00BKT6RT64","iShares China CNY Bond UCITS ETF USD Hedged (Dist)","iShares","IE","Physical (Full replication)","0.400","2667518023","Bloomberg China Treasury + Policy Bank Index","USD",NULL,"2026-09-07 20:18:36.181465","2026-09-07 20:18:36.181465","Distributing","Obligationen","Andere","2019-11-04",NULL,NULL,"iShares"
"a82deea9-4f57-413c-a706-fb7822cbdbd1","IE0007SUF6S0","iShares Global Aggregate 1-5 Year Bond Index Fund (IE) Class D Acc USD Hedged","iShares","IE",NULL,"0.170","1622462434","BBG Global Aggregate 1-5 Year Index (USD)","USD",NULL,"2026-09-07 20:18:36.181467","2026-09-07 20:18:36.181467","Accumulating","Obligationen","Andere","2021-08-27",NULL,NULL,"iShares"
"121be614-31e0-4547-b9c3-fc2b713c5aab","IE000H2D8E66","iShares Screened Global Corporate Bond Index Fund (IE) D Acc SGD Hedged","iShares","IE",NULL,"0.140","4398006983","BBG Global Aggregate Corporate Index (USD)","SGD",NULL,"2026-09-07 20:18:36.181468","2026-09-07 20:18:36.181468","Accumulating","Obligationen","Art. 8","2023-07-27",NULL,NULL,"iShares"
"22ab2dfb-2e6a-47f9-b02c-829a2237eac1","IE00BZ1NCS44","iShares Bloomberg Enhanced Roll Yield Commodity Swap UCITS ETF","iShares","IE","Swap","0.280","1908458011","Bloomberg Enhanced Roll Yield Index","USD",NULL,"2026-09-07 20:18:36.181469","2026-09-07 20:18:36.181469","Accumulating","Commodities","Andere","2018-09-28",NULL,NULL,"iShares"
"152dd9f2-e950-4d04-8dc4-b07794a11d01","CH0342181820","iShares SMI Equity Index Fund (CH) X CHF Class","iShares","CH",NULL,"0.030","569935907","Swiss Market Index (SMIC) (TR) (CHF)","CHF",NULL,"2026-09-07 20:18:36.181594","2026-09-07 20:18:36.181594","Accumulating","Equities",NULL,"2017-12-08",NULL,NULL,"iShares"
"b57f60b3-7a7c-47da-bc90-1eecfb15f586","IE000OZZKBN3","iShares Emerging Markets Local Government Bond Index Fund Institutional Accumulation USD","iShares","IE",NULL,"0.300","2213843794","JP Morgan GBI-EM Global Diversified Index (USD)","USD",NULL,"2026-09-07 20:18:36.181472","2026-09-07 20:18:36.181472","Accumulating","Obligationen","Andere","2023-07-27",NULL,NULL,"iShares"
"ba550071-f039-4d89-93c6-6c5a5a35b2bf","IE00BKT6FT27","iShares Global Govt Bond UCITS ETF EUR Hedged (Dist)","iShares","IE","Sampling","0.250","3390938242","FTSE G7 Government Bond Index (USD)","EUR",NULL,"2026-09-07 20:18:36.181473","2026-09-07 20:18:36.181473","Distributing","Obligationen","Andere","2019-09-26",NULL,NULL,"iShares"
"5fbae049-8727-463c-80de-2b319b2539d0","CH0226976816","iShares Core CHF Corporate Bond ETF (CH)","iShares","CH","Physical (Sampling)","0.150","2064129430","Swiss Bond Index Corporate TR","CHF",NULL,"2026-09-07 20:18:36.181474","2026-09-07 20:18:36.181474","Distributing","Obligationen","Andere","2014-01-14",NULL,NULL,"iShares"
"87cb71ef-27cf-4700-ac0f-75bc7d14094b","IE00BKT6FV49","iShares Core MSCI Japan IMI UCITS ETF EUR Hedged (Acc)","iShares","IE","Physical (Sampling)","0.170","8875737033","MSCI Japan Investable Market Net Index (USD)","EUR",NULL,"2026-09-07 20:18:36.181476","2026-09-07 20:18:36.181476","Accumulating","Equities","Andere","2019-09-26",NULL,NULL,"iShares"
"8ef0503a-72c3-4779-8d38-5d3d299cf4c6","IE00BDFVDR63","iShares US Index Fund (IE) Inst Acc EUR","iShares","IE",NULL,"0.170","3857168912","S&P 500 Net TR Index (EUR)","EUR",NULL,"2026-09-07 20:18:36.181478","2026-09-07 20:18:36.181478","Accumulating","Equities","Andere","2016-12-13",NULL,NULL,"iShares"
"2d73e248-6522-4404-bf4b-7fca3e1d8b39","CH0019852802","iShares SMIM® ETF (CH)","iShares","CH","Physical (Full replication)","0.450","1195549400","SMIM Total Return","CHF",NULL,"2026-09-07 20:18:36.181479","2026-09-07 20:18:36.181479","Distributing","Equities","Andere","2004-12-08",NULL,NULL,"iShares"
"5b5add87-8576-455f-9952-4494c07359dc","CH0008899764","iShares SMI® ETF (CH)","iShares","CH","Physical (Full replication)","0.350","2625593469","Swiss Market Index (SMIC) (TR) (CHF)","CHF",NULL,"2026-09-07 20:18:36.181481","2026-09-07 20:18:36.181481","Distributing","Equities","Andere","1999-10-06",NULL,NULL,"iShares"
"27cb927a-4998-4c54-8692-fecf0f69f5fb","CH0031768937","iShares SLI® ETF (CH)","iShares","CH","Physical (Full replication)","0.350","752561595","SLI Total Return (open)","CHF",NULL,"2026-09-07 20:18:36.181482","2026-09-07 20:18:36.181482","Distributing","Equities","Andere","2007-06-29",NULL,NULL,"iShares"
"e92104b1-ed35-4a80-82fa-56c7bc1de857","CH0016999861","iShares Swiss Domestic Government Bond 7-15 ETF (CH)","iShares","CH","Physical (Full replication)","0.150","468747981","SBI� Domestic Government Mid Price 7?15 Total Return Index","CHF",NULL,"2026-09-07 20:18:36.181485","2026-09-07 20:18:36.181485","Distributing","Obligationen","Andere","2003-11-18",NULL,NULL,"iShares"
"ceb5c789-3328-4f55-98e3-2dacb61212b1","CH0016999846","iShares Swiss Domestic Government Bond 3-7 ETF (CH)","iShares","CH","Physical (Full replication)","0.150","436443207","SBI� Domestic Government Mid Price 3?7 Total Return Index","CHF",NULL,"2026-09-07 20:18:36.181486","2026-09-07 20:18:36.181486","Distributing","Obligationen","Andere","2003-11-18",NULL,NULL,"iShares"
"fdc716fa-7342-4660-a72c-042ce911148b","LU0836515980","iShares Emerging Markets Equity Index Fund (LU) Class F2 USD","iShares","LU",NULL,"0.340","478211067","MSCI Emerging Markets Index (custom) (USD)","USD",NULL,"2026-09-07 20:18:36.181487","2026-09-07 20:18:36.181487","Accumulating","Equities","Andere","2013-06-19",NULL,NULL,"iShares"
"567f8247-6141-4148-b966-889fd8cec196","CH0102530786","iShares Swiss Domestic Government Bond 0-3 ETF (CH)","iShares","CH","Physical (Full replication)","0.150","271962176","SBI Domestic Government 1M-3Y TR (Mid price) Index","CHF",NULL,"2026-09-07 20:18:36.181489","2026-09-07 20:18:36.181489","Distributing","Obligationen","Andere","2009-07-02",NULL,NULL,"iShares"
"8ecaf148-5cf6-4352-9ff8-4f1a7e9d1134","IE00B4K5N706","iShares Europe Index Fund (IE) Flex Dist EUR","iShares","IE",NULL,"0.100","214717402","MSCI Europe Index","EUR",NULL,"2026-09-07 20:18:36.18149","2026-09-07 20:18:36.18149","Distributing","Equities","Andere","2013-06-12",NULL,NULL,"iShares"
"6333d18d-b5a6-4f5c-bac2-222616348a35","IE000MNP86F4","iShares Developed World Screened Index Fund (IE) Inst Acc EUR Hedged","iShares","IE",NULL,"0.190","5245083610","MSCI World Screened Index","EUR",NULL,"2026-09-07 20:18:36.181491","2026-09-07 20:18:36.181492","Accumulating","Equities","Art. 8","2023-02-28",NULL,NULL,"iShares"
"65929e99-a88b-406e-a38e-931c376b91d5","IE000BY61XI5","iShares Global Aggregate 1-5 Year Bond Index Fund (IE) Class D Hedged Dist CHF","iShares","IE",NULL,"0.170","1617239318","BBG Global Aggregate 1-5 Year Index (USD)","CHF",NULL,"2026-09-07 20:18:36.181493","2026-09-07 20:18:36.181493","Distributing","Obligationen","Andere","2021-09-07",NULL,NULL,"iShares"
"4f0973a8-6caf-41ff-875c-c6ce7a71e3c5","IE00B3XPCW80","iShares Euro Investment Grade Corporate Bond Index Fund (IE) Inst Dist EUR","iShares","IE",NULL,"0.150","1907684645","BBG Euro Corporate Index (EUR)","EUR",NULL,"2026-09-07 20:18:36.181494","2026-09-07 20:18:36.181494","Distributing","Obligationen","Andere","2012-02-09",NULL,NULL,"iShares"
"b9492c54-c48e-4ac2-9c54-d497719d8956","IE00BD5D0B54","iShares World ex-Euro Government Bond Index Fund (IE) Flexible GBP Hedged Distributing","iShares","IE",NULL,"0.030","1428362130","FTSE Non-EUR World Government Bond Index","GBP",NULL,"2026-09-07 20:18:36.181495","2026-09-07 20:18:36.181495","Distributing","Obligationen","Andere","2018-11-30",NULL,NULL,"iShares"
"127f4fa5-b244-44dc-a30f-077ba343a456","IE00BDFSQF67","iShares Green Bond Index Fund (IE) Flexible EUR Distributing","iShares","IE",NULL,"0.050","993765645","BBG MSCI Global Green Bond Index (EUR)","EUR",NULL,"2026-09-07 20:18:36.181496","2026-09-07 20:18:36.181497","Distributing","Obligationen","Art. 9","2018-11-30",NULL,NULL,"iShares"
"8815d37e-2a75-49b7-9dfe-c725e1af8fee","IE000AY2ERH5","iShares US Large Cap Moderate Buffer Mar UCITS ETF USD","iShares","IE","Swap","0.500","18353267","S&P 500 Price Return Index","USD",NULL,"2026-09-07 20:18:36.181498","2026-09-07 20:18:36.181498","Accumulating","Equities","Andere","2026-03-31",NULL,NULL,"iShares"
"27496388-884e-4574-9d7c-dc250225e2ce","IE0008UEVOE0","iShares iBonds Dec 2028 Term € Corp UCITS ETF EUR (Acc)","iShares","IE","Sampling","0.120","2503373025","Bloomberg MSCI December 2028 Maturity EUR Corporate ESG Screened Index","EUR",NULL,"2026-09-07 20:18:36.181499","2026-09-07 20:18:36.1815","Accumulating","Obligationen","Art. 8","2023-09-05",NULL,NULL,"iShares"
"6bf558e9-568d-4e23-baee-aa8c63747dc8","IE000WA6L436","iShares iBonds Dec 2026 Term € Corp UCITS ETF EUR (Acc)","iShares","IE","Sampling","0.120","1200522124","Bloomberg MSCI December 2026 Maturity EUR Corporate ESG Screened Index","EUR",NULL,"2026-09-07 20:18:36.181501","2026-09-07 20:18:36.181501","Accumulating","Obligationen","Art. 8","2023-09-05",NULL,NULL,"iShares"
"981f4f6f-4bce-408c-8090-00443c7320ce","IE00BZ6V7883","iShares US Mortgage Backed Securities UCITS ETF USD (Dist)","iShares","IE","Sampling","0.280","3919882741","Bloomberg U.S. MBS Index","USD",NULL,"2026-09-07 20:18:36.181502","2026-09-07 20:18:36.181502","Distributing","Obligationen","Andere","2016-05-23",NULL,NULL,"iShares"
"d0ee4fd1-2465-4df2-9b25-c7cd2bc12592","IE000CZQJXB8","iShares US Large Cap Moderate Buffer Jun UCITS ETF USD","iShares","IE","Swap","0.500","17623978","S&P 500 Price Return Index","USD",NULL,"2026-09-07 20:18:36.181503","2026-09-07 20:18:36.181503","Accumulating","Equities","Andere","2026-06-30",NULL,NULL,"iShares"
"1a5055bf-25db-47f5-bd33-912c31138dea","IE00BZ1NTF08","iShares Emerging Markets Government Bond Index Fund Inst USD Acc","iShares","IE",NULL,"0.230","3567595822","JPM Emerging Markets Bond Index Global Diversified Custom Defaults","USD",NULL,"2026-09-07 20:18:36.181505","2026-09-07 20:18:36.181505","Accumulating","Obligationen","Andere","2018-07-20",NULL,NULL,"iShares"
"27077ac3-30a7-401c-97dc-9bef305c40d8","LU1400680390","iShares Emerging Markets Government Bond Index Fund (LU) Class I2 Hedged GBP","iShares","LU",NULL,"0.240","1779515126","JPM Emerging Markets Bond Index Global Diversified Custom Defaults","GBP",NULL,"2026-09-07 20:18:36.181506","2026-09-07 20:18:36.181506","Accumulating","Obligationen","Andere","2016-05-11",NULL,NULL,"iShares"
"c7939b5b-6cc9-4c74-af48-734b4a46973d","IE00BMDBMK72","iShares MSCI Pacific ex-Japan CTB Enhanced ESG UCITS ETF USD (Acc)","iShares","IE","Physical (Full replication)","0.200","151087543","MSCI Pacific Ex Japan ESG Enhanced CTB Index","USD",NULL,"2026-09-07 20:18:36.181507","2026-09-07 20:18:36.181507","Accumulating","Equities","Art. 8","2021-12-08",NULL,NULL,"iShares"
"e6fbafbb-8066-46e4-8175-199867843b51","IE000INTB8Q8","iShares US Large Cap Max Buffer Mar UCITS ETF USD","iShares","IE","Swap","0.500","19845057","S&P 500 Price Return Index","USD",NULL,"2026-09-07 20:18:36.181509","2026-09-07 20:18:36.181509","Accumulating","Equities","Andere","2026-03-31",NULL,NULL,"iShares"
"30a62e58-58c6-4e53-bacd-fb00d3f31e24","IE00B7W1N443","iShares Developed Real Estate Index Fund (IE) Inst Dist USD","iShares","IE",NULL,"0.230","1578871775","FTSE EPRA Nareit Developed Index (Net)","USD",NULL,"2026-09-07 20:18:36.18151","2026-09-07 20:18:36.18151","Distributing","Real Estate","Andere","2018-06-08",NULL,NULL,"iShares"
"f6cd5148-a797-4da7-ac62-936cadaee420","IE00BMBKBZ46","iShares S&P 500 Health Care Sector UCITS ETF EUR Hedged (Dist)","iShares","IE","Physical (Full replication)","0.180","3213246543","S&P 500 Capped 35/20 Health Care Index NTR (USD)","EUR",NULL,"2026-09-07 20:18:36.181511","2026-09-07 20:18:36.181511","Distributing","Equities","Andere","2020-06-15",NULL,NULL,"iShares"
"747d7955-0b48-442f-987e-eaf4ff2a3ba5","IE00B61MGS68","iShares Developed World Index Fund (IE) Flex Dist EUR","iShares","IE",NULL,"0.010","30362720870","MSCI World Index Net (EUR)","EUR",NULL,"2026-09-07 20:18:36.181513","2026-09-07 20:18:36.181513","Distributing","Equities","Andere","2014-11-28",NULL,NULL,"iShares"
"4dc20ae6-24c6-4bdd-9a9c-5bd25f362715","IE00B62HNT07","iShares Developed World Index Fund (IE) Inst Dist GBP","iShares","IE",NULL,"0.160","30362720870","MSCI World NET TR in GBP Index (GBP)","GBP",NULL,"2026-09-07 20:18:36.181514","2026-09-07 20:18:36.181514","Distributing","Equities","Andere","2013-08-22",NULL,NULL,"iShares"
"2994fda0-e406-4e9f-941a-916595617ed2","IE00B630W685","iShares Developed World Index Fund (IE) Flex Dist USD","iShares","IE",NULL,"0.010","30206818463","MSCI World Index (Net)","USD",NULL,"2026-09-07 20:18:36.181516","2026-09-07 20:18:36.181516","Distributing","Equities","Andere","2016-11-29",NULL,NULL,"iShares"
"eae4f321-4d54-4b66-8511-9ef08c445a0a","IE00B89M2V73","iShares Developed Real Estate Index Fund (IE) Inst Acc USD","iShares","IE",NULL,"0.230","1578871775","FTSE EPRA Nareit Developed Index (Net)","USD",NULL,"2026-09-07 20:18:36.181517","2026-09-07 20:18:36.181517","Accumulating","Real Estate","Andere","2014-06-18",NULL,NULL,"iShares"
"9887a7ac-cb24-425d-987c-3d32de8000d1","IE00B4WXT857","iShares Euro Government Inflation-Linked Bond Index Fund (IE) Inst Acc EUR","iShares","IE",NULL,"0.130","88735733","BBG Euro Government Inflation-Linked Bond Index (EUR)","EUR",NULL,"2026-09-07 20:18:36.181518","2026-09-07 20:18:36.181518","Accumulating","Obligationen","Andere","2009-04-03",NULL,NULL,"iShares"
"d0e7e86c-8a33-4971-b182-5bee8a359a7b","LU3124424428","iShares Global Government Bond Index Fund (LU) S2 USD","iShares","LU",NULL,"0.100","1322518464","FTSE World Government Bond Index (USD)","USD",NULL,"2026-09-07 20:18:36.181519","2026-09-07 20:18:36.181519","Accumulating","Obligationen","Andere","2025-08-27",NULL,NULL,"iShares"
"292a946a-05cd-4adf-aab3-fbb712ed1d26","IE00B61D1398","iShares Developed World Index Fund (IE) Flex Acc EUR","iShares","IE",NULL,"0.010","30362720870","MSCI World Index Net (EUR)","EUR",NULL,"2026-09-07 20:18:36.181521","2026-09-07 20:18:36.181521","Accumulating","Equities","Andere","2010-06-25",NULL,NULL,"iShares"
"480314db-96ee-4198-b9cc-7d574dead85a","IE00B5BD4447","iShares GiltTrak Index Fund (IE) Flex Acc GBP","iShares","IE",NULL,"0.030","645455695","FTSE Actuaries UK Conventional Gilts All Stocks Index (GBP)","GBP",NULL,"2026-09-07 20:18:36.181522","2026-09-07 20:18:36.181522","Accumulating","Obligationen","Andere","2010-08-10",NULL,NULL,"iShares"
"3e536328-0ad7-46f6-8ac1-22eafed3f5f8","IE00B62WCL09","iShares Developed World Index Fund (IE) Inst Acc EUR","iShares","IE",NULL,"0.160","30362720870","MSCI World Index Net (EUR)","EUR",NULL,"2026-09-07 20:18:36.181523","2026-09-07 20:18:36.181524","Accumulating","Equities","Andere","2010-12-03",NULL,NULL,"iShares"
"da45fb8f-5259-4af2-a8f2-db1bb74649cb","IE00B3B2KT45","iShares EMU Index Fund (IE) Inst Dist EUR","iShares","IE",NULL,"0.270","92603983","MSCI EMU Net TR Index (EUR)","EUR",NULL,"2026-09-07 20:18:36.181525","2026-09-07 20:18:36.181525","Distributing","Equities","Andere","2011-09-16",NULL,NULL,"iShares"
"fc0cd716-edb0-4613-8b44-e95c5cc4bd24","IE00B3B2KS38","iShares EMU Index Fund (IE) Inst Acc EUR","iShares","IE",NULL,"0.310","92603983","MSCI EMU Net TR Index (EUR)","EUR",NULL,"2026-09-07 20:18:36.181526","2026-09-07 20:18:36.181526","Accumulating","Equities","Andere","2011-01-13",NULL,NULL,"iShares"
"6ce61603-5e0d-4679-a33d-438b3cfd3ba8","IE00B4WXT741","iShares Euro Government Inflation-Linked Bond Index Fund (IE) Flex Acc EUR","iShares","IE",NULL,"0.030","88374424","BBG Euro Government Inflation-Linked Bond Index (EUR)","EUR",NULL,"2026-09-07 20:18:36.181527","2026-09-07 20:18:36.181528","Accumulating","Obligationen","Andere","2009-11-05",NULL,NULL,"iShares"
"dc5d1411-ec94-4399-8d87-843ca5be1305","IE00B1N7Z987","iShares Euro Credit Bond Index Fund (IE) Inst Dist EUR","iShares","IE",NULL,"0.150","555032626","FTSE EuroBIG ex Domestic Treasury Index (EUR)","EUR",NULL,"2026-09-07 20:18:36.181529","2026-09-07 20:18:36.181529","Distributing","Obligationen","Andere","2012-10-25",NULL,NULL,"iShares"
"6b1ade62-7b27-4cd2-bcd2-ea2d24d6f5c9","IE00B4L8LJ62","iShares Europe Index Fund (IE) Flex Acc EUR","iShares","IE",NULL,"0.110","214686137","MSCI Europe Index","EUR",NULL,"2026-09-07 20:18:36.181531","2026-09-07 20:18:36.181531","Accumulating","Equities","Andere","2011-07-27",NULL,NULL,"iShares"
"3090e1d6-659a-486a-b43d-f7f4923a1739","IE00B3D07K68","iShares Emerging Markets Index Fund (IE) Inst Dist USD","iShares","IE",NULL,"0.320","9737027967","MSCI Emerging Markets Index (Net)","USD",NULL,"2026-09-07 20:18:36.181532","2026-09-07 20:18:36.181532","Distributing","Equities","Andere","2011-08-31",NULL,NULL,"iShares"
"519080f5-a0ab-424f-b6d4-b9e5fbe7f273","IE00B3D07G23","iShares Emerging Markets Index Fund (IE) Inst Acc USD","iShares","IE",NULL,"0.320","9737027967","MSCI Emerging Markets Index (Net)","USD",NULL,"2026-09-07 20:18:36.181533","2026-09-07 20:18:36.181533","Accumulating","Equities","Andere","2009-09-25",NULL,NULL,"iShares"
"f809d0d7-339f-4b2d-b155-6f48b837bf25","IE00B7MSLV86","iShares UK Index Fund (IE) Inst Acc EUR","iShares","IE",NULL,"0.180","820015006","MSCI Developed - United Kingdom Net (EUR)","EUR",NULL,"2026-09-07 20:18:36.181534","2026-09-07 20:18:36.181534","Accumulating","Equities","Andere","2012-02-24",NULL,NULL,"iShares"
"430133f2-94bb-4cb5-b51a-db15d74f0a9d","IE00B56H2V49","iShares Pacific Index Fund (IE) Inst Acc EUR","iShares","IE",NULL,"0.190","869094239","MSCI Developed Pacific Ex Japan in EUR Net TR Index (EUR)","EUR",NULL,"2026-09-07 20:18:36.181536","2026-09-07 20:18:36.181536","Accumulating","Equities","Andere","2012-02-24",NULL,NULL,"iShares"
"6b67f4a9-4a68-449e-9923-af6b7a6cad34","IE00B78CT216","iShares North America Index Fund (IE) Inst Acc EUR","iShares","IE",NULL,"0.170","3232225652","MSCI Daily Net TR North America (EUR)","EUR",NULL,"2026-09-07 20:18:36.181537","2026-09-07 20:18:36.181537","Accumulating","Equities","Andere","2012-02-24",NULL,NULL,"iShares"
"7ceba5d1-cbae-4d3e-95d8-a783b380d3a2","IE00B7D6J849","iShares North America Index Fund (IE) Flex Acc GBP","iShares","IE",NULL,"0.020","3196359602","MSCI North America Net Return (GBP)","GBP",NULL,"2026-09-07 20:18:36.181539","2026-09-07 20:18:36.181539","Accumulating","Equities","Andere","2012-02-22",NULL,NULL,"iShares"
"eafe4bfd-c985-444e-b6f1-2cfe290dccdd","IE00B6RVWW34","iShares Japan Index Fund (IE) Inst Acc EUR","iShares","IE",NULL,"0.180","2106045030","MSCI Developed - Japan Net Total Return Index in EUR","EUR",NULL,"2026-09-07 20:18:36.18154","2026-09-07 20:18:36.18154","Accumulating","Equities","Andere","2012-02-24",NULL,NULL,"iShares"
"6c421ca9-ee96-423d-b0ba-a11b9e55bb52","IE00BLF0J488","iShares Emerging Markets Government Bond Index Fund (IE) Institutional Acc GBP","iShares","IE",NULL,"0.230","3567595822","JPM Emerging Markets Bond Index Global Diversified Custom Defaults - GBP","GBP",NULL,"2026-09-07 20:18:36.181541","2026-09-07 20:18:36.181541","Accumulating","Obligationen","Andere","2020-06-18",NULL,NULL,"iShares"
"09d1c2b8-fed8-447b-93bf-416a07c2019c","IE000D9WMGF0","iShares iBonds Dec 2031 Term € Corp UCITS ETF EUR (Acc)","iShares","IE","Sampling","0.120","477838246","Bloomberg MSCI December 2031 Maturity EUR Corporate ESG Screened Index","EUR",NULL,"2026-09-07 20:18:36.181543","2026-09-07 20:18:36.181543","Accumulating","Obligationen","Art. 8","2024-11-05",NULL,NULL,"iShares"
"4e18c547-36f8-4eac-82f1-eca55d45b2fc","IE00BD0DTB36","iShares Euro Investment Grade Corporate Bond Index Fund (IE) Flex Hedged Acc SEK","iShares","IE",NULL,"0.030","1917990912","BBG Euro Corporate Index (EUR)","SEK",NULL,"2026-09-07 20:18:36.181544","2026-09-07 20:18:36.181544","Accumulating","Obligationen","Andere","2016-12-06",NULL,NULL,"iShares"
"660234fa-1a92-4dc8-9ffc-a371a18c7253","IE000I2WYEU9","iShares iBonds Dec 2031 Term € Corp UCITS ETF EUR (Dist)","iShares","IE","Sampling","0.120","477838246","Bloomberg MSCI December 2031 Maturity EUR Corporate ESG Screened Index","EUR",NULL,"2026-09-07 20:18:36.181545","2026-09-07 20:18:36.181545","Distributing","Obligationen","Art. 8","2024-11-05",NULL,NULL,"iShares"
"1a67b973-033a-4010-869e-69e81244c63e","IE00BM9G6X72","iShares Emerging Markets Local Government Bond Index Fund (IE) Institutional Acc GBP","iShares","IE",NULL,"0.300","2213843794","JP Morgan GBI-EM Global Diversified Index (GBP)","GBP",NULL,"2026-09-07 20:18:36.181547","2026-09-07 20:18:36.181547","Accumulating","Obligationen","Andere","2020-06-18",NULL,NULL,"iShares"
"10561399-8d7c-4cce-b869-eb4dea80185c","IE00BD0DT800","iShares Euro Government Bond Index Fund (IE) Flex Hedged Acc SEK","iShares","IE",NULL,"0.030","4683220991","FTSE EMU Government Bond Index (EUR)","SEK",NULL,"2026-09-07 20:18:36.181548","2026-09-07 20:18:36.181548","Accumulating","Obligationen","Andere","2019-09-25",NULL,NULL,"iShares"
"f426c3bd-b13c-45cf-b865-dbdead530bb8","IE00BD0DT917","iShares US Corporate Bond Index Fund (IE) Flex Hedged Acc SEK","iShares","IE",NULL,"0.030","1391463234","FTSE Euro Dollar Bond Index (USD)","SEK",NULL,"2026-09-07 20:18:36.18155","2026-09-07 20:18:36.18155","Accumulating","Obligationen","Andere","2016-12-06",NULL,NULL,"iShares"
"f1eac3a7-df8e-4661-9853-1e3a7778ea67","IE00BDZS0987","iShares US Index Fund (IE) Class D Acc EUR","iShares","IE",NULL,"0.080","3857168912","S&P 500 Net TR Index (EUR)","EUR",NULL,"2026-09-07 20:18:36.181551","2026-09-07 20:18:36.181551","Accumulating","Equities","Andere","2017-09-27",NULL,NULL,"iShares"
"ea9a8edb-8db0-4261-82f1-4c2458a41118","IE00BDRK7T12","iShares Japan Index Fund (IE) Class D Acc EUR","iShares","IE",NULL,"0.150","2159007140","MSCI Developed - Japan Net EUR Index (EUR)","EUR",NULL,"2026-09-07 20:18:36.181552","2026-09-07 20:18:36.181552","Accumulating","Equities","Andere","2017-06-06",NULL,NULL,"iShares"
"2da40dcc-cd34-4abd-a58e-23181236a690","IE00BYWYCF69","iShares Emerging Markets Index Fund (IE) Class D Acc GBP","iShares","IE",NULL,"0.200","9737027967","MSCI Emerging Markets Net TR in GBP (official levels) (GBP)","GBP",NULL,"2026-09-07 20:18:36.181553","2026-09-07 20:18:36.181553","Accumulating","Equities","Andere","2017-05-11",NULL,NULL,"iShares"
"ac5734dc-00f2-45bc-a9b4-ca5e03478805","IE00B3C8NT28","iShares Global Inflation-Linked Bond Index Fund (IE) Inst Acc USD Hgd","iShares","IE",NULL,"0.150","2387814884","BBG World Government Inflation-Linked Bond Index (USD)","USD",NULL,"2026-09-07 20:18:36.181555","2026-09-07 20:18:36.181555","Accumulating","Obligationen","Andere","2011-05-25",NULL,NULL,"iShares"
"1e2d38ab-bbdb-4285-889d-cd72740f41fb","IE00BDRK7P73","iShares Developed Real Estate Index Fund (IE) Class D Acc EUR","iShares","IE",NULL,"0.170","1578871775","FTSE EPRA Nareit Developed Net Index EUR (EUR)","EUR",NULL,"2026-09-07 20:18:36.181556","2026-09-07 20:18:36.181556","Accumulating","Real Estate","Andere","2017-06-06",NULL,NULL,"iShares"
"e184eb9e-325a-40aa-8aba-9a438abe4339","IE00B3B2KR21","iShares EMU Index Fund (IE) Flex Dist EUR","iShares","IE",NULL,"0.110","93628783","MSCI EMU Net TR Index (EUR)","EUR",NULL,"2026-09-07 20:18:36.181557","2026-09-07 20:18:36.181558","Distributing","Equities","Andere","2009-06-08",NULL,NULL,"iShares"
"ad777d62-bc7b-4f59-9879-37127d30a3a9","IE00BDRK7R97","iShares Pacific Index Fund (IE) Class D Acc EUR","iShares","IE",NULL,"0.150","869094239","MSCI Developed Pacific Ex Japan in EUR Net TR Index (EUR)","EUR",NULL,"2026-09-07 20:18:36.181559","2026-09-07 20:18:36.181559","Accumulating","Equities","Andere","2017-06-06",NULL,NULL,"iShares"
"98098271-241f-4a13-ab02-85bc867ebc37","IE00B040CX25","iShares North America Index Fund (IE) Flex Dist USD","iShares","IE",NULL,"0.020","3232225652","MSCI North America Index (USD)","USD",NULL,"2026-09-07 20:18:36.18156","2026-09-07 20:18:36.18156","Distributing","Equities","Andere","2005-12-01",NULL,NULL,"iShares"
"ea44f677-65ce-4a65-933b-f83cfdf04cc7","IE00BDRK7L36","iShares Europe Index Fund (IE) Class D Acc EUR","iShares","IE",NULL,"0.100","214686137","MSCI Europe Index","EUR",NULL,"2026-09-07 20:18:36.181561","2026-09-07 20:18:36.181561","Accumulating","Equities","Andere","2017-06-06",NULL,NULL,"iShares"
"f8ba5899-0f92-472b-8a72-c703e7a0ff51","IE00B62C5H76","iShares Developed World Index Fund (IE) Inst Acc GBP","iShares","IE",NULL,"0.160","30362720870","MSCI World NET TR in GBP Index (GBP)","GBP",NULL,"2026-09-07 20:18:36.181563","2026-09-07 20:18:36.181563","Accumulating","Equities","Andere","2011-07-13",NULL,NULL,"iShares"
"4621036c-00e5-4fde-94e6-a797ed36c62a","IE0004ZP1ND3","iShares Global Agg 1-5 Year Bond Index Fund (IE) S Acc EUR Hedged","iShares","IE",NULL,"0.080","1622462434","BBG Global Aggregate 1-5 Year Index (USD)","EUR",NULL,"2026-09-07 20:18:36.181564","2026-09-07 20:18:36.181564","Accumulating","Obligationen","Andere","2025-08-21",NULL,NULL,"iShares"
"3764a14e-e0be-4c35-85e5-55e06c751dfc","IE00B616R411","iShares Developed World Index Fund (IE) Flex Acc USD","iShares","IE",NULL,"0.010","30285255874","MSCI World Net TR Index","USD",NULL,"2026-09-07 20:18:36.181566","2026-09-07 20:18:36.181566","Accumulating","Equities","Andere","2010-05-19",NULL,NULL,"iShares"
"34a96f30-cade-4663-82a8-b4c54349517e","IE00B1W56N49","iShares Japan Index Fund (IE) Inst Dist USD","iShares","IE",NULL,"0.180","2159007140","MSCI Japan Index (Net)","USD",NULL,"2026-09-07 20:18:36.181567","2026-09-07 20:18:36.181567","Distributing","Equities","Andere","2009-05-13",NULL,NULL,"iShares"
"f3434fa3-99b9-4060-b085-ab7f36645866","IE00B3D07N99","iShares Emerging Markets Index Fund (IE) Flex Acc USD","iShares","IE",NULL,"0.070","9737027967","MSCI Emerging Markets Index (Net)","USD",NULL,"2026-09-07 20:18:36.181568","2026-09-07 20:18:36.181568","Accumulating","Equities","Andere","2009-03-25",NULL,NULL,"iShares"
"204829d5-2838-4d7c-af4d-914f1d769b1b","IE00019EG7X4","iShares iBonds Dec 2031 Term $ Corp UCITS ETF USD (Acc)","iShares","IE","Sampling","0.120","250704236","Bloomberg MSCI December 2031 Maturity USD Corporate ESG Screened Index","USD",NULL,"2026-09-07 20:18:36.181569","2026-09-07 20:18:36.181569","Accumulating","Obligationen","Art. 8","2024-11-05",NULL,NULL,"iShares"
"c8414f78-4638-4502-acd6-ac87a3a30e84","IE0009EQZP90","iShares iBonds Dec 2031 Term $ Corp UCITS ETF USD (Dist)","iShares","IE","Sampling","0.120","250704236","Bloomberg MSCI December 2031 Maturity USD Corporate ESG Screened Index","USD",NULL,"2026-09-07 20:18:36.181571","2026-09-07 20:18:36.181571","Distributing","Obligationen","Art. 8","2024-11-05",NULL,NULL,"iShares"
"b294c01c-5f04-46c1-abf5-3a04652bf134","IE00B2368V55","iShares UK Index Fund (IE) Flex Dist GBP","iShares","IE",NULL,"0.030","820015006","MSCI Developed - United Kingdom Net Returns (GBP)","GBP",NULL,"2026-09-07 20:18:36.181572","2026-09-07 20:18:36.181572","Distributing","Equities","Andere","2007-08-01",NULL,NULL,"iShares"
"df08d2f8-ed95-40fc-8393-6fe4524e0974","IE00B67T5G21","iShares Euro Investment Grade Corporate Bond Index Fund (IE) Inst Acc EUR","iShares","IE",NULL,"0.150","1907684645","BBG Euro Corporate Index (EUR)","EUR",NULL,"2026-09-07 20:18:36.181573","2026-09-07 20:18:36.181573","Accumulating","Obligationen","Andere","2012-02-09",NULL,NULL,"iShares"
"ac1664c8-9a49-4c2f-82c4-6f4862545d8d","IE00B62NV726","iShares Developed World Index Fund (IE) Inst Dist EUR","iShares","IE",NULL,"0.160","30362720870","MSCI World Index Net (EUR)","EUR",NULL,"2026-09-07 20:18:36.181575","2026-09-07 20:18:36.181575","Distributing","Equities","Andere","2010-09-08",NULL,NULL,"iShares"
"ffe79d98-0983-43df-a9e1-9f7384a4a409","IE00BDRK7H99","iShares Ultra High Quality Euro Government Bond Index Fund (IE) Class D Acc EUR","iShares","IE",NULL,"0.100","218353460","iBoxx Eurozone AAA Index (EUR)","EUR",NULL,"2026-09-07 20:18:36.181576","2026-09-07 20:18:36.181576","Accumulating","Obligationen","Andere","2017-06-09",NULL,NULL,"iShares"
"4f92e57e-d0e5-4b0f-ab6f-471580ccf728","IE00BDRK7J14","iShares Euro Investment Grade Corporate Bond Index Fund (IE) Class D Acc EUR","iShares","IE",NULL,"0.120","1907684645","BBG Euro Corporate Index (EUR)","EUR",NULL,"2026-09-07 20:18:36.181577","2026-09-07 20:18:36.181577","Accumulating","Obligationen","Andere","2017-06-09",NULL,NULL,"iShares"
"d5edd6cc-34b9-4a6d-b8dc-3d72ea5df262","IE000N51F726","iShares Developed World Screened Index Fund D Acc EUR","iShares","IE",NULL,"0.150","5245083610","MSCI WORLD SCREENED in EURO","EUR",NULL,"2026-09-07 20:18:36.181579","2026-09-07 20:18:36.181579","Accumulating","Equities","Art. 8","2025-08-21",NULL,NULL,"iShares"
"ae5f531b-a0d1-44c4-967d-9d1c6c9585da","IE000ROSD5J6","iShares Essential Metals Producers UCITS ETF USD (Acc)","iShares","IE","Physical (Full replication)","0.550","961185321","S&P Global Essential Metals Producers Index USD NTR","USD",NULL,"2026-09-07 20:18:36.18158","2026-09-07 20:18:36.18158","Accumulating","Equities","Andere","2023-10-18",NULL,NULL,"iShares"
"de94fc03-a5fb-4d34-82aa-499a29afcd74","IE000Z1PCR88","iShares MSCI World Sector & Country Neutral Equal Weight UCITS ETF USD (Acc)","iShares","IE","Physical (Full replication)","0.200","23882219","MSCI World Equal Weighted Country & Sector Neutral Index","USD",NULL,"2026-09-07 20:18:36.181581","2026-09-07 20:18:36.181582","Accumulating","Equities","Andere","2025-09-10",NULL,NULL,"iShares"
"5677ffe8-f42a-4ace-b2b2-fc64a9dfb92d","DE000A0Q4R85","iShares MSCI Brazil UCITS ETF (DE) (Acc)","iShares","DE","Physical (Full replication)","0.270","4889748338","MSCI Emerging - Brazil Net USD Index (USD)","USD",NULL,"2026-09-07 20:18:36.181583","2026-09-07 20:18:36.181583","Accumulating","Equities","Andere","2018-10-24",NULL,NULL,"iShares"
"c712da9a-8ee8-4438-89da-e994abb76df4","IE000ZSEF059","iShares Global Inflation-Linked Bond Index Fund (IE) D Accumulation USD","iShares","IE",NULL,"0.100","2387814884","BBG World Government Inflation-Linked Bond Index (USD)","USD",NULL,"2026-09-07 20:18:36.181584","2026-09-07 20:18:36.181584","Accumulating","Obligationen","Andere","2023-02-28",NULL,NULL,"iShares"
"6d71fa51-942e-4091-aa60-bd4184743bf5","IE000ZYRH0Q7","iShares Developed World Index Fund (IE) S Acc EUR","iShares","IE",NULL,"0.060","30362720870","MSCI World Index Net (EUR)","EUR",NULL,"2026-09-07 20:18:36.181586","2026-09-07 20:18:36.181586","Accumulating","Equities","Andere","2025-08-21",NULL,NULL,"iShares"
"4c4765b6-d48a-4efd-b7e3-cd4d64981ebc","IE000QAZP7L2","iShares Emerging Markets Index Fund (IE) S Acc EUR","iShares","IE",NULL,"0.160","9737027967","MSCI Emerging Markets, Net Returns (EUR)","EUR",NULL,"2026-09-07 20:18:36.181587","2026-09-07 20:18:36.181587","Accumulating","Equities","Andere","2025-08-21",NULL,NULL,"iShares"
"a18ea417-1923-406c-8c91-5e133f08215d","IE00BJXFTQ35","iShares UK Index Fund (IE) Flexible Acc EUR Hedged","iShares","IE",NULL,"0.000","820015006","MSCI Developed - United Kingdom Net Returns (GBP)","EUR",NULL,"2026-09-07 20:18:36.181589","2026-09-07 20:18:36.181589","Accumulating","Equities","Andere","2019-04-17",NULL,NULL,"iShares"
"d0382887-9196-4b4a-8605-0d89b479972b","IE000N4ZYX28","iShares US Index Fund (IE) S Acc EUR","iShares","IE",NULL,"0.050","3857168912","S&P 500 Net TR Index (EUR)","EUR",NULL,"2026-09-07 20:18:36.18159","2026-09-07 20:18:36.18159","Accumulating","Equities","Andere","2025-08-21",NULL,NULL,"iShares"
"7fc3c2c7-34a7-4331-a446-9943bf1d4f0a","IE000NWZMWU9","iShares Developed World Screened Index Fund (IE) Flex Acc EUR Hedged","iShares","IE",NULL,"0.020","5245083610","MSCI World Screened Index","EUR",NULL,"2026-09-07 20:18:36.181591","2026-09-07 20:18:36.181591","Accumulating","Equities","Art. 8","2023-02-22",NULL,NULL,"iShares"
"c7d2004b-8f20-49f6-a914-63f5741e225b","IE00BDDRDZ46","iShares $ Floating Rate Bond UCITS ETF MXN Hedged (Acc)","iShares","IE","Sampling","0.150","5338171355","Bloomberg US Floating Rate Note<5 Years Index","MXN",NULL,"2026-09-07 20:18:36.181593","2026-09-07 20:18:36.181593","Accumulating","Obligationen","Andere","2018-08-31",NULL,NULL,"iShares"
"da7c53bb-5e6a-47a8-aea5-583928861284","IE0003IV3OJ8","iShares Developed Real Estate Index Fund (IE) S Acc USD","iShares","IE",NULL,"0.110","1578871775","FTSE EPRA Nareit Developed Index (Net)","USD",NULL,"2026-09-07 20:18:36.181596","2026-09-07 20:18:36.181596","Accumulating","Real Estate","Andere","2025-08-28",NULL,NULL,"iShares"
"ca5ad34c-1f1d-440d-953f-e45ebc1de5b3","LU2337603828","iShares North America Equity Index Fund (LU) Class N2 EUR","iShares","LU",NULL,"0.180","674619332","MSCI North America Net EUR (Custom 4pm LUX) (EUR)","EUR",NULL,"2026-09-07 20:18:36.181597","2026-09-07 20:18:36.181597","Accumulating","Equities","Andere","2021-05-05",NULL,NULL,"iShares"
"a1c34a8d-e0a0-4ae1-be46-ef3305f982dc","IE00BJVKFT58","iShares North America Index Fund (IE) Flexible Acc EUR Hedged","iShares","IE",NULL,"0.020","3232225652","MSCI Daily Net TR North America USD","EUR",NULL,"2026-09-07 20:18:36.181598","2026-09-07 20:18:36.181598","Accumulating","Equities","Andere","2019-04-17",NULL,NULL,"iShares"
"349d53c5-d02d-418a-a1fe-04a39aed3dd8","LU0965779233","iShares Global Government Bond Index Fund (LU) Class N2 EUR","iShares","LU",NULL,"0.190","1322518464","FTSE World Government Bond Index (EUR)","EUR",NULL,"2026-09-07 20:18:36.181601","2026-09-07 20:18:36.181601","Accumulating","Obligationen","Andere","2013-08-28",NULL,NULL,"iShares"
"6a22854d-68b9-4440-a8cd-1092448474bd","IE00B83ZLT36","iShares Developed Real Estate Index Fund (IE) Flex Acc USD","iShares","IE",NULL,"0.030","1578871775","FTSE EPRA Nareit Developed Index (Net)","USD",NULL,"2026-09-07 20:18:36.181602","2026-09-07 20:18:36.181602","Accumulating","Real Estate","Andere","2013-08-27",NULL,NULL,"iShares"
"57186b0d-effa-4200-9e48-3e789abb2820","IE00BK4W7N32","iShares $ Corp Bond ESG SRI UCITS ETF USD (Dist)","iShares","IE","Sampling","0.150","1882162298","Bloomberg MSCI US Corporate ESG SRI Index (USD)","USD",NULL,"2026-09-07 20:18:36.181604","2026-09-07 20:18:36.181604","Distributing","Obligationen","Art. 8","2020-03-03",NULL,NULL,"iShares"
"f0c9afe0-bf5e-4948-857d-4e9d0a9addc5","LU2060767121","BGIF iShares World Equity Index Fund I2 USD","iShares","LU",NULL,"0.190","5094713775","MSCI World Index (custom) (USD)","USD",NULL,"2026-09-07 20:18:36.181605","2026-09-07 20:18:36.181605","Accumulating","Equities","Andere","2019-10-09",NULL,NULL,"iShares"
"d3b32109-803c-4ac6-8f16-0200c9e213fb","IE00BDDRH417","iShares J. P. Morgan $ EM Bond UCITS ETF MXN Hedged (Acc)","iShares","IE","Sampling","0.500","8430678510","J.P. Morgan Emerging Markets Bond Index Global Diversified Core","MXN",NULL,"2026-09-07 20:18:36.181606","2026-09-07 20:18:36.181606","Accumulating","Obligationen","Andere","2018-08-31",NULL,NULL,"iShares"
"9a570bee-eb85-476f-a57d-5539d83acb3f","IE00BDDRH961","iShares $ High Yield Corp Bond UCITS ETF MXN Hedged (Acc)","iShares","IE","Sampling","0.550","5942821125","iBoxx USD Liquid High Yield Capped (USD)","MXN",NULL,"2026-09-07 20:18:36.181607","2026-09-07 20:18:36.181608","Accumulating","Obligationen","Andere","2018-08-31",NULL,NULL,"iShares"
"94da656d-43bc-4e39-bef5-21bb3e3c0b9d","IE00BH4G7D40","iShares $ Corp Bond ESG SRI UCITS ETF EUR Hedged (Dist)","iShares","IE","Sampling","0.170","1882162298","Bloomberg MSCI US Corporate ESG SRI Index (USD)","EUR",NULL,"2026-09-07 20:18:36.181609","2026-09-07 20:18:36.181609","Distributing","Obligationen","Art. 8","2020-05-14",NULL,NULL,"iShares"
"547d4016-f42c-427f-9bcd-124c55ae70c4","IE00BDDRH631","iShares $ Short Duration Corp Bond UCITS ETF MXN Hedged (Acc)","iShares","IE","Sampling","0.250","9077376127","iBoxx USD Liquid Investment Grade 0-5 Index","MXN",NULL,"2026-09-07 20:18:36.18161","2026-09-07 20:18:36.18161","Accumulating","Obligationen","Andere","2018-08-31",NULL,NULL,"iShares"
"9ed35ceb-c058-470f-a62c-b3f1bd10c31f","IE00BNG2TZ85","iShares Developed World Screened Index Fund (IE) Inst Acc GBP","iShares","IE",NULL,"0.160","5245083610","MSCI WORLD ESG SCREENED - Net GBP (GBP)","GBP",NULL,"2026-09-07 20:18:36.181611","2026-09-07 20:18:36.181612","Accumulating","Equities","Art. 8","2021-05-11",NULL,NULL,"iShares"
"f9368ea8-529f-4e2a-bfa4-7b6915db320b","IE00BDDRHB81","iShares $ Treasury Bond 1-3yr UCITS ETF MXN Hedged (Acc)","iShares","IE","Sampling","0.100","12736616213","ICE U.S. Treasury 1-3 Year Bond Index","MXN",NULL,"2026-09-07 20:18:36.181613","2026-09-07 20:18:36.181613","Accumulating","Obligationen","Andere","2018-08-31",NULL,NULL,"iShares"
"8f5f6efa-4230-41a5-beec-f51d07002335","IE0007FM00T9","iShares U.S. Equity High Income Active UCITS ETF USD (Acc)","iShares","IE",NULL,"0.350","67954346","S&P 500 Index","USD",NULL,"2026-09-07 20:18:36.181614","2026-09-07 20:18:36.181614","Accumulating","Equities","Art. 8","2024-03-22",NULL,NULL,"iShares"
"e31cea4d-aaea-4d18-b1cf-b6f2b28e3f08","IE00BKPTWT46","iShares Emerging Market Screened Equity Index Fund (IE) Institutional Acc EUR","iShares","IE",NULL,"0.350","1020341796","MSCI Emerging Markets ex Select Controversies Net Index (EUR)","EUR",NULL,"2026-09-07 20:18:36.181616","2026-09-07 20:18:36.181616","Accumulating","Equities","Art. 8","2023-03-20",NULL,NULL,"iShares"
"840b5e3b-8583-4f56-8df3-5769ac9d652d","IE0000MR4GH9","iShares iBonds Dec 2032 Term € Corp UCITS ETF EUR (Dist)","iShares","IE","Sampling","0.120","276961413","Bloomberg MSCI December 2032 Maturity EUR Corporate ESG Screened Index","EUR",NULL,"2026-09-07 20:18:36.181617","2026-09-07 20:18:36.181617","Distributing","Obligationen","Art. 8","2024-11-05",NULL,NULL,"iShares"
"5701decd-554f-4c32-8ca3-9729081bda0b","IE00BKPTWZ06","iShares Emerging Market Screened Equity Index Fund (IE) D Acc USD","iShares","IE",NULL,"0.200","1020341796","MSCI Emerging Markets ex Select Controversies Net Index (USD)","USD",NULL,"2026-09-07 20:18:36.181618","2026-09-07 20:18:36.181618","Accumulating","Equities","Art. 8","2021-05-06",NULL,NULL,"iShares"
"97927b72-fcd7-4155-bd46-cc45c32a7742","IE000I660ZF8","iShares iBonds Dec 2032 Term € Corp UCITS ETF EUR (Acc)","iShares","IE","Sampling","0.120","276961413","Bloomberg MSCI December 2032 Maturity EUR Corporate ESG Screened Index","EUR",NULL,"2026-09-07 20:18:36.18162","2026-09-07 20:18:36.18162","Accumulating","Obligationen","Art. 8","2024-11-05",NULL,NULL,"iShares"
"277641ee-3849-4fe1-af61-700af1ddb2a9","IE0008Y8KAO6","iShares World ex-Euro Government Bond Index Fund (IE) D Acc EUR Hedged","iShares","IE",NULL,"0.140","1433615915","FTSE Non-EUR World Government Bond Index","EUR",NULL,"2026-09-07 20:18:36.181621","2026-09-07 20:18:36.181621","Accumulating","Obligationen","Andere","2025-09-16",NULL,NULL,"iShares"
"0eba97b5-5b52-4106-b64f-7cb827a36587","IE00BYM31M36","iShares Fallen Angels High Yield Corp Bond UCITS ETF","iShares","IE","Sampling","0.500","689443881","BBG Global Corporate ex EM Fallen Angels 3% Issuer Capped Index","USD",NULL,"2026-09-07 20:18:36.181622","2026-09-07 20:18:36.181623","Distributing","Obligationen","Andere","2016-06-21",NULL,NULL,"iShares"
"c0c676a1-0292-40b8-b468-71aa24debd05","IE00097WZHZ9","iShares FTSE All World UCITS ETF USD (Acc)","iShares","IE","Physical (Sampling)","0.120","40526048","FTSE All-World Index (Net)","USD",NULL,"2026-09-07 20:18:36.181624","2026-09-07 20:18:36.181624","Accumulating","Equities","Andere","2026-05-07",NULL,NULL,"iShares"
"4e505347-7d93-45b8-9def-3ccf4e479798","IE00049LEBV0","iShares iBonds Dec 2032 Term $ Corp UCITS ETF USD (Dist)","iShares","IE","Sampling","0.120","159765688","Bloomberg MSCI December 2032 Maturity USD Corporate ESG Screened Index","USD",NULL,"2026-09-07 20:18:36.181625","2026-09-07 20:18:36.181625","Distributing","Obligationen","Art. 8","2024-11-05",NULL,NULL,"iShares"
"2154cb4a-5b65-49a4-8b39-0454e6282f84","IE0007YBWBE5","iShares iBonds Dec 2032 Term $ Corp UCITS ETF USD (Acc)","iShares","IE","Sampling","0.120","159765688","Bloomberg MSCI December 2032 Maturity USD Corporate ESG Screened Index","USD",NULL,"2026-09-07 20:18:36.181626","2026-09-07 20:18:36.181626","Accumulating","Obligationen","Art. 8","2024-11-05",NULL,NULL,"iShares"
"5635bf34-faa6-485b-9942-17176fbb1821","IE00BKPTWX81","iShares Emerging Market Screened Equity Index Fund (IE) Flexible Acc USD","iShares","IE",NULL,"0.100","1020341796","MSCI Emerging Markets ex Select Controversies Net Index (USD)","USD",NULL,"2026-09-07 20:18:36.181628","2026-09-07 20:18:36.181628","Accumulating","Equities","Art. 8","2021-05-06",NULL,NULL,"iShares"
"49e9794e-a89a-45bd-a196-a3847ca3229b","IE00BJP13018","iShares Euro Corporate Bond ESG SRI Index Fund (IE) Flex Acc EUR","iShares","IE",NULL,"0.030","2417699697","iBoxx MSCI ESG SRI EUR Corporates","EUR",NULL,"2026-09-07 20:18:36.181629","2026-09-07 20:18:36.181629","Accumulating","Obligationen","Art. 8","2019-05-08",NULL,NULL,"iShares"
"4e8f4216-eeae-4472-ab0e-f46cda4f4a4f","IE00BKPTWV67","iShares Emerging Market Screened Equity Index Fund (IE) Institutional Dist EUR","iShares","IE",NULL,"0.350","1020341796","MSCI Emerging Markets ex Select Controversies Net Index (EUR)","EUR",NULL,"2026-09-07 20:18:36.18163","2026-09-07 20:18:36.18163","Distributing","Equities","Art. 8","2023-04-04",NULL,NULL,"iShares"
"5c4457e3-e695-410f-94dc-a0d4bd1fa62d","IE00BJP12Y80","iShares Euro Corporate Bond ESG SRI Index Fund (IE) Q Acc EUR","iShares","IE",NULL,"0.060","2417699697","iBoxx MSCI ESG SRI EUR Corporates","EUR",NULL,"2026-09-07 20:18:36.181632","2026-09-07 20:18:36.181632","Accumulating","Obligationen","Art. 8","2019-05-08",NULL,NULL,"iShares"
"76344511-a308-47dd-b6af-f13cb560da38","IE0000P0RPE6","iShares World Equity High Income Active UCITS ETF USD (Acc)","iShares","IE",NULL,"0.350","734782335","MSCI World Net TR Index","USD",NULL,"2026-09-07 20:18:36.181633","2026-09-07 20:18:36.181633","Accumulating","Equities","Art. 8","2024-03-22",NULL,NULL,"iShares"
"36999fda-2dff-4574-8f88-2054293681aa","IE00BKPTWY98","iShares Emerging Market Screened Equity Index Fund (IE) Flexible Acc EUR","iShares","IE",NULL,"0.100","1020341796","MSCI Emerging Markets ex Select Controversies Net Index (EUR)","EUR",NULL,"2026-09-07 20:18:36.181634","2026-09-07 20:18:36.181634","Accumulating","Equities","Art. 8","2021-05-06",NULL,NULL,"iShares"
"2e8cea06-ef50-48e1-9b92-6c708caf9e70","IE000H444PH5","iShares S&P Mid Cap 400 Swap UCITS ETF USD (Acc)","iShares","IE","Swap","0.200","6935270","S&P MidCap 400","USD",NULL,"2026-09-07 20:18:36.181636","2026-09-07 20:18:36.181636","Accumulating","Equities","Andere","2025-06-25",NULL,NULL,"iShares"
"86563030-5e8d-43d8-a3d7-bbe0897f1276","IE00BCLWRF22","iShares MSCI EMU Large Cap UCITS ETF EUR (Acc)","iShares","IE","Physical (Full replication)","0.490","163736001","MSCI EMU Large Cap Net Index","EUR",NULL,"2026-09-07 20:18:36.181637","2026-09-07 20:18:36.181637","Accumulating","Equities","Andere","2013-09-13",NULL,NULL,"iShares"
"7f60d35d-e2dc-410e-a79b-43d1c3ccda0b","IE00BJLMKK76","iShares Europe ex UK Index Fund (IE) Flexible Acc EUR Hedged","iShares","IE",NULL,"0.010","2999387882","MSCI Europe ex UK Net Return Index (EUR)","EUR",NULL,"2026-09-07 20:18:36.181638","2026-09-07 20:18:36.181638","Accumulating","Equities","Andere","2019-04-17",NULL,NULL,"iShares"
"4dc07c82-a707-45b6-a453-f4456bf2d76a","CH0401030827","iShares Emerging Markets Bond Index Fund (CH) X N USD","iShares","CH",NULL,"0.030","921509892","JPM Emerging Markets Bond Index Global Diversified Custom Defaults","USD",NULL,"2026-09-07 20:18:36.181639","2026-09-07 20:18:36.18164","Accumulating","Obligationen",NULL,"2018-09-06",NULL,NULL,"iShares"
"3e67403d-5b06-402d-9d13-c1a6adbf2e1f","IE00BCLWRD08","iShares MSCI EMU Mid Cap UCITS ETF EUR (Acc)","iShares","IE","Physical (Full replication)","0.490","554365698","MSCI EMU Mid Cap Net Index","EUR",NULL,"2026-09-07 20:18:36.181641","2026-09-07 20:18:36.181641","Accumulating","Equities","Andere","2013-09-13",NULL,NULL,"iShares"
"df062c41-7362-46cd-80f2-15e93a2a12f7","CH0424707278","iShares World ex Switzerland Screened Equity Index Fund X1 CHF","iShares","CH",NULL,"0.020","1119480410","MSCI WORLD ex SWITZ ESG SCREENED ex SEL SEC - Net (CHF)","CHF",NULL,"2026-09-07 20:18:36.181642","2026-09-07 20:18:36.181642","Accumulating","Equities",NULL,"2020-12-09",NULL,NULL,"iShares"
"9044a4ce-30b1-4bc8-9f63-5b6899b0a28a","IE000IAXNM41","iShares Europe Defence UCITS ETF EUR (Acc)","iShares","IE","Physical (Full replication)","0.350","358610775","STOXX Europe Targeted Defence Index","EUR",NULL,"2026-09-07 20:18:36.181644","2026-09-07 20:18:36.181644","Accumulating","Equities","Andere","2025-05-23",NULL,NULL,"iShares"
"19a6a987-6efc-4269-aa19-7da68cfd822e","IE00BYVZVL92","iShares US Corporate Bond Index Fund (IE) Flexible EUR Hedged Acc","iShares","IE",NULL,"0.030","1394332040","FTSE Euro Dollar Bond Index (USD)","EUR",NULL,"2026-09-07 20:18:36.181645","2026-09-07 20:18:36.181645","Accumulating","Obligationen","Andere","2017-12-20",NULL,NULL,"iShares"
"153265b0-5668-402c-93d4-c6f2f80577ce","IE0004YCLDW1","iShares STOXX Europe 600 UCITS ETF EUR (Dist)","iShares","IE","Physical (Full replication)","0.070","7902291","Stoxx Europe 600 Net TR","EUR",NULL,"2026-09-07 20:18:36.181646","2026-09-07 20:18:36.181646","Distributing","Equities","Andere","2026-05-08",NULL,NULL,"iShares"
"ae71f18f-8580-444e-af4f-691313ca9883","IE00BNDQ8C32","iShares Screened Global Corporate Bond Index Fund (IE) Flex Acc USD","iShares","IE",NULL,"0.030","4385817539","BBG Global Aggregate Corporate Index (USD)","USD",NULL,"2026-09-07 20:18:36.181647","2026-09-07 20:18:36.181647","Accumulating","Obligationen","Art. 8","2021-01-19",NULL,NULL,"iShares"
"fceb222f-b7fb-4768-b0b6-f1bd0b952afc","IE000CZJPCH1","iShares € High Yield Corp Bond Enhanced Active UCITS ETF EUR (Acc)","iShares","IE","Sampling","0.300","21445839","ICE BofA Euro High Yield Constrained Index (HEC0) (EUR)","EUR",NULL,"2026-09-07 20:18:36.181649","2026-09-07 20:18:36.181649","Accumulating","Obligationen","Art. 8","2025-12-04",NULL,NULL,"iShares"
"82e56ff4-bb78-447b-a88d-40827229c7b6","IE000T9NSP89","iShares $ High Yield Corp Bond Enhanced Active UCITS ETF USD (Acc)","iShares","IE","Sampling","0.350","29753092","ICE BofA US High Yield Constrained Index","USD",NULL,"2026-09-07 20:18:36.18165","2026-09-07 20:18:36.18165","Accumulating","Obligationen","Andere","2025-12-04",NULL,NULL,"iShares"
"253681d5-3373-4953-a2d3-5238ce90a499","IE000NHAIBN0","iShares € Flexible Income Bond Active UCITS ETF EUR (Dist)","iShares","IE",NULL,"0.400","299580841","Placeholder for prolonged perf holidays (No Benchmark applicable) (EUR)","EUR",NULL,"2026-09-07 20:18:36.181651","2026-09-07 20:18:36.181652","Distributing","Obligationen","Art. 8","2025-02-13",NULL,NULL,"iShares"
"c156e267-e1d8-452d-a283-c216dc3bd401","IE00BKKKWJ26","iShares $ Corp Bond ESG SRI UCITS ETF USD (Acc)","iShares","IE","Sampling","0.150","1882162298","Bloomberg MSCI US Corporate ESG SRI Index (USD)","USD",NULL,"2026-09-07 20:18:36.181653","2026-09-07 20:18:36.181653","Accumulating","Obligationen","Art. 8","2020-03-03",NULL,NULL,"iShares"
"5a0d4887-e6f8-4f81-8416-0fec130499c7","IE00BD8QG133","iShares Green Bond Index Fund (IE) D CHF Hedged Distributing Share Class","iShares","IE",NULL,"0.200","993765645","BBG MSCI Global Green Bond Index (EUR)","CHF",NULL,"2026-09-07 20:18:36.181654","2026-09-07 20:18:36.181654","Distributing","Obligationen","Art. 9","2017-12-20",NULL,NULL,"iShares"
"075ac709-9f81-44d2-aa5a-20bc381d53e0","IE000CLK5V01","iShares North America Index Fund (IE) S Distributing GBP","iShares","IE",NULL,"0.050","3232225652","MSCI North America GBP Index","GBP",NULL,"2026-09-07 20:18:36.181655","2026-09-07 20:18:36.181655","Distributing","Equities","Andere","2021-09-10",NULL,NULL,"iShares"
"7564428a-03b7-49e4-9193-3a55acc5c882","IE00B39J2Z70","iShares Pacific Index Fund (IE) Flex Dist EUR","iShares","IE",NULL,"0.040","869094239","MSCI Developed Pacific Ex Japan in EUR Net TR Index (EUR)","EUR",NULL,"2026-09-07 20:18:36.181657","2026-09-07 20:18:36.181657","Distributing","Equities","Andere","2009-05-22",NULL,NULL,"iShares"
"beee70b0-0700-4bdf-818d-a456d7571c52","IE0000L89XL9","iShares North America Index Fund (IE) S Accumulating GBP","iShares","IE",NULL,"0.050","3232225652","MSCI North America GBP Index","GBP",NULL,"2026-09-07 20:18:36.181658","2026-09-07 20:18:36.181658","Accumulating","Equities","Andere","2021-09-10",NULL,NULL,"iShares"
"77856453-ad04-4879-8685-1db2cbfc5628","IE00BYYHSM20","iShares MSCI Europe Quality Dividend Advanced UCITS ETF EUR (Dist)","iShares","IE","Physical (Sampling)","0.280","864262814","MSCI Europe High Dividend Yield Advanced Select Index EUR","EUR",NULL,"2026-09-07 20:18:36.181659","2026-09-07 20:18:36.18166","Distributing","Equities","Art. 8","2017-06-12",NULL,NULL,"iShares"
"58a98ebc-a196-49a5-a5f7-164ce129a9a6","IE00BD0DT578","iShares Green Bond Index Fund (IE) Class D Hedged Acc EUR","iShares","IE",NULL,"0.200","993765645","BBG MSCI Global Green Bond Index (EUR)","EUR",NULL,"2026-09-07 20:18:36.181661","2026-09-07 20:18:36.181661","Accumulating","Obligationen","Art. 9","2017-03-16",NULL,NULL,"iShares"
"bb511668-6845-481a-b4a2-a89058b5b8b6","IE00B39J2Y63","iShares UK Index Fund (IE) Flex Dist EUR","iShares","IE",NULL,"0.030","820015006","MSCI Developed - United Kingdom Net (EUR)","EUR",NULL,"2026-09-07 20:18:36.181662","2026-09-07 20:18:36.181662","Distributing","Equities","Andere","2009-05-22",NULL,NULL,"iShares"
"8730c7b8-185c-43fd-911c-1190a4bf2efd","IE00BD8QG463","iShares Green Bond Index Fund (IE) D USD Hedged Accumulating Share Class","iShares","IE",NULL,"0.200","993765645","BBG MSCI Global Green Bond Index (EUR)","USD",NULL,"2026-09-07 20:18:36.181663","2026-09-07 20:18:36.181663","Accumulating","Obligationen","Art. 9","2017-12-20",NULL,NULL,"iShares"
"4de63957-20b0-4d3a-b6d2-f56f9f57d164","IE00BYQQ0X26","iShares World ex-Euro Government Bond Index Fund (IE) Flex Dist USD","iShares","IE",NULL,"0.030","1433615915","FTSE Non-EUR World Government Bond Index","USD",NULL,"2026-09-07 20:18:36.181665","2026-09-07 20:18:36.181665","Distributing","Obligationen","Andere","2016-07-26",NULL,NULL,"iShares"
"1efbb121-cdb8-4604-8bd2-99c17417ff7e","IE00B3D07Q21","iShares Emerging Markets Index Fund (IE) Flex Dist EUR","iShares","IE",NULL,"0.070","9737027967","MSCI Emerging Markets, Net Returns (EUR)","EUR",NULL,"2026-09-07 20:18:36.181666","2026-09-07 20:18:36.181666","Distributing","Equities","Andere","2010-04-30",NULL,NULL,"iShares"
"6203d653-8c67-451f-a8de-663e590cda00","IE00BD8QG026","iShares Green Bond Index Fund (IE) D CHF Hedged Accumulating Share Class","iShares","IE",NULL,"0.200","993765645","BBG MSCI Global Green Bond Index (EUR)","CHF",NULL,"2026-09-07 20:18:36.181668","2026-09-07 20:18:36.181668","Accumulating","Obligationen","Art. 9","2017-12-20",NULL,NULL,"iShares"
"5a0b79c6-0772-49d2-853d-43fd8fa60885","IE00B3D07M82","iShares Emerging Markets Index Fund (IE) Flex Acc EUR","iShares","IE",NULL,"0.070","9737027967","MSCI Emerging Markets, Net Returns (EUR)","EUR",NULL,"2026-09-07 20:18:36.181669","2026-09-07 20:18:36.181669","Accumulating","Equities","Andere","2010-06-01",NULL,NULL,"iShares"
"554484ed-71fa-4dd0-8f86-e6b5dbc7b289","IE000KDUZ5O6","iShares Euro Corporate Bond ESG SRI Index Fund (IE) Inst Acc EUR","iShares","IE",NULL,"0.150","2417699697","iBoxx MSCI ESG SRI EUR Corporates","EUR",NULL,"2026-09-07 20:18:36.18167","2026-09-07 20:18:36.18167","Accumulating","Obligationen","Art. 8","2021-09-16",NULL,NULL,"iShares"
"088c90c2-1dff-443f-a7d0-b8449ff5a78e","IE00BYX8XC17","iShares MSCI Japan SRI UCITS ETF USD (Acc)","iShares","IE","Physical (Full replication)","0.200","656855192","MSCI Japan SRI Select Reduced Fossil Fuel Index (USD)","USD",NULL,"2026-09-07 20:18:36.181672","2026-09-07 20:18:36.181672","Accumulating","Equities","Art. 8","2017-03-06",NULL,NULL,"iShares"
"94eb6613-b80a-44db-9904-e861ef859224","IE00B3D07J53","iShares Emerging Markets Index Fund (IE) Inst Dist EUR","iShares","IE",NULL,"0.320","9737027967","MSCI Emerging Markets, Net Returns (EUR)","EUR",NULL,"2026-09-07 20:18:36.181673","2026-09-07 20:18:36.181673","Distributing","Equities","Andere","2010-09-08",NULL,NULL,"iShares"
"f305d3bb-eee6-4ae8-98bf-a6cc1f3f0ba2","IE00B3D07F16","iShares Emerging Markets Index Fund (IE) Inst Acc EUR","iShares","IE",NULL,"0.320","9737027967","MSCI Emerging Markets, Net Returns (EUR)","EUR",NULL,"2026-09-07 20:18:36.181674","2026-09-07 20:18:36.181674","Accumulating","Equities","Andere","2009-07-23",NULL,NULL,"iShares"
"c3e23940-cfde-45ff-bfbb-5fbc3d22ddac","IE00BD0DT685","iShares Green Bond Index Fund (IE) Flex Hedged Acc EUR","iShares","IE",NULL,"0.050","993765645","BBG MSCI Global Green Bond Index (EUR)","EUR",NULL,"2026-09-07 20:18:36.181676","2026-09-07 20:18:36.181676","Accumulating","Obligationen","Art. 9","2017-03-16",NULL,NULL,"iShares"
"f5b9ec2b-9068-4bf4-b57d-47eebde72be7","IE00B39J2W40","iShares North America Index Fund (IE) Flex Dist EUR","iShares","IE",NULL,"0.020","3232225652","MSCI Daily Net TR North America (EUR)","EUR",NULL,"2026-09-07 20:18:36.181677","2026-09-07 20:18:36.181677","Distributing","Equities","Andere","2008-06-17",NULL,NULL,"iShares"
"ceba12a3-2a00-491c-b0d8-da28b2e19873","IE00B62WG306","iShares Developed World Index Fund (IE) Inst Acc USD","iShares","IE",NULL,"0.160","30285255874","MSCI World Net TR Index","USD",NULL,"2026-09-07 20:18:36.181678","2026-09-07 20:18:36.181678","Accumulating","Equities","Andere","2011-01-27",NULL,NULL,"iShares"
"46c4dcf4-d441-424b-abcd-f13a5ac74b08","IE00B3D07S45","iShares Emerging Markets Index Fund (IE) Flex Dist GBP","iShares","IE",NULL,"0.070","9737027967","MSCI Emerging Markets Index (GBP)","GBP",NULL,"2026-09-07 20:18:36.181679","2026-09-07 20:18:36.18168","Distributing","Equities","Andere","2010-03-11",NULL,NULL,"iShares"
"0af97b83-35f1-4a50-b294-885256c7c6c3","IE00B3D07L75","iShares Emerging Markets Index Fund (IE) Inst Dist GBP","iShares","IE",NULL,"0.320","9737027967","MSCI Emerging Markets Index (GBP)","GBP",NULL,"2026-09-07 20:18:36.181681","2026-09-07 20:18:36.181681","Distributing","Equities","Andere","2009-11-10",NULL,NULL,"iShares"
"0f75a847-c5c8-44c3-9d70-f056f1e5d0fe","IE00B3D07P14","iShares Emerging Markets Index Fund (IE) Flex Acc GBP","iShares","IE",NULL,"0.070","9737027967","MSCI Emerging Markets Index (GBP)","GBP",NULL,"2026-09-07 20:18:36.181682","2026-09-07 20:18:36.181682","Accumulating","Equities","Andere","2009-03-25",NULL,NULL,"iShares"
"b4b145ab-7761-4646-9ae9-ac444fb48566","IE00B3D07H30","iShares Emerging Markets Index Fund (IE) Inst Acc GBP","iShares","IE",NULL,"0.320","9737027967","MSCI Emerging Markets Index (GBP)","GBP",NULL,"2026-09-07 20:18:36.181684","2026-09-07 20:18:36.181684","Accumulating","Equities","Andere","2009-07-09",NULL,NULL,"iShares"
"ac8b6ac6-a010-4278-a084-0074e7e08ce5","IE00BD0DT792","iShares Green Bond Index Fund (IE) Inst Hedged Acc EUR","iShares","IE",NULL,"0.210","993765645","BBG MSCI Global Green Bond Index (EUR)","EUR",NULL,"2026-09-07 20:18:36.181685","2026-09-07 20:18:36.181685","Accumulating","Obligationen","Art. 9","2017-03-16",NULL,NULL,"iShares"
"36ac7aea-15f0-411b-a876-f60fa81475d0","IE00B39J2X56","iShares Japan Index Fund (IE) Flex Dist EUR","iShares","IE",NULL,"0.030","2159007140","MSCI Developed - Japan Net EUR Index (EUR)","EUR",NULL,"2026-09-07 20:18:36.181686","2026-09-07 20:18:36.181686","Distributing","Equities","Andere","2009-05-12",NULL,NULL,"iShares"
"716dc147-843c-4125-b3ed-48f5a9ad4051","IE000FZW9C08","iShares Europe ex-UK Index Fund (IE) S Accumulation GBP Hedged","iShares","IE",NULL,"0.100","2985931908","MSCI Europe ex UK Net Return Index (EUR)","GBP",NULL,"2026-09-07 20:18:36.181688","2026-09-07 20:18:36.181688","Accumulating","Equities","Andere","2024-09-09",NULL,NULL,"iShares"
"92cfd4b6-89ce-43b9-ab49-fd0cc3275dc8","IE0000M1O857","iShares Emerging Markets Government Bond Index Fund (IE) S Accumulation EUR Hedged","iShares","IE",NULL,"0.170","3567595822","JPM Emerging Markets Bond Index Global Diversified Custom Defaults","EUR",NULL,"2026-09-07 20:18:36.181689","2026-09-07 20:18:36.181689","Accumulating","Obligationen","Andere","2024-09-09",NULL,NULL,"iShares"
"5fec81d7-b1ad-4322-a471-34a69c7c5821","IE00BYVJRP78","iShares MSCI EM SRI UCITS ETF USD (Acc)","iShares","IE","Physical (Full replication)","0.250","3869313524","MSCI EM SRI SELECT REDUCED FOSSIL FUEL NET Index (USD)","USD",NULL,"2026-09-07 20:18:36.18169","2026-09-07 20:18:36.18169","Accumulating","Equities","Art. 8","2016-07-11",NULL,NULL,"iShares"
"ac45d9fb-97c3-4348-9942-19cbc3e9ea75","IE000J7IEZK4","iShares Europe ex-UK Index Fund (IE) S Accumulation EUR","iShares","IE",NULL,"0.080","2999387882","MSCI Europe ex UK Net Return Index (EUR)","EUR",NULL,"2026-09-07 20:18:36.181692","2026-09-07 20:18:36.181692","Accumulating","Equities","Andere","2024-09-09",NULL,NULL,"iShares"
"17dc2532-7ad0-4b1b-96c3-f60507c8f6eb","IE00BCLWRB83","iShares $ Corp Bond Interest Rate Hedged UCITS ETF USD (Dist)","iShares","IE","Sampling","0.250","224466480","IBOXX US Dollar Liquid Investment Grade IR Hedged Index (USD)","USD",NULL,"2026-09-07 20:18:36.181693","2026-09-07 20:18:36.181693","Distributing","Obligationen","Andere","2013-09-19",NULL,NULL,"iShares"
"bf5dcbe2-e9c5-4aa2-aa22-9f169b79eee9","IE00B3B2KQ14","iShares EMU Index Fund (IE) Flex Acc EUR","iShares","IE",NULL,"0.190","92603983","MSCI EMU Net TR Index (EUR)","EUR",NULL,"2026-09-07 20:18:36.181694","2026-09-07 20:18:36.181694","Accumulating","Equities","Andere","2008-08-18",NULL,NULL,"iShares"
"aeb4a609-8fe2-4029-81d5-7cb028091c80","LU0875157702","iShares World Equity Index Fund (LU) Class D2 EUR","iShares","LU",NULL,"0.220","5094713775","MSCI WORLD Net EUR ( custom 4pm LUX ) (EUR)","EUR",NULL,"2026-09-07 20:18:36.181695","2026-09-07 20:18:36.181695","Accumulating","Equities","Andere","2013-01-16",NULL,NULL,"iShares"
"d6c53931-928b-4312-b548-235c6696d884","IE000HOCKMW8","iShares Emerging Markets Government Bond Index Fund (IE) S Accumulation GBP Hedged","iShares","IE",NULL,"0.170","3567595822","JPM Emerging Markets Bond Index Global Diversified Custom Defaults","GBP",NULL,"2026-09-07 20:18:36.181697","2026-09-07 20:18:36.181697","Accumulating","Obligationen","Andere","2024-09-09",NULL,NULL,"iShares"
"c5e50eca-4965-41f3-9ab7-954676899953","IE000SE6KPV2","iShares € Corp Bond ESG Paris-Aligned Climate UCITS ETF EUR (Acc)","iShares","IE","Sampling","0.150","1071502745","Bloomberg MSCI Euro Corporate Climate Paris-Aligned ESG Select Index (PAB)","EUR",NULL,"2026-09-07 20:18:36.181698","2026-09-07 20:18:36.181698","Accumulating","Obligationen","Art. 8","2022-06-09",NULL,NULL,"iShares"
"80f52bfd-7927-4776-a73e-c68183767dca","IE00BYQQ1F19","iShares US Index Fund (IE) Flex Dist USD","iShares","IE",NULL,"0.020","3857168912","S&P 500 Index","USD",NULL,"2026-09-07 20:18:36.181699","2026-09-07 20:18:36.1817","Distributing","Equities","Andere","2016-07-26",NULL,NULL,"iShares"
"55ed9ba3-d4d3-4ef0-a724-78809a2bdf3e","IE00BYQQ0Z40","iShares US Corporate Bond Index Fund (IE) Flex Dist USD","iShares","IE",NULL,"0.030","1394332040","FTSE Euro Dollar Bond Index (USD)","USD",NULL,"2026-09-07 20:18:36.181701","2026-09-07 20:18:36.181701","Distributing","Obligationen","Andere","2016-07-26",NULL,NULL,"iShares"
"3ec97634-f589-45ed-9b93-bfe394ebd8ff","IE00BMWB9302","iShares $ Ultrashort Bond UCITS ETF MXN Hedged (Acc)","iShares","IE","Sampling","0.120","2728405147","iBoxx USD Liquid Investment Grade Ultrashort Index (USD)","MXN",NULL,"2026-09-07 20:18:36.181702","2026-09-07 20:18:36.181702","Accumulating","Obligationen","Andere","2020-12-15",NULL,NULL,"iShares"
"5dd5fbaf-ffb1-421a-bf82-7dcdefa11103","IE00B61BMR49","iShares Developed World Index Fund (IE) Flex Acc GBP","iShares","IE",NULL,"0.010","30362720870","MSCI World NET TR in GBP Index (GBP)","GBP",NULL,"2026-09-07 20:18:36.181703","2026-09-07 20:18:36.181703","Accumulating","Equities","Andere","2012-04-16",NULL,NULL,"iShares"
"8a64ad9e-250b-485c-afb2-60b8a447876b","IE00B4K9F548","iShares Europe Index Fund (IE) Inst Acc EUR","iShares","IE",NULL,"0.270","214686137","MSCI Europe Index","EUR",NULL,"2026-09-07 20:18:36.181704","2026-09-07 20:18:36.181704","Accumulating","Equities","Andere","2012-03-29",NULL,NULL,"iShares"
"42027910-1245-44a1-a56e-d59f632919ea","CH0244028970","iShares World ex Switzerland Equity Index Fund (CH) Class X1 CHF","iShares","CH",NULL,"0.020","1145816313","MSCI Developed World ex Switzerland Net Index (CHF)","CHF",NULL,"2026-09-07 20:18:36.181706","2026-09-07 20:18:36.181706","Accumulating","Equities",NULL,"2015-01-29",NULL,NULL,"iShares"
"1b1d8b84-4c2c-4970-9606-0fd92278e0d5","CH0244037112","iShares World ex Switzerland Small Cap Screened Equity Index Fund (CH) Class X0 N CHF","iShares","CH",NULL,"0.030","1332133546","MSCI World ex Switzerland Small Cap ESG Screened ex Select Index CHF Net (C","CHF",NULL,"2026-09-07 20:18:36.181707","2026-09-07 20:18:36.181707","Accumulating","Equities",NULL,"2015-01-29",NULL,NULL,"iShares"
"4d88a6df-2267-44be-b40a-d7b177534882","IE00BMWB9419","iShares US Mortgage Backed Securities UCITS ETF MXN Hedged (Acc)","iShares","IE","Sampling","0.300","3919882741","Bloomberg U.S. MBS Index","MXN",NULL,"2026-09-07 20:18:36.181708","2026-09-07 20:18:36.181709","Accumulating","Obligationen","Andere","2020-12-15",NULL,NULL,"iShares"
"2560a4fb-a802-4571-ae3a-e90467aed5f0","IE000F9IDGB5","iShares MSCI World Swap UCITS ETF USD (Acc)","iShares","IE","Swap","0.120","2405099164","MSCI World Net TR Index","USD",NULL,"2026-09-07 20:18:36.18171","2026-09-07 20:18:36.18171","Accumulating","Equities","Andere","2024-03-13",NULL,NULL,"iShares"
"81d491ce-dbc3-428a-b2cd-7be0f99b8efd","IE00BMWB9633","iShares $ Treasury Bond 3-7yr UCITS ETF MXN Hedged (Acc)","iShares","IE","Sampling","0.100","10802843440","ICE U.S. Treasury 3-7 Year Bond Index","MXN",NULL,"2026-09-07 20:18:36.181711","2026-09-07 20:18:36.181711","Accumulating","Obligationen","Andere","2020-12-15",NULL,NULL,"iShares"
"d53d57a6-d898-4ac5-8dbd-d35298fe03f2","IE00BMWB9294","iShares $ Treasury Bond 7-10yr UCITS ETF MXN Hedged (Acc)","iShares","IE","Sampling","0.100","7526105495","ICE U.S. Treasury 7-10 Year Bond Index","MXN",NULL,"2026-09-07 20:18:36.181712","2026-09-07 20:18:36.181712","Accumulating","Obligationen","Andere","2020-12-15",NULL,NULL,"iShares"
"d426e964-c0c0-433f-abaf-fecaa8d6f912","IE00BMWB9526","iShares $ Treasury Bond 20+yr UCITS ETF MXN Hedged (Acc)","iShares","IE","Sampling","0.100","6029286059","ICE U.S. Treasury 20+ Year Bond Index","MXN",NULL,"2026-09-07 20:18:36.181714","2026-09-07 20:18:36.181714","Accumulating","Obligationen","Andere","2020-12-15",NULL,NULL,"iShares"
"993c6d51-bebd-4d73-8fb8-b748f3efade2","IE00B87RLX93","iShares € Corp Bond Financials UCITS ETF EUR (Dist)","iShares","IE","Sampling","0.200","494663186","BBG Euro Aggregate Financials","EUR",NULL,"2026-09-07 20:18:36.181715","2026-09-07 20:18:36.181715","Distributing","Obligationen","Andere","2013-05-07",NULL,NULL,"iShares"
"748a29c8-6ca0-45b3-b07b-dba9032b3b92","IE00076HZIP3","iShares iBonds Dec 2029 Term $ Treasury UCITS ETF USD (Dist)","iShares","IE","Sampling","0.100","18272786","ICE 2029 Maturity US Treasury UCITS (G29U) Index","USD",NULL,"2026-09-07 20:18:36.181717","2026-09-07 20:18:36.181717","Distributing","Obligationen","Andere","2024-04-23",NULL,NULL,"iShares"
"8b68bdc8-1fc0-4c10-9eca-ec5927887f71","IE0009N6IG93","iShares GiltTrak Index Fund (IE) Flexible Sterling Accumulating High Denomination GBP","iShares","IE",NULL,"0.030","645455695","FTSE Actuaries UK Conventional Gilts All Stocks Index (GBP)","GBP",NULL,"2026-09-07 20:18:36.181718","2026-09-07 20:18:36.181718","Accumulating","Obligationen","Andere","2023-03-31",NULL,NULL,"iShares"
"32ca3e86-9cf8-4d4e-bd8d-c43a06d3cf59","IE000SBJO6L2","iShares iBonds Dec 2034 Term € Corp UCITS ETF EUR (Dist)","iShares","IE","Sampling","0.120","148101064","Bloomberg MSCI December 2034 Maturity EUR Corporate ESG Screened Index","EUR",NULL,"2026-09-07 20:18:36.181719","2026-09-07 20:18:36.181719","Distributing","Obligationen","Art. 8","2024-11-05",NULL,NULL,"iShares"
"9bc492ce-bf0b-43fa-a052-e080c0fe49f3","IE000UY6XF65","iShares iBonds Dec 2034 Term € Corp UCITS ETF EUR (Acc)","iShares","IE","Sampling","0.120","148101064","Bloomberg MSCI December 2034 Maturity EUR Corporate ESG Screened Index","EUR",NULL,"2026-09-07 20:18:36.18172","2026-09-07 20:18:36.181721","Accumulating","Obligationen","Art. 8","2024-11-05",NULL,NULL,"iShares"
"c87b423e-318d-4ce9-afbb-65e8fe556503","IE000E0NL9T3","iShares iBonds Dec 2033 Term € Corp UCITS ETF EUR (Dist)","iShares","IE","Sampling","0.120","119752195","Bloomberg MSCI December 2033 Maturity EUR Corporate ESG Screened Index","EUR",NULL,"2026-09-07 20:18:36.181722","2026-09-07 20:18:36.181722","Distributing","Obligationen","Art. 8","2024-11-05",NULL,NULL,"iShares"
"a440db23-d868-4b09-9db2-53a4503bbdc3","IE000BZXJJ24","iShares iBonds Dec 2030 Term $ Corp UCITS ETF USD (Dist)","iShares","IE","Sampling","0.120","704846502","Bloomberg MSCI December 2030 Maturity USD Corporate ESG Screened Index","USD",NULL,"2026-09-07 20:18:36.181723","2026-09-07 20:18:36.181723","Distributing","Obligationen","Art. 8","2024-05-09",NULL,NULL,"iShares"
"224fc8cf-7365-4da8-98a0-316b1eb3a954","IE000LETV955","iShares iBonds Dec 2033 Term $ Corp UCITS ETF USD (Dist)","iShares","IE","Sampling","0.120","90193064","Bloomberg MSCI December 2033 Maturity USD Corporate ESG Screened Index","USD",NULL,"2026-09-07 20:18:36.181724","2026-09-07 20:18:36.181725","Distributing","Obligationen","Art. 8","2024-11-05",NULL,NULL,"iShares"
"45f73561-3c0f-46d1-bb3a-6fa6366f2b4b","IE000K44CW70","iShares iBonds Dec 2033 Term $ Corp UCITS ETF USD (Acc)","iShares","IE","Sampling","0.120","90193064","Bloomberg MSCI December 2033 Maturity USD Corporate ESG Screened Index","USD",NULL,"2026-09-07 20:18:36.181726","2026-09-07 20:18:36.181726","Accumulating","Obligationen","Art. 8","2024-11-05",NULL,NULL,"iShares"
"059a7827-5751-43d9-aa26-2376b29dcc5a","IE0006UGU3X3","iShares iBonds Dec 2027 Term $ Treasury UCITS ETF USD (Dist)","iShares","IE","Sampling","0.100","37051592","ICE 2027 Maturity US Treasury UCITS (G27U) Index","USD",NULL,"2026-09-07 20:18:36.181727","2026-09-07 20:18:36.181727","Distributing","Obligationen","Andere","2024-04-23",NULL,NULL,"iShares"
"1b293214-dba5-4a20-b7f6-3abf493c37f9","IE000ZBGZQM8","iShares iBonds Dec 2033 Term € Corp UCITS ETF EUR (Acc)","iShares","IE","Sampling","0.120","119752195","Bloomberg MSCI December 2033 Maturity EUR Corporate ESG Screened Index","EUR",NULL,"2026-09-07 20:18:36.181728","2026-09-07 20:18:36.181729","Accumulating","Obligationen","Art. 8","2024-11-05",NULL,NULL,"iShares"
"a3d8f3d8-62b7-4c00-881e-bb210477744d","IE000LX17BP9","iShares iBonds Dec 2030 Term € Corp UCITS ETF EUR (Dist)","iShares","IE","Sampling","0.120","1159726333","BBG MSCI Dec 2030 Maturity EUR Corporate ESG Screened Index","EUR",NULL,"2026-09-07 20:18:36.18173","2026-09-07 20:18:36.18173","Distributing","Obligationen","Art. 8","2024-05-09",NULL,NULL,"iShares"
"f43d5fc7-123c-4096-954f-5e88e600a539","IE000Y247W99","iShares iBonds Dec 2029 Term $ Corp UCITS ETF USD (Dist)","iShares","IE","Sampling","0.120","659580703","BBG MSCI Dec 2029 Maturity USD Corporate ESG Screened Index","USD",NULL,"2026-09-07 20:18:36.181731","2026-09-07 20:18:36.181731","Distributing","Obligationen","Art. 8","2024-05-09",NULL,NULL,"iShares"
"1a46f7be-e7bb-4b57-badc-5dbfce58de93","IE000IHURBR0","iShares iBonds Dec 2029 Term € Corp UCITS ETF EUR (Dist)","iShares","IE","Sampling","0.120","950768392","BBG MSCI Dec 2029 Maturity EUR Corporate ESG Screened Index","EUR",NULL,"2026-09-07 20:18:36.181732","2026-09-07 20:18:36.181733","Distributing","Obligationen","Art. 8","2024-05-09",NULL,NULL,"iShares"
"8a99722f-e9b9-4ada-ab86-ef5dd6e85d0f","IE00BFM15T99","iShares Core MSCI Japan IMI UCITS ETF USD (Dist)","iShares","IE","Physical (Sampling)","0.120","8875737033","MSCI Japan Investable Market Net Index (USD)","USD",NULL,"2026-09-07 20:18:36.181734","2026-09-07 20:18:36.181734","Distributing","Equities","Andere","2018-12-06",NULL,NULL,"iShares"
"40c4873c-9c8e-4065-94f4-8a296e619ba1","IE00BGDQ0V72","iShares MSCI Japan SRI UCITS ETF USD (Dist)","iShares","IE","Physical (Full replication)","0.200","656855192","MSCI Japan SRI Select Reduced Fossil Fuel Index (USD)","USD",NULL,"2026-09-07 20:18:36.181735","2026-09-07 20:18:36.181735","Distributing","Equities","Art. 8","2018-12-06",NULL,NULL,"iShares"
"06039e80-bcc9-4277-a4b1-9feacee48282","IE00BGDPWW94","iShares MSCI Europe SRI UCITS ETF EUR (Dist)","iShares","IE","Physical (Full replication)","0.200","3312401796","MSCI EUROPE SRI SELECT REDUCED FOSSIL FUEL NET Index (EUR)","EUR",NULL,"2026-09-07 20:18:36.181736","2026-09-07 20:18:36.181737","Distributing","Equities","Art. 8","2018-12-06",NULL,NULL,"iShares"
"3de62457-341f-44c9-bd7d-d077b47af33b","LU0839962346","iShares World Equity Index Fund (LU) Class X2 EUR","iShares","LU",NULL,"0.040","5094713775","MSCI WORLD Net EUR ( custom 4pm LUX ) (EUR)","EUR",NULL,"2026-09-07 20:18:36.181738","2026-09-07 20:18:36.181738","Accumulating","Equities","Andere","2013-04-17",NULL,NULL,"iShares"
"875e3fe6-d21e-408e-83d9-14ce2819e437","LU0914706592","iShares Emerging Markets Equity Index Fund (LU) Class X2 EUR","iShares","LU",NULL,"0.110","478211067","MSCI EM Net EUR ( custom 4pm LUX ) (EUR)","EUR",NULL,"2026-09-07 20:18:36.18174","2026-09-07 20:18:36.18174","Accumulating","Equities","Andere","2013-04-17",NULL,NULL,"iShares"
"b267e91b-4ab6-4d9a-a75f-3321c2f724ae","IE00BZ173T46","iShares MSCI USA SRI UCITS ETF USD (Dist)","iShares","IE","Physical (Full replication)","0.200","4171619073","MSCI USA SRI SELECT REDUCED FOSSIL FUEL NET Index (USD)","USD",NULL,"2026-09-07 20:18:36.181741","2026-09-07 20:18:36.181741","Distributing","Equities","Art. 8","2018-12-06",NULL,NULL,"iShares"
"962a5ee4-96d4-4165-a4f2-8131e655afbf","IE00BMWPV587","iShares € High Yield Corp Bond ESG SRI UCITS ETF CHF Hedged (Acc)","iShares","IE","Sampling","0.270","3925637008","Bloomberg MSCI Euro Corporate High Yield ESG SRI Bond Index (EUR)","CHF",NULL,"2026-09-07 20:18:36.181742","2026-09-07 20:18:36.181742","Accumulating","Obligationen","Art. 8","2021-05-21",NULL,NULL,"iShares"
"d699ca77-191a-44ec-9f7e-e6c9bdd83353","IE00BMWPV694","iShares $ High Yield Corp Bond ESG SRI UCITS ETF CHF Hedged (Acc)","iShares","IE","Sampling","0.270","1953753186","Bloomberg MSCI US Corporate High Yield ESG SRI Bond Index (USD)","CHF",NULL,"2026-09-07 20:18:36.181743","2026-09-07 20:18:36.181743","Accumulating","Obligationen","Art. 8","2021-05-21",NULL,NULL,"iShares"
"153d1060-8563-46fa-aa3d-401ee1ddbbf3","IE00BD8KRH84","iShares Core S&P 500 UCITS ETF GBP Hedged (Dist)","iShares","IE","Physical Replication","0.100","160372605138","S&P 500 Index","GBP",NULL,"2026-09-07 20:18:36.181744","2026-09-07 20:18:36.181745","Distributing","Equities","Andere","2018-07-03",NULL,NULL,"iShares"
"c0c60db8-127b-4b2a-be9e-828361e1586f","IE00BYZ8K068","iShares Developed World Screened Index Fund (IE) D Dist GBP","iShares","IE",NULL,"0.150","5245083610","MSCI WORLD ESG SCREENED - Net GBP (GBP)","GBP",NULL,"2026-09-07 20:18:36.181746","2026-09-07 20:18:36.181746","Distributing","Equities","Art. 8","2017-06-23",NULL,NULL,"iShares"
"4f799761-3629-498f-a677-6502b2850db9","IE00BYZ8K175","iShares Developed World Screened Index Fund (IE) D Acc USD","iShares","IE",NULL,"0.150","5245083610","MSCI World Screened Index","USD",NULL,"2026-09-07 20:18:36.181747","2026-09-07 20:18:36.181747","Accumulating","Equities","Art. 8","2017-06-23",NULL,NULL,"iShares"
"90cecf88-cb15-4d62-b39c-c9a1c064a5b6","IE00BJ5JPH63","iShares J.P. Morgan $ EM Bond UCITS ETF EUR Hedged (Acc)","iShares","IE","Sampling","0.500","8430678510","J.P. Morgan Emerging Markets Bond Index Global Diversified Core","EUR",NULL,"2026-09-07 20:18:36.181749","2026-09-07 20:18:36.181749","Accumulating","Obligationen","Andere","2019-04-26",NULL,NULL,"iShares"
"ddc9fef0-a5f4-42bb-b61f-9807a4e293bc","IE00BJ5JMP33","iShares $ Treasury Bond 0-1yr UCITS ETF MXN Hedged (Acc)","iShares","IE","Sampling","0.100","27597425876","ICE U.S. Treasury Short Bond Index (USD)","MXN",NULL,"2026-09-07 20:18:36.18175","2026-09-07 20:18:36.18175","Accumulating","Obligationen","Andere","2019-05-16",NULL,NULL,"iShares"
"c54ba60d-581f-4638-b6ff-7e79c2531398","IE0009VWHAE6","iShares US Equity Enhanced Active UCITS ETF USD (Acc)","iShares","IE",NULL,"0.200","1806371770","MSCI USA Index","USD",NULL,"2026-09-07 20:18:36.181751","2026-09-07 20:18:36.181752","Accumulating","Equities","Art. 8","2024-07-31",NULL,NULL,"iShares"
"19c58e51-ca3c-42ac-88d0-890b81a4376d","IE000D5R9C23","iShares Asia ex Japan Equity Enhanced Active UCITS ETF USD (Acc)","iShares","IE",NULL,"0.300","107455405","MSCI AC Asia ex Japan Index (Net)","USD",NULL,"2026-09-07 20:18:36.181753","2026-09-07 20:18:36.181753","Accumulating","Equities","Art. 8","2024-07-31",NULL,NULL,"iShares"
"a6c5f35d-c8a8-4c1a-b2a7-c1c793f43522","IE000D8XC064","iShares World Equity Enhanced Active UCITS ETF USD (Acc)","iShares","IE",NULL,"0.300","2349640592","MSCI World Net TR Index","USD",NULL,"2026-09-07 20:18:36.181754","2026-09-07 20:18:36.181754","Accumulating","Equities","Art. 8","2024-07-31",NULL,NULL,"iShares"
"21f11724-a71c-4e3c-a451-7e8de56183c3","CH0244057342","iShares Emerging Markets Equity Index Fund (CH) Class X N CHF","iShares","CH",NULL,"0.060","134331619","MSCI Emerging Markets - Net Index (CHF)","CHF",NULL,"2026-09-07 20:18:36.181755","2026-09-07 20:18:36.181756","Accumulating","Equities",NULL,"2015-01-29",NULL,NULL,"iShares"
"214cb826-5a3b-4d29-a9f5-6a7e9bf1563e","IE00BF11F458","iShares $ Floating Rate Bond UCITS ETF EUR Hedged (Dist)","iShares","IE","Sampling","0.120","5338171355","Bloomberg US Floating Rate Note<5 Years Index","EUR",NULL,"2026-09-07 20:18:36.181757","2026-09-07 20:18:36.181757","Distributing","Obligationen","Andere","2017-08-08",NULL,NULL,"iShares"
"dc962aeb-7fb6-46f0-84cd-e1bafc7883b1","IE00BD575G75","iShares North America Index Fund (IE) Class D Acc EUR","iShares","IE",NULL,"0.080","3232225652","MSCI Daily Net TR North America (EUR)","EUR",NULL,"2026-09-07 20:18:36.181758","2026-09-07 20:18:36.181758","Accumulating","Equities","Andere","2016-06-28",NULL,NULL,"iShares"
"bcab8093-dadc-4e9f-b4a8-7237a104723c","IE00000EF730","iShares Europe Equity Enhanced Active UCITS ETF EUR (Acc)","iShares","IE",NULL,"0.250","661359840","MSCI Europe Index","EUR",NULL,"2026-09-07 20:18:36.181759","2026-09-07 20:18:36.181759","Accumulating","Equities","Art. 8","2024-07-31",NULL,NULL,"iShares"
"11a17545-064d-49a3-8345-7aaf3c607a63","IE000OVF8Q66","iShares Emerging Markets Equity Enhanced Active UCITS ETF USD (Acc)","iShares","IE",NULL,"0.300","1721803253","MSCI Emerging Markets Index (Net)","USD",NULL,"2026-09-07 20:18:36.18176","2026-09-07 20:18:36.181761","Accumulating","Equities","Art. 8","2024-07-31",NULL,NULL,"iShares"
"76ef67be-d089-4ad1-967b-fe17864e6154","IE00BF3N6Z78","iShares Global Corp Bond UCITS ETF USD Hedged (Acc)","iShares","IE","Sampling","0.250","4297377323","BBG Global Aggregate Corporate Index (USD)","USD",NULL,"2026-09-07 20:18:36.181762","2026-09-07 20:18:36.181762","Accumulating","Obligationen","Andere","2017-08-09",NULL,NULL,"iShares"
"d5e18ff6-8a14-4ca4-9c1c-2459b1ab6938","IE000RC18FG8","iShares iBonds Dec 2034 Term $ Corp UCITS ETF USD (Acc)","iShares","IE","Sampling","0.120","184452135","Bloomberg MSCI December 2034 Maturity USD Corporate ESG Screened Index","USD",NULL,"2026-09-07 20:18:36.181763","2026-09-07 20:18:36.181763","Accumulating","Obligationen","Art. 8","2024-11-05",NULL,NULL,"iShares"
"24fee941-3708-46bc-b0b5-e7180df5e753","IE0005JGQ5P6","iShares Global Inflation-Linked Bond Index Fund (IE) Flexible EUR Accumulating High Denomination EUR","iShares","IE",NULL,"0.030","2387814884","BBG World Government Inflation-Linked Bond Index unhedged (EUR)","EUR",NULL,"2026-09-07 20:18:36.181764","2026-09-07 20:18:36.181765","Accumulating","Obligationen","Andere","2022-07-29",NULL,NULL,"iShares"
"b48b4fb6-d974-49c5-b53e-9360fb612629","IE00BYYR0489","iShares MSCI Saudi Arabia Capped UCITS ETF USD (Acc)","iShares","IE","Physical (Full replication)","0.600","518839589","MSCI Saudi Arabia 20/35 Index (USD)","USD",NULL,"2026-09-07 20:18:36.181766","2026-09-07 20:18:36.181766","Accumulating","Equities","Andere","2019-04-10",NULL,NULL,"iShares"
"ac2e7291-c893-4770-ac00-681d3e2e28a0","IE000VVBM1F6","iShares iBonds Dec 2034 Term $ Corp UCITS ETF USD (Dist)","iShares","IE","Sampling","0.120","184452135","Bloomberg MSCI December 2034 Maturity USD Corporate ESG Screened Index","USD",NULL,"2026-09-07 20:18:36.181767","2026-09-07 20:18:36.181767","Distributing","Obligationen","Art. 8","2024-11-05",NULL,NULL,"iShares"
"46d50133-024a-4a0a-90f2-cc29089e7157","IE00BKTLJB70","iShares Smart City Infrastructure UCITS ETF USD (Dist)","iShares","IE","Physical (Sampling)","0.400","445668440","STOXX Global Smart City Infrastructure (USD)","USD",NULL,"2026-09-07 20:18:36.181768","2026-09-07 20:18:36.181768","Distributing","Equities","Art. 8","2020-03-03",NULL,NULL,"iShares"
"0cccc53b-6154-4025-a674-bbbee7ee58c2","IE00BKTLJC87","iShares Smart City Infrastructure UCITS ETF USD (Acc)","iShares","IE","Physical (Sampling)","0.400","445668440","STOXX Global Smart City Infrastructure (USD)","USD",NULL,"2026-09-07 20:18:36.181769","2026-09-07 20:18:36.18177","Accumulating","Equities","Art. 8","2020-03-03",NULL,NULL,"iShares"
"9df80a60-334d-4248-940b-76dfe9fa6c25","DE000A0Q4R69","iShares DAX® ESG UCITS ETF (DE)","iShares","DE","Physical (Full replication)","0.120","127326013","DAX ESG Target (Net Return) (EUR)","EUR",NULL,"2026-09-07 20:18:36.181771","2026-09-07 20:18:36.181771","Accumulating","Equities","Art. 8","2021-05-18",NULL,NULL,"iShares"
"8eb7bfff-4314-417f-b5ae-331a7ee01f37","IE00BFG1TS24","iShares Developed World Screened Index Fund (IE) Inst Dist GBP","iShares","IE",NULL,"0.170","5245083610","MSCI WORLD ESG SCREENED - Net GBP (GBP)","GBP",NULL,"2026-09-07 20:18:36.181772","2026-09-07 20:18:36.181772","Distributing","Equities","Art. 8","2014-01-10",NULL,NULL,"iShares"
"a1686e6e-1a64-4f24-82cb-74da8fc39dca","LU1435395394","iShares Emerging Markets Government Bond Index Fund (LU) Class X2 EUR","iShares","LU",NULL,"0.040","1779515126","JPM Emerging Markets Bond Index Global Diversified Custom Defaults - EUR","EUR",NULL,"2026-09-07 20:18:36.181774","2026-09-07 20:18:36.181774","Accumulating","Obligationen","Andere","2016-06-22",NULL,NULL,"iShares"
"31f8ebf7-3622-4dbb-aa4d-94e31b8cb1e5","IE00BFG1TL54","iShares Developed World Screened Index Fund (IE) Flex Dist GBP","iShares","IE",NULL,"0.010","5161921582","MSCI WORLD ESG SCREENED - Net GBP (GBP)","GBP",NULL,"2026-09-07 20:18:36.181775","2026-09-07 20:18:36.181775","Distributing","Equities","Art. 8","2014-01-10",NULL,NULL,"iShares"
"6f67e573-035b-461b-981f-d6953ba5247e","IE00BJN4RJ97","iShares Screened Global Corporate Bond Index Fund (IE) Q Acc EUR Hedged","iShares","IE",NULL,"0.100","4398006983","BBG Global Aggregate Corporate Index (USD)","EUR",NULL,"2026-09-07 20:18:36.181776","2026-09-07 20:18:36.181776","Accumulating","Obligationen","Art. 8","2020-04-27",NULL,NULL,"iShares"
"4aee5b62-87fc-493b-bd64-89505ce1348f","IE00BJN4RG66","iShares Screened Global Corporate Bond Index Fund (IE) D Acc EUR Hedged","iShares","IE",NULL,"0.140","4385817539","BBG Global Aggregate Corporate Index (USD)","EUR",NULL,"2026-09-07 20:18:36.181777","2026-09-07 20:18:36.181777","Accumulating","Obligationen","Art. 8","2020-02-12",NULL,NULL,"iShares"
"bc561b07-4e81-429d-b18d-34b0702870fc","IE00BL1GW748","iShares Japan Index Fund (IE) Inst Dist JPY","iShares","IE",NULL,"0.180","2159007140","MSCI Japan Index (JPY)","JPY",NULL,"2026-09-07 20:18:36.181779","2026-09-07 20:18:36.181779","Distributing","Equities","Andere","2020-02-25",NULL,NULL,"iShares"
"70841d94-9ecb-4b34-bcd6-04b88b5cfe82","IE00BL1GW631","iShares UK Index Fund (IE) Inst Dist GBP","iShares","IE",NULL,"0.180","820015006","MSCI Developed - United Kingdom Net Returns (GBP)","GBP",NULL,"2026-09-07 20:18:36.18178","2026-09-07 20:18:36.18178","Distributing","Equities","Andere","2020-02-25",NULL,NULL,"iShares"
"f64d05c9-1037-4029-9ee7-3d04e3c5bd2c","IE0009Y1MQJ2","iShares World Equity Factor Rotation Active UCITS ETF USD (Acc)","iShares","IE",NULL,"0.300","259637290","MSCI World Net TR Index","USD",NULL,"2026-09-07 20:18:36.181781","2026-09-07 20:18:36.181781","Accumulating","Equities","Art. 8","2025-01-16",NULL,NULL,"iShares"
"06b7fad1-0f09-45a0-acfc-264f629709ce","IE00BL6K8D99","iShares MSCI EMU Paris-Aligned Climate UCITS ETF EUR (Acc)","iShares","IE","Physical (Full replication)","0.150","2226985943","MSCI EMU CLIMATE PARIS ALIGNED BENCHMARK SELECT PAB INDEX (EUR)","EUR",NULL,"2026-09-07 20:18:36.181782","2026-09-07 20:18:36.181783","Accumulating","Equities","Art. 8","2021-07-27",NULL,NULL,"iShares"
"5ff3d73f-6a75-4d2b-ace8-6b2d09a8153d","IE00BMGNVD65","iShares Core Global Aggregate Bond UCITS ETF USD Hedged (Dist)","iShares","IE","Sampling","0.100","14365032104","Bloomberg Global Aggregate Bond Index","USD",NULL,"2026-09-07 20:18:36.181784","2026-09-07 20:18:36.181784","Distributing","Obligationen","Andere","2020-07-13",NULL,NULL,"iShares"
"db3c9ffd-c8f4-47b7-aa2e-98cedbcd0094","IE00BJN4RF59","iShares Screened Global Corporate Bond Index Fund (IE) D Dist GBP Hedged","iShares","IE",NULL,"0.140","4398006983","BBG Global Aggregate Corporate Index (USD)","GBP",NULL,"2026-09-07 20:18:36.181785","2026-09-07 20:18:36.181785","Distributing","Obligationen","Art. 8","2020-02-12",NULL,NULL,"iShares"
"34dda7d0-0fe4-4b60-a822-439fd1646f2f","IE00BJN4S634","iShares Screened Global Corporate Bond Index Fund (IE) Flex Acc GBP Hedged","iShares","IE",NULL,"0.030","4398006983","BBG Global Aggregate Corporate Index (USD)","GBP",NULL,"2026-09-07 20:18:36.181786","2026-09-07 20:18:36.181787","Accumulating","Obligationen","Art. 8","2020-11-24",NULL,NULL,"iShares"
"66fd46d2-511b-4d98-85b9-7aa4a750e8af","IE00BHZRKF90","iShares Emerging Markets Government Bond Index Fund (IE) Flexible Distributing USD","iShares","IE",NULL,"0.030","3567595822","JPM Emerging Markets Bond Index Global Diversified Custom Defaults","USD",NULL,"2026-09-07 20:18:36.181788","2026-09-07 20:18:36.181788","Distributing","Obligationen","Andere","2019-05-24",NULL,NULL,"iShares"
"32411c9d-2521-42ad-97f8-c23125313c45","IE00BJN4RH73","iShares Screened Global Corporate Bond Index Fund (IE) Inst Acc USD","iShares","IE",NULL,"0.150","4398006983","BBG Global Aggregate Corporate Index (USD)","USD",NULL,"2026-09-07 20:18:36.181789","2026-09-07 20:18:36.181789","Accumulating","Obligationen","Art. 8","2020-02-12",NULL,NULL,"iShares"
"fa267785-b664-4b09-b68d-3a1c4782b93e","IE00BL1GW524","iShares UK Index Fund (IE) D Acc EUR","iShares","IE",NULL,"0.070","820015006","MSCI Developed - United Kingdom Net (EUR)","EUR",NULL,"2026-09-07 20:18:36.18179","2026-09-07 20:18:36.18179","Accumulating","Equities","Andere","2020-05-18",NULL,NULL,"iShares"
"a8d2cf18-2db5-46e5-8cff-df22ae8494cc","IE0005QL4147","iShares $ UltraShort Bond ESG SRI UCITS ETF USD (Acc)","iShares","IE","Sampling","0.090","27571695","iBoxx MSCI ESG USD Liquid Investment Grade Ultrashort (USD)","USD",NULL,"2026-09-07 20:18:36.181791","2026-09-07 20:18:36.181792","Accumulating","Obligationen","Art. 8","2021-10-05",NULL,NULL,"iShares"
"c535de74-b223-4b4f-a963-b556697b5f87","IE00098ZGGO6","iShares $ Corp Bond 0-3Yr ESG SRI UCITS ETF USD (Acc)","iShares","IE","Sampling","0.120","1301806907","Bloomberg MSCI US Corporate 0-3 ESG SRI Index (USD)","USD",NULL,"2026-09-07 20:18:36.181793","2026-09-07 20:18:36.181793","Accumulating","Obligationen","Art. 8","2021-10-05",NULL,NULL,"iShares"
"e3978a24-0f2d-4ef2-88b2-50af16df5886","IE00BL6KD459","iShares North America Index Fund (IE) D Accumulating EUR Hedged","iShares","IE",NULL,"0.100","3232225652","MSCI Daily Net TR North America USD","EUR",NULL,"2026-09-07 20:18:36.181794","2026-09-07 20:18:36.181794","Accumulating","Equities","Andere","2021-05-25",NULL,NULL,"iShares"
"cd4a378d-0315-4ba9-a817-3d94bdcd8080","IE00BCLWRG39","iShares MSCI Japan USD Hedged UCITS ETF","iShares","IE","Physical (Sampling)","0.640","621763994","MSCI Japan 100% Hedged to USD Index (Net)","USD",NULL,"2026-09-07 20:18:36.181795","2026-09-07 20:18:36.181796","Accumulating","Equities","Andere","2013-09-30",NULL,NULL,"iShares"
"58bfde79-1f4b-411c-b038-fab01bdbf864","IE00B6SPMN59","iShares Edge S&P 500 Minimum Volatility UCITS ETF USD (Acc)","iShares","IE","Physical (Sampling)","0.200","2076440237","S&P 500 Minimum Volatility Net in USD","USD",NULL,"2026-09-07 20:18:36.181797","2026-09-07 20:18:36.181797","Accumulating","Equities","Andere","2012-11-30",NULL,NULL,"iShares"
"4de47d3e-5c05-41f8-ab9d-2edb2fcab27a","IE00B988C465","iShares Global High Yield Corp Bond CHF Hedged UCITS ETF (Dist)","iShares","IE","Sampling","0.550","180943669","iBoxx Global Developed Markets High Yield Capped CHF Hedged Index","CHF",NULL,"2026-09-07 20:18:36.181798","2026-09-07 20:18:36.181798","Distributing","Obligationen","Andere","2014-04-11",NULL,NULL,"iShares"
"7f41f70a-c575-4035-ad88-6336c96b7fc2","IE00B8FHGS14","iShares Edge MSCI World Minimum Volatility UCITS ETF USD (Acc)","iShares","IE","Physical (Sampling)","0.300","3000395845","MSCI WORLD MINIMUM VOLATILITY (USD)","USD",NULL,"2026-09-07 20:18:36.181799","2026-09-07 20:18:36.181799","Accumulating","Equities","Andere","2012-11-30",NULL,NULL,"iShares"
"584ff4d9-1192-46e2-9300-dfc9810e9b13","IE00B86MWN23","iShares Edge MSCI Europe Minimum Volatility UCITS ETF EUR (Acc)","iShares","IE","Physical (Sampling)","0.250","936296523","MSCI Europe Minimum Volatility (EUR Optimized) Net Index","EUR",NULL,"2026-09-07 20:18:36.1818","2026-09-07 20:18:36.1818","Accumulating","Equities","Andere","2012-11-30",NULL,NULL,"iShares"
"a449816c-5935-4164-9d27-01c8626a58d1","IE00B8KGV557","iShares Edge MSCI EM Minimum Volatility UCITS ETF USD (Acc)","iShares","IE","Physical (Sampling)","0.400","497814836","MSCI Emerging Markets Minimum Volatility Index (Net)","USD",NULL,"2026-09-07 20:18:36.181802","2026-09-07 20:18:36.181802","Accumulating","Equities","Andere","2012-11-30",NULL,NULL,"iShares"
"144f0083-84b8-4bb4-aae5-ff143ecd7f6c","IE00BP3QZJ36","iShares MSCI France UCITS ETF EUR (Acc)","iShares","IE","Physical (Full replication)","0.250","221616528","MSCI Developed - France Net Returns, in EUR (Official levels)","EUR",NULL,"2026-09-07 20:18:36.181803","2026-09-07 20:18:36.181803","Accumulating","Equities","Andere","2014-09-05",NULL,NULL,"iShares"
"00a77171-ffd7-4db8-b70d-c4e0beac6fab","IE00B27YCN58","iShares MSCI World Islamic UCITS ETF USD (Dist)","iShares","IE","Physical (Full replication)","0.300","1650879793","MSCI Developed World Islamic Index (NET) (USD)","USD",NULL,"2026-09-07 20:18:36.181804","2026-09-07 20:18:36.181804","Distributing","Equities","Andere","2007-12-07",NULL,NULL,"iShares"
"60b397b0-c540-4f2d-9cbb-05d830d2d7cc","IE00B296QM64","iShares MSCI USA Islamic UCITS ETF USD (Dist)","iShares","IE","Physical (Full replication)","0.300","561107519","MSCI US Islamic Gross Index in USD (NET)","USD",NULL,"2026-09-07 20:18:36.181805","2026-09-07 20:18:36.181806","Distributing","Equities","Andere","2007-12-07",NULL,NULL,"iShares"
"cf5bba62-8756-405e-b8fc-236f99e5fd2c","IE00B27YCP72","iShares MSCI EM Islamic UCITS ETF USD (Dist)","iShares","IE","Physical (Full replication)","0.350","830884174","MSCI Emerging Markets Islamic Index (NET)","USD",NULL,"2026-09-07 20:18:36.181807","2026-09-07 20:18:36.181807","Distributing","Equities","Andere","2007-12-07",NULL,NULL,"iShares"
"530f3611-796e-4d30-9bd2-c00f493f36e3","IE000BUIVY49","iShares € Corp Bond Enhanced Active UCITS ETF EUR (Acc)","iShares","IE","Sampling","0.200","79598531","BBG Euro Corporate Index (EUR)","EUR",NULL,"2026-09-07 20:18:36.181808","2026-09-07 20:18:36.181808","Accumulating","Obligationen","Art. 8","2025-03-27",NULL,NULL,"iShares"
"9fbe97a2-d38f-439a-ba2e-748b037b4f60","IE000RJL5A30","iShares $ Corp Bond Enhanced Active UCITS ETF USD (Acc)","iShares","IE","Sampling","0.200","39817145","Bloomberg US Corporate Index","USD",NULL,"2026-09-07 20:18:36.18181","2026-09-07 20:18:36.18181","Accumulating","Obligationen","Art. 8","2025-03-27",NULL,NULL,"iShares"
"07ed3491-2d28-49f8-b831-f2b8b2cfa31f","IE000FRSK426","iShares Euro Government Bond Index Fund (IE) D Acc SEK Hedged","iShares","IE",NULL,"0.120","4683220991","FTSE EMU Government Bond Index (EUR)","SEK",NULL,"2026-09-07 20:18:36.181811","2026-09-07 20:18:36.181811","Accumulating","Obligationen","Andere","2025-07-01",NULL,NULL,"iShares"
"0b8049f4-9e67-4518-848a-b7c36e844385","IE00BJ5JPG56","iShares MSCI China UCITS ETF USD (Acc)","iShares","IE","Physical (Full replication)","0.280","2695257078","MSCI China index (USD)","USD",NULL,"2026-09-07 20:18:36.181812","2026-09-07 20:18:36.181812","Accumulating","Equities","Andere","2019-06-20",NULL,NULL,"iShares"
"8f85410b-a172-413f-b11c-eb1dc36f2af3","IE00B3VTMJ91","iShares € Govt Bond 1-3yr UCITS ETF EUR (Acc)","iShares","IE","Sampling","0.100","2352603458","BBG EU Term 1-3 Year Index (EUR)","EUR",NULL,"2026-09-07 20:18:36.181813","2026-09-07 20:18:36.181813","Accumulating","Obligationen","Andere","2009-06-02",NULL,NULL,"iShares"
"d3cbbc09-8a47-4e5a-9d4c-fd8815fe3bb7","IE00B8BVCK12","iShares MSCI World CHF Hedged UCITS ETF (Acc)","iShares","IE","Physical (Sampling)","0.550","2044860488","MSCI World Index","CHF",NULL,"2026-09-07 20:18:36.181814","2026-09-07 20:18:36.181815","Accumulating","Equities","Andere","2012-11-30",NULL,NULL,"iShares"
"ff4b364d-bc0a-4eaf-b529-13a9c0497673","IE00B88DZ566","iShares S&P 500 CHF Hedged UCITS ETF (Acc)","iShares","IE","Physical (Full replication)","0.200","1077596723","S&P 500 100% CHF Hedge NET Index","CHF",NULL,"2026-09-07 20:18:36.181816","2026-09-07 20:18:36.181816","Accumulating","Equities","Andere","2012-11-30",NULL,NULL,"iShares"
"9743922d-3acc-4772-8a61-7da3887bc2a4","IE00B8J37J31","iShares MSCI Japan CHF Hedged UCITS ETF (Acc)","iShares","IE","Physical (Sampling)","0.640","238380586","MSCI Japan 100% CHF NET hedged composite","CHF",NULL,"2026-09-07 20:18:36.181817","2026-09-07 20:18:36.181817","Accumulating","Equities","Andere","2012-11-30",NULL,NULL,"iShares"
"4ea3a814-6c76-468b-8b47-821871a720e0","IE00B3VTML14","iShares € Govt Bond 3-7yr UCITS ETF EUR (Acc)","iShares","IE","Sampling","0.150","1359378016","BBG Euro 3-7yr Term Index EUR","EUR",NULL,"2026-09-07 20:18:36.181819","2026-09-07 20:18:36.181819","Accumulating","Obligationen","Andere","2009-06-02",NULL,NULL,"iShares"
"b1853cc5-c95d-4585-b877-29dbcc745969","CH0342181796","iShares SMI Equity Index Fund (CH) Class D CHF","iShares","CH",NULL,"0.130","569935907","Swiss Market Index (SMIC) (TR) (CHF)","CHF",NULL,"2026-09-07 20:18:36.18182","2026-09-07 20:18:36.18182","Accumulating","Equities",NULL,"2016-12-16",NULL,NULL,"iShares"
"4361f0b4-960f-4eb5-b5ff-a085964e2a9b","IE00B3VTN290","iShares € Govt Bond 7-10yr UCITS ETF EUR (Acc)","iShares","IE","Sampling","0.150","835341024","BBG EU Term 7-10 Year Index","EUR",NULL,"2026-09-07 20:18:36.181822","2026-09-07 20:18:36.181822","Accumulating","Obligationen","Andere","2009-06-02",NULL,NULL,"iShares"
"73e0af57-162d-4317-a509-da86026bb20d","IE00BDDRF478","iShares S&P 500 Communication Sector UCITS ETF USD (Acc)","iShares","IE","Physical (Full replication)","0.150","1340264745","S&P 500 Capped 35/20 Communication Services Index NTR","USD",NULL,"2026-09-07 20:18:36.181823","2026-09-07 20:18:36.181823","Accumulating","Equities","Andere","2018-09-17",NULL,NULL,"iShares"
"b5f24e24-efaf-4c41-b1b2-a4594cbe158e","IE00B3VWLG82","iShares MSCI UK Small Cap UCITS ETF GBP (Acc)","iShares","IE","Physical (Sampling)","0.580","100808950","MSCI United Kingdom Small Cap Net Index in GBP","GBP",NULL,"2026-09-07 20:18:36.181824","2026-09-07 20:18:36.181824","Accumulating","Equities","Andere","2009-07-01",NULL,NULL,"iShares"
"d135bf5a-0e1a-4a61-8101-5807407712f7","IE000CW2NLR8","iShares China CNY Bond Fund (IE) D Acc USD","iShares","IE",NULL,"0.170","285225093","Bloomberg China Treasury + Policy Bank Index","USD",NULL,"2026-09-07 20:18:36.181826","2026-09-07 20:18:36.181826","Accumulating","Obligationen","Andere","2021-10-18",NULL,NULL,"iShares"
"bcc03987-5fd1-4f34-95d4-9f8eb01d17b9","IE00058RY3Y6","iShares China CNY Bond Index Fund (IE) Flexible Acc USD","iShares","IE",NULL,"0.050","283812457","Bloomberg China Treasury + Policy Bank Index","USD",NULL,"2026-09-07 20:18:36.181827","2026-09-07 20:18:36.181827","Accumulating","Obligationen","Andere","2021-10-18",NULL,NULL,"iShares"
"8c00bba2-2c0c-46fb-827b-d5a84b137907","IE000RXYXZR7","iShares Global Inflation-Linked Bond Index Fund (IE) Flexible Accumulation USD","iShares","IE",NULL,"0.030","2387814884","BBG World Government Inflation-Linked Bond Index (USD)","USD",NULL,"2026-09-07 20:18:36.181828","2026-09-07 20:18:36.181828","Accumulating","Obligationen","Andere","2024-09-26",NULL,NULL,"iShares"
"15fc0099-2ae3-4463-ba5e-2a6b129f55d1","IE000VJMUIV7","iShares China CNY Bond Index Fund (IE) Institutional Acc USD","iShares","IE",NULL,"0.200","285225093","Bloomberg China Treasury + Policy Bank Index","USD",NULL,"2026-09-07 20:18:36.181829","2026-09-07 20:18:36.18183","Accumulating","Obligationen","Andere","2021-10-18",NULL,NULL,"iShares"
"d632aefe-c0a6-47a0-a53f-990dcb3abc10","IE00BMX0DF60","iShares US Medical Devices UCITS ETF USD (Acc)","iShares","IE","Physical (Full replication)","0.250","237219848","Dow Jones U.S. Select Medical Equipment Capped 35/20 NET Index (USD)","USD",NULL,"2026-09-07 20:18:36.181831","2026-09-07 20:18:36.181831","Accumulating","Equities","Andere","2020-08-03",NULL,NULL,"iShares"
"db8f6eae-51a0-4da5-94e9-6bd20d4ac817","IE00B3VWM098","iShares MSCI USA Small Cap CTB Enhanced ESG UCITS ETF USD (Acc)","iShares","IE","Physical (Sampling)","0.430","3235627555","MSCI USA Small Cap ESG Enhanced CTB Index","USD",NULL,"2026-09-07 20:18:36.181832","2026-09-07 20:18:36.181832","Accumulating","Equities","Art. 8","2009-07-01",NULL,NULL,"iShares"
"399d80b3-6a79-44d4-bad5-632fb8af56b0","IE00BZ048579","iShares $ Corp Bond 0-3Yr ESG SRI UCITS ETF USD (Dist)","iShares","IE","Sampling","0.120","1301806907","Bloomberg MSCI US Corporate 0-3 ESG SRI Index (USD)","USD",NULL,"2026-09-07 20:18:36.181834","2026-09-07 20:18:36.181834","Distributing","Obligationen","Art. 8","2018-12-12",NULL,NULL,"iShares"
"35ea6433-28e4-4c3d-8cbd-18179c54621e","IE00BF7TPM11","iShares $ Floating Rate Bond UCITS ETF GBP Hedged (Dist)","iShares","IE","Sampling","0.120","5338171355","Bloomberg US Floating Rate Note<5 Years Index","GBP",NULL,"2026-09-07 20:18:36.181835","2026-09-07 20:18:36.181835","Distributing","Obligationen","Andere","2017-08-30",NULL,NULL,"iShares"
"26174021-6ae6-4dee-a954-d040f3f4f08c","IE00B3VWN179","iShares $ Treasury Bond 1-3yr UCITS ETF USD (Acc) B","iShares","IE","Sampling","0.070","670796357","ICE U.S. Treasury 1-3 Year Bond Index","USD",NULL,"2026-09-07 20:18:36.181836","2026-09-07 20:18:36.181836","Accumulating","Obligationen","Andere","2009-06-03",NULL,NULL,"iShares"
"95895769-7f95-4ea3-9580-c1d57aa1a4cc","IE00BGQ0J979","iShares J.P. Morgan $ EM Bond UCITS ETF CHF Hedged (Acc)","iShares","IE","Sampling","0.500","8430678510","J.P. Morgan Emerging Markets Bond Index Global Diversified Core","CHF",NULL,"2026-09-07 20:18:36.181837","2026-09-07 20:18:36.181838","Accumulating","Obligationen","Andere","2019-05-14",NULL,NULL,"iShares"
"0a248911-a1f6-4e86-901a-cc29ea73fc1a","IE00B3VWMM18","iShares MSCI EMU Small Cap UCITS ETF EUR (Acc)","iShares","IE","Physical (Sampling)","0.580","862914054","MSCI EMU Small Cap NET EUR Index","EUR",NULL,"2026-09-07 20:18:36.181839","2026-09-07 20:18:36.181839","Accumulating","Equities","Andere","2009-07-01",NULL,NULL,"iShares"
"92bf43ef-a381-4a3f-9bbc-1b4968a21081","IE00BYZK4776","iShares Healthcare Innovation UCITS ETF USD (Acc)","iShares","IE","Physical (Sampling)","0.400","1412700957","STOXX Global Breakthrough Healthcare Index (Net)","USD",NULL,"2026-09-07 20:18:36.18184","2026-09-07 20:18:36.18184","Accumulating","Equities","Art. 8","2016-09-08",NULL,NULL,"iShares"
"82e3d953-f3ae-43bb-a990-bd5d8dbec4d3","IE00BYZK4883","iShares Digitalisation UCITS ETF USD (Acc)","iShares","IE","Physical (Sampling)","0.400","799133060","Stoxx Global Digitalisation Net USD Index","USD",NULL,"2026-09-07 20:18:36.181842","2026-09-07 20:18:36.181842","Accumulating","Equities","Art. 8","2016-09-08",NULL,NULL,"iShares"
"d301ba4d-b78b-4acf-8c1b-a83d40ecdede","IE000720VRP1","iShares China CNY Bond Index Fund (IE) S Dist USD","iShares","IE",NULL,"0.150","284943389","Bloomberg China Treasury + Policy Bank Index","USD",NULL,"2026-09-07 20:18:36.181843","2026-09-07 20:18:36.181843","Distributing","Obligationen","Andere","2021-10-18",NULL,NULL,"iShares"
"d157d191-452b-4404-99dd-43c7b7209487","IE00BYZK4669","iShares Ageing Population UCITS ETF USD (Acc)","iShares","IE","Physical (Sampling)","0.400","959451105","Stoxx Global Ageing Population Net USD Index","USD",NULL,"2026-09-07 20:18:36.181844","2026-09-07 20:18:36.181844","Accumulating","Equities","Art. 8","2016-09-08",NULL,NULL,"iShares"
"5667aeb2-aab6-4ccd-928f-7422b15ef03f","IE00004OA765","iShares iBonds Dec 2037 Term $ Corp UCITS ETF USD (Acc)","iShares","IE","Sampling","0.120","15983969","BBG MSCI Dec 2037 Maturity USD Corp ESG Screened Index","USD",NULL,"2026-09-07 20:18:36.181845","2026-09-07 20:18:36.181845","Accumulating","Obligationen","Art. 8","2026-05-15",NULL,NULL,"iShares"
"3a59c3cf-19c7-4ece-98cf-30cfe15fd873","IE00BYZK4552","iShares Automation & Robotics UCITS ETF USD (Acc)","iShares","IE","Physical (Sampling)","0.400","5518551631","Stoxx Global Automation & Robotics Net USD Index","USD",NULL,"2026-09-07 20:18:36.181847","2026-09-07 20:18:36.181847","Accumulating","Equities","Art. 8","2016-09-08",NULL,NULL,"iShares"
"74f025ef-d5db-4d7b-bdde-8f0a67330c0d","IE0007SRI1C7","iShares iBonds Dec 2037 Term € Corp UCITS ETF EUR (Acc)","iShares","IE","Sampling","0.120","22545920","Bloomberg MSCI December 2037 Maturity EUR Corporate ESG Screened Index","EUR",NULL,"2026-09-07 20:18:36.181848","2026-09-07 20:18:36.181848","Accumulating","Obligationen","Art. 8","2026-05-15",NULL,NULL,"iShares"
"64ce4479-e7e6-4688-b848-6edd20f553bd","DE0005933931","iShares Core DAX® UCITS ETF (DE) EUR (Acc)","iShares","DE","Physical (Full replication)","0.160","8780934565","DAX (Performance index) NET (EUR)","EUR",NULL,"2026-09-07 20:18:36.18185","2026-09-07 20:18:36.18185","Accumulating","Equities","Andere","2000-12-27",NULL,NULL,"iShares"
"57413340-3a2e-4eff-8072-6df343c42737","IE000REC8UF0","iShares iBonds Dec 2036 Term $ Corp UCITS ETF USD (Acc)","iShares","IE","Sampling","0.120","26186399","BBG MSCI Dec 2036 Maturity USD Corp ESG Screened Index","USD",NULL,"2026-09-07 20:18:36.181851","2026-09-07 20:18:36.181851","Accumulating","Obligationen","Art. 8","2026-05-15",NULL,NULL,"iShares"
"fc2f3720-0b40-426c-a367-918221806ede","IE000VA628D5","iShares S&P 500 Top 20 UCITS ETF USD (Acc)","iShares","IE","Physical (Full replication)","0.200","631598291","S&P 500 Top 20 Select 35/20 Capped Index","USD",NULL,"2026-09-07 20:18:36.181852","2026-09-07 20:18:36.181852","Accumulating","Equities","Andere","2024-11-12",NULL,NULL,"iShares"
"3eb39091-45c7-4fa8-b73b-6c0426b76169","IE00BMVJSF08","iShares € Govt Bond 1-3yr UCITS ETF MXN Hedged (Acc)","iShares","IE","Sampling","0.120","1770317145","BBG EU Term 1-3 Year Index (EUR)","MXN",NULL,"2026-09-07 20:18:36.181853","2026-09-07 20:18:36.181854","Accumulating","Obligationen","Andere","2020-07-29",NULL,NULL,"iShares"
"d5e3406d-39bb-4d40-82ff-1835fc171585","IE000AD2AYN2","iShares iBonds Dec 2036 Term € Corp UCITS ETF EUR (Acc)","iShares","IE","Sampling","0.120","33192566","Bloomberg MSCI December 2036 Maturity EUR Corporate ESG Screened Index","EUR",NULL,"2026-09-07 20:18:36.181855","2026-09-07 20:18:36.181855","Accumulating","Obligationen","Art. 8","2026-05-15",NULL,NULL,"iShares"
"3a960617-091d-4350-84e7-ffdf44c1e2e4","IE00BMTX2B82","iShares AEX UCITS ETF EUR (Acc)","iShares","IE","Physical (Full replication)","0.300","851415793","AEX (Euronext) Open Net Return Index (EUR)","EUR",NULL,"2026-09-07 20:18:36.181856","2026-09-07 20:18:36.181856","Accumulating","Equities","Andere","2020-07-29",NULL,NULL,"iShares"
"ccdf6709-63b1-4368-9c06-5186a100216e","IE00BMVJSC76","iShares € Govt Bond 0-1yr UCITS ETF MXN Hedged (Acc)","iShares","IE","Sampling","0.090","1271643523","BBG Euro Short Treasury Index (EUR)","MXN",NULL,"2026-09-07 20:18:36.181857","2026-09-07 20:18:36.181858","Accumulating","Obligationen","Andere","2020-07-29",NULL,NULL,"iShares"
"211aeb3d-fda4-4d59-b297-a3198df5afa9","IE00BF2MW460","iShares Global Aggregate 1-5 Year Bond Index Fund (IE) Class D Hedged Dist USD","iShares","IE",NULL,"0.170","1622462434","BBG Global Aggregate 1-5 Year Index (USD)","USD",NULL,"2026-09-07 20:18:36.181859","2026-09-07 20:18:36.181859","Distributing","Obligationen","Andere","2018-01-23",NULL,NULL,"iShares"
"8a7fd998-a453-4a27-86ab-bb2b5b9cc361","IE00BF2MW791","iShares Global Aggregate 1-5 Year Bond Index Fund (IE) Inst Hedged Dist USD","iShares","IE",NULL,"0.220","1617239318","BBG Global Aggregate 1-5 Year Index (USD)","USD",NULL,"2026-09-07 20:18:36.18186","2026-09-07 20:18:36.181861","Distributing","Obligationen","Andere","2017-12-14",NULL,NULL,"iShares"
"567a04c0-b772-426d-a4dc-96b8ae10a494","IE00BJ5JP097","iShares MSCI World Financials Sector Advanced UCITS ETF USD (Dist)","iShares","IE","Physical (Full replication)","0.180","145938451","MSCI World Financials Advanced Select 20 35 Capped Index","USD",NULL,"2026-09-07 20:18:36.181862","2026-09-07 20:18:36.181862","Distributing","Equities","Art. 8","2021-05-18",NULL,NULL,"iShares"
"402f09f4-3a83-4323-89cc-2a08ce694ed2","IE00BF2MW684","iShares Global Aggregate 1-5 Year Bond Index Fund (IE) Class D Hedged Dist EUR","iShares","IE",NULL,"0.170","1622462434","BBG Global Aggregate 1-5 Year Index (USD)","EUR",NULL,"2026-09-07 20:18:36.181863","2026-09-07 20:18:36.181863","Distributing","Obligationen","Andere","2018-01-23",NULL,NULL,"iShares"
"df986eed-3798-405a-99a9-3d6a588aed4d","CH0244037161","iShares World ex Switzerland Small Cap Screened Equity Index Fund (CH) Class I0 CHF","iShares","CH",NULL,"0.200","1339204742","MSCI World ex Switzerland Small Cap ESG Screened ex Select Index CHF Net (C","CHF",NULL,"2026-09-07 20:18:36.181864","2026-09-07 20:18:36.181864","Accumulating","Equities",NULL,"2017-06-30",NULL,NULL,"iShares"
"a7f2ed8d-ff1f-461a-9e56-9ea84110826a","IE0006797348","iShares Pacific Index Fund (IE) Flex Acc USD","iShares","IE",NULL,"0.040","869094239","MSCI Pacific ex Japan Index (Net)","USD",NULL,"2026-09-07 20:18:36.181943","2026-09-07 20:18:36.181943","Accumulating","Equities","Andere","1998-12-31",NULL,NULL,"iShares"
"aa45336c-3042-4073-930d-7f2ed2fd4d3a","IE00BF2MW353","iShares Global Aggregate 1-5 Year Bond Index Fund (IE) Class D Dist USD","iShares","IE",NULL,"0.150","1617239318","BBG Global Aggregate 1-5 Year Index (USD)","USD",NULL,"2026-09-07 20:18:36.181866","2026-09-07 20:18:36.181866","Distributing","Obligationen","Andere","2017-12-14",NULL,NULL,"iShares"
"93bd0624-9738-4c30-823a-4e5480e31bcc","IE00BF2MW577","iShares Global Aggregate 1-5 Year Bond Index Fund (IE) Class D Hedged Dist GBP","iShares","IE",NULL,"0.170","1617239318","BBG Global Aggregate 1-5 Year Index (USD)","GBP",NULL,"2026-09-07 20:18:36.181867","2026-09-07 20:18:36.181867","Distributing","Obligationen","Andere","2018-01-23",NULL,NULL,"iShares"
"dac7e4fa-5406-4889-bf44-73374d463a03","IE000I8KRLL9","iShares MSCI Global Semiconductors UCITS ETF USD (Acc)","iShares","IE","Physical (Full replication)","0.350","5793684235","MSCI ACWI IMI Semiconductors & Semiconductor Equipment ESG Screened Capped Index (USD)","USD",NULL,"2026-09-07 20:18:36.181868","2026-09-07 20:18:36.181868","Accumulating","Equities","Art. 8","2021-08-03",NULL,NULL,"iShares"
"45414d88-8743-4caa-9d06-3240c612b265","IE00BMTX1Y45","iShares S&P 500 Swap UCITS ETF USD (Acc)","iShares","IE","Swap","0.050","18787522050","S&P 500 Index","USD",NULL,"2026-09-07 20:18:36.18187","2026-09-07 20:18:36.18187","Accumulating","Equities","Andere","2020-09-24",NULL,NULL,"iShares"
"610416be-6fc2-4440-925f-2b22ba2ff916","LU1640626278","iShares Emerging Markets Government Bond Index Fund (LU) Class F2 USD","iShares","LU",NULL,"0.270","1779515126","JPM Emerging Markets Bond Index Global Diversified Custom Defaults","USD",NULL,"2026-09-07 20:18:36.181871","2026-09-07 20:18:36.181871","Accumulating","Obligationen","Andere","2017-07-05",NULL,NULL,"iShares"
"326fcce2-7bb1-43ac-9baa-ab131d73d430","IE000M0KK797","iShares Developed World Index Fund (IE) D Acc EUR Hedged","iShares","IE",NULL,"0.140","30285255874","MSCI World Net TR Index","EUR",NULL,"2026-09-07 20:18:36.181872","2026-09-07 20:18:36.181872","Accumulating","Equities","Andere","2022-04-13",NULL,NULL,"iShares"
"e49dcae1-8c66-453b-a5f4-47168fb7196e","IE00BGWKS388","iShares UK Credit Bond Index Fund (IE) D GBP Distributing","iShares","IE",NULL,"0.100","280857228","iBoxx Sterling Non-Gilts Index (GBP)","GBP",NULL,"2026-09-07 20:18:36.181874","2026-09-07 20:18:36.181874","Distributing","Obligationen","Andere","2019-01-02",NULL,NULL,"iShares"
"2f2eef81-7196-423f-94ee-713dfc3943ef","IE00BHHMPP74","IShares Europe Ex-UK Index Fund (IE) Sterling Flexible Accumulating GBP","iShares","IE",NULL,"0.020","2988908180","MSCI Developed Europe ex UK Net Index in GBP","GBP",NULL,"2026-09-07 20:18:36.181875","2026-09-07 20:18:36.181875","Accumulating","Equities","Andere","2019-05-15",NULL,NULL,"iShares"
"0cf34978-8967-40a1-a290-6f6dc973c8e9","IE00BYPC1H27","iShares China CNY Bond UCITS ETF USD (Dist)","iShares","IE","Physical (Full replication)","0.350","2667518023","Bloomberg China Treasury + Policy Bank Index","USD",NULL,"2026-09-07 20:18:36.181876","2026-09-07 20:18:36.181876","Distributing","Obligationen","Andere","2019-07-24",NULL,NULL,"iShares"
"86668db7-1db6-439b-aadd-ac4bf3a93cd7","LU0938202826","iShares Pacific ex Japan Equity Index Fund (LU) Class X2 EUR","iShares","LU",NULL,"0.070","221374624","MSCI PACIFIC ex JAPAN Net EUR (Custom 4pm LUX) (EUR)","EUR",NULL,"2026-09-07 20:18:36.181877","2026-09-07 20:18:36.181878","Accumulating","Equities","Andere","2013-05-29",NULL,NULL,"iShares"
"875d66c8-48ce-4637-b22b-b417ec9be65e","CH0450943581","iShares Japan Equity Index Fund (CH) Class D JPY","iShares","CH",NULL,"0.200","70220902","MSCI Japan Index (JPY)","JPY",NULL,"2026-09-07 20:18:36.181879","2026-09-07 20:18:36.181879","Accumulating","Equities",NULL,"2018-12-20",NULL,NULL,"iShares"
"24a71982-2982-416e-b5e8-3ce18c9355e0","IE00BJ5JNY98","iShares MSCI World Information Technology Sector Advanced UCITS ETF USD (Dist)","iShares","IE","Physical (Full replication)","0.180","1214556511","MSCI World Information Technology Advanced Select 20 35 Capped Index","USD",NULL,"2026-09-07 20:18:36.18188","2026-09-07 20:18:36.18188","Distributing","Equities","Art. 8","2019-10-16",NULL,NULL,"iShares"
"78ac1d30-034f-40bb-ade6-12d6afb9b43b","CH0449128526","iShares Emerging Markets Bond Index Fund (CH) Class X NT","iShares","CH",NULL,"0.030","921509892","JPM Emerging Markets Bond Index Global Diversified Custom Defaults","USD",NULL,"2026-09-07 20:18:36.181881","2026-09-07 20:18:36.181882","Accumulating","Obligationen",NULL,"2018-12-20",NULL,NULL,"iShares"
"94c50004-7fc7-4a45-b60e-ab2163a3642d","LU2504564845","iShares North America Equity Index Fund A2 EUR","iShares","LU",NULL,"0.520","674619332","MSCI North America Net EUR (Custom 4pm LUX) (EUR)","EUR",NULL,"2026-09-07 20:18:36.181883","2026-09-07 20:18:36.181883","Accumulating","Equities","Andere","2022-09-07",NULL,NULL,"iShares"
"042a9097-aceb-485f-9ea1-6e19a90ca453","LU0938202586","iShares North America Equity Index Fund (LU) Class X2 EUR","iShares","LU",NULL,"0.040","674619332","MSCI North America Net EUR (Custom 4pm LUX) (EUR)","EUR",NULL,"2026-09-07 20:18:36.181884","2026-09-07 20:18:36.181884","Accumulating","Equities","Andere","2013-05-29",NULL,NULL,"iShares"
"97fd4086-b441-4c05-99c4-1f0467611bf3","LU2504564761","iShares World Equity Index Fund A2 EUR","iShares","LU",NULL,"0.520","5094713775","MSCI WORLD Net EUR ( custom 4pm LUX ) (EUR)","EUR",NULL,"2026-09-07 20:18:36.181885","2026-09-07 20:18:36.181886","Accumulating","Equities","Andere","2022-09-07",NULL,NULL,"iShares"
"f4cdb15e-09da-424a-8039-041f39eea8c0","LU0938202743","iShares Japan Equity Index Fund (LU) Class X2 EUR","iShares","LU",NULL,"0.100","122396252","Japan Net EUR (Custom 4pm LUX) (EUR)","EUR",NULL,"2026-09-07 20:18:36.181887","2026-09-07 20:18:36.181887","Accumulating","Equities","Andere","2013-05-29",NULL,NULL,"iShares"
"31e57cfc-3ca6-4837-9c3e-96612d73731d","IE00BF4RFH31","iShares MSCI World Small Cap UCITS ETF USD (Acc)","iShares","IE","Physical (Sampling)","0.350","9021872062","MSCI World Small Cap Index (Net)","USD",NULL,"2026-09-07 20:18:36.181888","2026-09-07 20:18:36.181888","Accumulating","Equities","Andere","2018-03-27",NULL,NULL,"iShares"
"706da4fe-f5fd-420d-84b7-8286c12d9d2e","IE000DYQE2Q3","iShares AT1 Bond Active UCITS ETF EUR Acc","iShares","IE",NULL,"0.500","138150165","Placeholder for prolonged perf holidays (No Benchmark applicable) (EUR)","EUR",NULL,"2026-09-07 20:18:36.18189","2026-09-07 20:18:36.18189","Accumulating","Obligationen","Art. 8","2026-01-13",NULL,NULL,"iShares"
"b80ab844-7e92-4df2-9fa4-aab1a3d8ff2f","IE000Z8F16G5","iShares Global Aggregate Bond ESG SRI UCITS ETF CHF Hedged (Acc)","iShares","IE","Sampling","0.100","4885618081","Bloomberg MSCI Global Aggregate and Green Bond ESG SRI Index (USD)","CHF",NULL,"2026-09-07 20:18:36.181891","2026-09-07 20:18:36.181891","Accumulating","Obligationen","Art. 8","2021-12-03",NULL,NULL,"iShares"
"89e158d1-ceba-4744-8bd1-51f313b7959e","IE00BQN1K562","iShares Edge MSCI Europe Quality Factor UCITS ETF EUR (Acc)","iShares","IE","Physical (Full replication)","0.250","672826656","MSCI Europe Sector Neutral Quality Net EUR Index","EUR",NULL,"2026-09-07 20:18:36.181892","2026-09-07 20:18:36.181892","Accumulating","Equities","Andere","2015-01-16",NULL,NULL,"iShares"
"37d26e64-183c-4bee-b4a2-f6a73131e110","IE00B651M583","iShares Euro Investment Grade Corporate Bond Index Fund (IE) Flex Acc EUR","iShares","IE",NULL,"0.030","1907684645","BBG Euro Corporate Index (EUR)","EUR",NULL,"2026-09-07 20:18:36.181894","2026-09-07 20:18:36.181894","Accumulating","Obligationen","Andere","2013-06-26",NULL,NULL,"iShares"
"b62c1ac2-06ef-4413-8138-58197b742791","IE0008TDJ461","iShares iBonds Dec 2030 Term $ Corp UCITS ETF USD (Acc)","iShares","IE","Sampling","0.120","704846502","Bloomberg MSCI December 2030 Maturity USD Corporate ESG Screened Index","USD",NULL,"2026-09-07 20:18:36.181895","2026-09-07 20:18:36.181895","Accumulating","Obligationen","Art. 8","2024-05-29",NULL,NULL,"iShares"
"80f274b6-b993-42e0-a3ac-407394e19aab","IE00BJ5JP329","iShares MSCI World Consumer Staples Sector Advanced UCITS ETF USD (Dist)","iShares","IE","Physical (Full replication)","0.180","104107768","MSCI World Consumer Staples Advanced Select 20 35 Capped Index","USD",NULL,"2026-09-07 20:18:36.181896","2026-09-07 20:18:36.181896","Distributing","Equities","Art. 8","2019-10-17",NULL,NULL,"iShares"
"e33ed2c3-828c-47a6-b037-ec9c971fb093","IE000WDG5795","iShares Lithium & Battery Producers UCITS ETF USD (Acc)","iShares","IE","Physical (Full replication)","0.550","70933859","STOXX Global Lithium and Battery Producers Index","USD",NULL,"2026-09-07 20:18:36.181898","2026-09-07 20:18:36.181898","Accumulating","Equities","Andere","2023-10-31",NULL,NULL,"iShares"
"464d07e9-cfcf-4849-8b5e-479604a1823c","IE00BJ5JNZ06","iShares MSCI World Health Care Sector Advanced UCITS ETF USD (Dist)","iShares","IE","Physical (Full replication)","0.180","1075826897","MSCI World Health Care Advanced Select 20 35 Capped Index","USD",NULL,"2026-09-07 20:18:36.181899","2026-09-07 20:18:36.181899","Distributing","Equities","Art. 8","2019-10-17",NULL,NULL,"iShares"
"2846f92b-ce49-4939-8cc1-4b1a32a4bb7c","IE00BJ5JP105","iShares MSCI World Energy Sector UCITS ETF USD (Dist)","iShares","IE","Physical (Full replication)","0.180","1433190673","MSCI World Energy Net index (USD)","USD",NULL,"2026-09-07 20:18:36.1819","2026-09-07 20:18:36.1819","Distributing","Equities","Andere","2019-10-17",NULL,NULL,"iShares"
"ab1fd184-62f8-480e-afc9-2f55cd188fe6","IE00B14X4T88","iShares Asia Pacific Dividend UCITS ETF USD (Dist)","iShares","IE","Physical (Full replication)","0.590","743790685","Dow Jones Asia/Pacific Select Dividend 50 Index (Net)","USD",NULL,"2026-09-07 20:18:36.181902","2026-09-07 20:18:36.181902","Distributing","Equities","Andere","2006-06-02",NULL,NULL,"iShares"
"e4e4fac2-8605-4b71-89a3-15fd4d5abc1e","IE0032523478","iShares € Corp Bond Large Cap UCITS ETF EUR (Dist)","iShares","IE","Sampling","0.090","1734982516","iBOXX Liquid Large Cap Corporate EUR Index","EUR",NULL,"2026-09-07 20:18:36.181903","2026-09-07 20:18:36.181903","Distributing","Obligationen","Andere","2003-03-17",NULL,NULL,"iShares"
"e9ac1dd4-fbdc-4149-9277-3e0085218c59","IE000QJMYB29","iShares iBonds Dec 2029 Term $ Corp UCITS ETF USD (Acc)","iShares","IE","Sampling","0.120","659580703","BBG MSCI Dec 2029 Maturity USD Corporate ESG Screened Index","USD",NULL,"2026-09-07 20:18:36.181904","2026-09-07 20:18:36.181904","Accumulating","Obligationen","Art. 8","2024-05-29",NULL,NULL,"iShares"
"4e944c6b-71f3-41c1-9776-fa4c932f93fc","IE00B6385520","iShares Developed World Index Fund (IE) Flex Dist GBP","iShares","IE",NULL,"0.010","30362720870","MSCI World NET TR in GBP Index (GBP)","GBP",NULL,"2026-09-07 20:18:36.181906","2026-09-07 20:18:36.181906","Distributing","Equities","Andere","2010-10-15",NULL,NULL,"iShares"
"abeb2188-bbfb-4c3e-bc61-ef10657a24e4","IE0005032192","iShares Euro Credit Bond Index Fund (IE) Flex Acc EUR","iShares","IE",NULL,"0.030","555032626","FTSE EuroBIG ex Domestic Treasury Index (EUR)","EUR",NULL,"2026-09-07 20:18:36.181907","2026-09-07 20:18:36.181907","Accumulating","Obligationen","Andere","2005-12-01",NULL,NULL,"iShares"
"b73a352a-e866-44b8-ac42-9052ae2747e4","IE00BG5QQ390","iShares $ Corp Bond 0-3Yr ESG SRI UCITS ETF EUR Hedged (Acc)","iShares","IE","Sampling","0.140","1301806907","Bloomberg MSCI US Corporate 0-3 ESG SRI Index (USD)","EUR",NULL,"2026-09-07 20:18:36.181908","2026-09-07 20:18:36.181909","Accumulating","Obligationen","Art. 8","2019-01-09",NULL,NULL,"iShares"
"5423afec-b1a1-46d7-9b49-9b937bc92c8e","IE00BQN1K901","iShares Edge MSCI Europe Value Factor UCITS ETF EUR (Acc)","iShares","IE","Physical (Sampling)","0.250","2725927254","MSCI Europe Enhanced Value Net EUR Index","EUR",NULL,"2026-09-07 20:18:36.18191","2026-09-07 20:18:36.18191","Accumulating","Equities","Andere","2015-01-16",NULL,NULL,"iShares"
"99c12e25-950d-4a07-ba20-9325cf233f20","IE0031080645","iShares Euro Credit Bond Index Fund (IE) Inst Acc EUR","iShares","IE",NULL,"0.150","555032626","FTSE EuroBIG ex Domestic Treasury Index (EUR)","EUR",NULL,"2026-09-07 20:18:36.181911","2026-09-07 20:18:36.181911","Accumulating","Obligationen","Andere","2001-11-05",NULL,NULL,"iShares"
"6006a13a-1b92-40ab-977e-208103c39892","IE000BWQOA85","iShares Emerging Markets Government Bond Index Fund (IE) Flex Dist EUR Hedged","iShares","IE",NULL,"0.030","3567595822","JPM Emerging Markets Bond Index Global Diversified Custom Defaults","EUR",NULL,"2026-09-07 20:18:36.181912","2026-09-07 20:18:36.181913","Distributing","Obligationen","Andere","2026-07-14",NULL,NULL,"iShares"
"24f54242-7ba1-4d26-9242-1172d3f09d19","IE0031080868","iShares Euro Government Bond Index Fund (IE) Inst Acc EUR","iShares","IE",NULL,"0.130","4683220991","FTSE EMU Government Bond Index (EUR)","EUR",NULL,"2026-09-07 20:18:36.181914","2026-09-07 20:18:36.181914","Accumulating","Obligationen","Andere","2001-11-06",NULL,NULL,"iShares"
"0aac9ee6-db93-4336-b700-5ac671e6fa32","IE0031080751","iShares Euro Government Bond Index Fund (IE) Flex Acc EUR","iShares","IE",NULL,"0.030","4683220991","FTSE EMU Government Bond Index (EUR)","EUR",NULL,"2026-09-07 20:18:36.181915","2026-09-07 20:18:36.181915","Accumulating","Obligationen","Andere","2001-11-05",NULL,NULL,"iShares"
"b02d9723-9375-4d85-9d21-80ea25e03773","IE0001197916","iShares Europe ex-UK Index Fund (IE) Flex Acc EUR","iShares","IE",NULL,"0.020","2999387882","MSCI Europe ex UK Net Return Index (EUR)","EUR",NULL,"2026-09-07 20:18:36.181916","2026-09-07 20:18:36.181916","Accumulating","Equities","Andere","2005-12-01",NULL,NULL,"iShares"
"c00491f4-621e-40a3-af0e-a33bfca0a8c3","IE0007DDUVE7","iiShares World ex-Euro Government Bond Index Fund (IE) Flexible Acc SGD Hedged","iShares","IE",NULL,"0.030","1433615915","FTSE Non-EUR World Government Bond Index","SGD",NULL,"2026-09-07 20:18:36.181918","2026-09-07 20:18:36.181918","Accumulating","Obligationen","Andere","2022-09-16",NULL,NULL,"iShares"
"bae8aeca-7ec2-4a5e-8f89-bcef222503ca","IE00B1W56Q79","iShares Europe ex-UK Index Fund (IE) Inst Dist EUR","iShares","IE",NULL,"0.170","2999387882","MSCI Europe ex UK Net Return Index (EUR)","EUR",NULL,"2026-09-07 20:18:36.181919","2026-09-07 20:18:36.181919","Distributing","Equities","Andere","2009-05-13",NULL,NULL,"iShares"
"9fce0dd2-d406-4ea7-b4a8-6d2956c2abf5","IE00B0407Y83","iShares Europe ex-UK Index Fund (IE) Flex Dist EUR","iShares","IE",NULL,"0.020","2999387882","MSCI Europe ex UK Net Return Index (EUR)","EUR",NULL,"2026-09-07 20:18:36.18192","2026-09-07 20:18:36.18192","Distributing","Equities","Andere","2005-12-01",NULL,NULL,"iShares"
"66ab44c8-a5a0-408c-b273-54a91cb7cbc4","IE000EX26BP5","iShares Euro Government Bond Index Fund (IE) Flexible Acc SGD Hedged","iShares","IE",NULL,"0.030","4683220991","FTSE EMU Government Bond Index (EUR)","SGD",NULL,"2026-09-07 20:18:36.181921","2026-09-07 20:18:36.181922","Accumulating","Obligationen","Andere","2022-09-16",NULL,NULL,"iShares"
"c602fdf7-0ec5-44a2-a751-369ea6dafec3","IE00B4L8GV30","iShares Europe Index Fund (IE) Inst Dist USD","iShares","IE",NULL,"0.290","214686137","MSCI Europe Index (Net Total Return USD) (USD)","USD",NULL,"2026-09-07 20:18:36.181923","2026-09-07 20:18:36.181923","Distributing","Equities","Andere","2011-08-31",NULL,NULL,"iShares"
"15daeac9-f051-4ccf-9fc6-a41cb90866f4","IE00B1W56P62","iShares Europe ex-UK Index Fund (IE) Inst Acc EUR","iShares","IE",NULL,"0.170","2999387882","MSCI Europe ex UK Net Return Index (EUR)","EUR",NULL,"2026-09-07 20:18:36.181924","2026-09-07 20:18:36.181924","Accumulating","Equities","Andere","2007-09-07",NULL,NULL,"iShares"
"db65b45b-3b98-4fea-9d3c-274aabd48673","IE0004XHEGT6","iShares Developed Real Estate Index Fund (IE) D Acc GBP Hedged","iShares","IE",NULL,"0.190","1578871775","FTSE EPRA Nareit Developed Index (Net)","GBP",NULL,"2026-09-07 20:18:36.181925","2026-09-07 20:18:36.181925","Accumulating","Real Estate","Andere","2023-04-20",NULL,NULL,"iShares"
"5cb7a9fe-0d64-4d63-af7b-d23c0bc5c951","CH0342195416","iShares Emerging Markets Bond Index Fund (CH) Class X USD","iShares","CH",NULL,"0.030","921509892","JPM Emerging Markets Bond Index Global Diversified Custom Defaults","USD",NULL,"2026-09-07 20:18:36.181926","2026-09-07 20:18:36.181927","Accumulating","Obligationen",NULL,"2017-01-17",NULL,NULL,"iShares"
"917fe511-827c-4e04-b23a-c13b5c32c899","IE00BD93YH54","iShares Edge S&P 500 Minimum Volatility UCITS ETF USD (Dist)","iShares","IE","Physical (Sampling)","0.200","2076440237","S&P 500 Minimum Volatility Index","USD",NULL,"2026-09-07 20:18:36.181928","2026-09-07 20:18:36.181928","Distributing","Equities","Andere","2018-02-21",NULL,NULL,"iShares"
"66e3d3a6-34b3-4a68-8341-8a02f2317213","IE000KD5RQM5","iShares Global Inflation-Linked Bond Index Fund (IE) Flex Acc EUR","iShares","IE",NULL,"0.030","2387814884","BBG World Government Inflation-Linked Bond Index unhedged (EUR)","EUR",NULL,"2026-09-07 20:18:36.181929","2026-09-07 20:18:36.181929","Accumulating","Obligationen","Andere","2021-11-08",NULL,NULL,"iShares"
"433d4228-86b8-478c-a3f3-69a7cddc8b6f","IE0007410420","iShares GiltTrak Index Fund (IE) Inst Acc GBP","iShares","IE",NULL,"0.130","645455695","FTSE Actuaries UK Conventional Gilts All Stocks Index (GBP)","GBP",NULL,"2026-09-07 20:18:36.18193","2026-09-07 20:18:36.181931","Accumulating","Obligationen","Andere","2000-09-30",NULL,NULL,"iShares"
"9b6df0b7-743b-4f39-9875-5982a5288d50","IE00B0409979","iShares Japan Index Fund (IE) Flex Dist USD","iShares","IE",NULL,"0.030","2159007140","MSCI Japan Index (Net)","USD",NULL,"2026-09-07 20:18:36.181932","2026-09-07 20:18:36.181932","Distributing","Equities","Andere","2004-11-30",NULL,NULL,"iShares"
"ee3e4b5b-f2a0-4641-b640-ed72de93df45","IE0001199953","iShares Japan Index Fund (IE) Flex Acc USD","iShares","IE",NULL,"0.020","2159007140","MSCI Developed - Japan Net Dividends (USD) (USD)","USD",NULL,"2026-09-07 20:18:36.181933","2026-09-07 20:18:36.181933","Accumulating","Equities","Andere","1998-12-31",NULL,NULL,"iShares"
"5957497e-708f-41e0-8170-95fc6d3a9db4","IE00B1W56M32","iShares Japan Index Fund (IE) Inst Acc USD","iShares","IE",NULL,"0.180","2159007140","MSCI Japan Index (Net)","USD",NULL,"2026-09-07 20:18:36.181934","2026-09-07 20:18:36.181934","Accumulating","Equities","Andere","2009-05-25",NULL,NULL,"iShares"
"f6bba40d-732d-4314-8c5e-46e8e1f5dee6","IE00B1W56K18","iShares North America Index Fund (IE) Inst Acc USD","iShares","IE",NULL,"0.170","3232225652","MSCI North America Index (USD)","USD",NULL,"2026-09-07 20:18:36.181935","2026-09-07 20:18:36.181935","Accumulating","Equities","Andere","2007-08-21",NULL,NULL,"iShares"
"7e378f9a-e83c-43c7-9c08-21c8603c10be","IE0030404903","iShares North America Index Fund (IE) Flex Acc USD","iShares","IE",NULL,"0.010","3232225652","MSCI North America Index (USD)","USD",NULL,"2026-09-07 20:18:36.181937","2026-09-07 20:18:36.181937","Accumulating","Equities","Andere","2005-12-01",NULL,NULL,"iShares"
"64aa41f8-f0ee-4e7e-81f9-dc3863775638","IE00BP3QZ601","iShares Edge MSCI World Quality Factor UCITS ETF USD (Acc)","iShares","IE","Physical (Sampling)","0.250","6336128517","MSCI World Sector Neutral Quality Index (Net)","USD",NULL,"2026-09-07 20:18:36.181938","2026-09-07 20:18:36.181938","Accumulating","Equities","Andere","2014-10-03",NULL,NULL,"iShares"
"beffcf9c-e3ee-4455-adb4-1cf4463e3f8e","IE000L5DHVW2","iShares Screened Global Corporate Bond Index Fund Q Acc GBP Hedged","iShares","IE",NULL,"0.100","4398006983","BBG Global Aggregate Corporate Index (USD)","GBP",NULL,"2026-09-07 20:18:36.181939","2026-09-07 20:18:36.181939","Accumulating","Obligationen","Art. 8","2025-09-22",NULL,NULL,"iShares"
"bc02f2c9-a1a9-405c-ac81-1bd69032af6c","IE000RIFQ564","iShares Green Bond Index Fund (IE) D Acc EUR","iShares","IE",NULL,"0.180","993765645","BBG MSCI Global Green Bond Index (EUR)","EUR",NULL,"2026-09-07 20:18:36.18194","2026-09-07 20:18:36.181941","Accumulating","Obligationen","Art. 9","2022-05-04",NULL,NULL,"iShares"
"35ae7712-31ff-442b-a72e-0d90075ca573","IE00BP3QZB59","iShares Edge MSCI World Value Factor UCITS ETF USD (Acc)","iShares","IE","Physical (Full replication)","0.250","7802807509","MSCI World Enhanced Value index (Net)","USD",NULL,"2026-09-07 20:18:36.181942","2026-09-07 20:18:36.181942","Accumulating","Equities","Andere","2014-10-03",NULL,NULL,"iShares"
"c1582865-b1f6-42fa-be2e-c26846820082","IE000WV9SR42","iShares China CNY Bond Index Fund (IE) D Acc GBP","iShares","IE",NULL,"0.170","285225093","BBG China Treasury + Policy Bank Total Return Index in GBP","GBP",NULL,"2026-09-07 20:18:36.181944","2026-09-07 20:18:36.181945","Accumulating","Obligationen","Andere","2021-10-18",NULL,NULL,"iShares"
"ce076b13-0fd6-4bb7-8012-945f5b8c4617","IE00B1W56L25","iShares North America Index Fund (IE) Inst Dist USD","iShares","IE",NULL,"0.170","3232225652","MSCI North America Index (USD)","USD",NULL,"2026-09-07 20:18:36.181946","2026-09-07 20:18:36.181946","Distributing","Equities","Andere","2009-05-13",NULL,NULL,"iShares"
"4ac16987-a485-48e1-ae30-900be5c5d194","IE00B2RKYS27","iShares UK Credit Bond Index Fund (IE) Inst Dist GBP","iShares","IE",NULL,"0.150","280857228","iBoxx Sterling Non-Gilts Index (GBP)","GBP",NULL,"2026-09-07 20:18:36.181947","2026-09-07 20:18:36.181947","Distributing","Obligationen","Andere","2008-09-12",NULL,NULL,"iShares"
"8952514a-42d4-408c-b6fa-2b21dd42425f","IE00B1W56T01","iShares Pacific Index Fund (IE) Inst Dist USD","iShares","IE",NULL,"0.190","869094239","MSCI Pacific ex Japan Index (Net)","USD",NULL,"2026-09-07 20:18:36.181949","2026-09-07 20:18:36.181949","Distributing","Equities","Andere","2009-05-13",NULL,NULL,"iShares"
"c420300f-2bb7-4c53-95e3-e30569903bad","IE00B1W56S93","iShares Pacific Index Fund (IE) Inst Acc USD","iShares","IE",NULL,"0.190","869094239","MSCI Pacific ex Japan Index (Net)","USD",NULL,"2026-09-07 20:18:36.18195","2026-09-07 20:18:36.18195","Accumulating","Equities","Andere","2009-09-25",NULL,NULL,"iShares"
"783b178f-4e41-4a5e-b85a-faf7ddfce9f4","IE00B0409Z31","iShares Pacific Index Fund (IE) Flex Dist USD","iShares","IE",NULL,"0.040","869094239","MSCI Pacific ex Japan Index (Net)","USD",NULL,"2026-09-07 20:18:36.181951","2026-09-07 20:18:36.181951","Distributing","Equities","Andere","2004-11-30",NULL,NULL,"iShares"
"056bd13e-75e4-432b-a4a5-07702c8a6d77","IE00B1W4R618","iShares UK Credit Bond Index Fund (IE) Inst Acc GBP","iShares","IE",NULL,"0.150","280857228","iBoxx Sterling Non-Gilts Index (GBP)","GBP",NULL,"2026-09-07 20:18:36.181953","2026-09-07 20:18:36.181953","Accumulating","Obligationen","Andere","2007-08-03",NULL,NULL,"iShares"
"2a6f1fa1-089e-4852-9573-2cfbca31dc82","IE00015NBWB1","iShares Japan Index Fund (IE) S Acc JPY","iShares","IE",NULL,"0.080","2159007140","MSCI Japan Index (JPY)","JPY",NULL,"2026-09-07 20:18:36.181955","2026-09-07 20:18:36.181955","Accumulating","Equities","Andere","2021-06-11",NULL,NULL,"iShares"
"51ece8c5-56b9-4fe1-8464-9ca96e4de6f3","IE0000405013","iShares UK Credit Bond Index Fund (IE) Flex Acc GBP","iShares","IE",NULL,"0.030","280857228","iBoxx Sterling Non-Gilts Index (GBP)","GBP",NULL,"2026-09-07 20:18:36.181956","2026-09-07 20:18:36.181956","Accumulating","Obligationen","Andere","2000-09-30",NULL,NULL,"iShares"
"c1cc7013-60e5-439c-bd73-4f3fe424ec0b","IE00BZ048462","iShares $ Floating Rate Bond UCITS ETF USD (Dist)","iShares","IE","Sampling","0.100","5338171355","Bloomberg US Floating Rate Note<5 Years Index","USD",NULL,"2026-09-07 20:18:36.181957","2026-09-07 20:18:36.181958","Distributing","Obligationen","Andere","2017-07-10",NULL,NULL,"iShares"
"2a52b820-1799-46e2-9cb1-9118ff80243b","IE00B4XCK338","iShares Ultra High Quality Euro Government Bond Index Fund (IE) Inst Acc EUR","iShares","IE",NULL,"0.130","218353460","iBoxx Eurozone AAA Index (EUR)","EUR",NULL,"2026-09-07 20:18:36.181959","2026-09-07 20:18:36.181959","Accumulating","Obligationen","Andere","2011-07-01",NULL,NULL,"iShares"
"06e52bb6-25c5-4fdc-8994-2c1f24f92f96","IE00B1W56R86","iShares UK Index Fund (IE) Inst Acc GBP","iShares","IE",NULL,"0.180","820015006","MSCI Developed - United Kingdom Net Returns (GBP)","GBP",NULL,"2026-09-07 20:18:36.18196","2026-09-07 20:18:36.18196","Accumulating","Equities","Andere","2007-09-28",NULL,NULL,"iShares"
"33b4d49c-9017-4ac2-84b1-6cdd0970ad5c","IE0001200165","iShares UK Index Fund (IE) Flex Acc GBP","iShares","IE",NULL,"0.030","820015006","MSCI Developed - United Kingdom Net Returns (GBP)","GBP",NULL,"2026-09-07 20:18:36.182455","2026-09-07 20:18:36.182455","Accumulating","Equities","Andere","1998-12-31",NULL,NULL,"iShares"
"c1e5052a-9618-4a39-b319-6bdfaff8ac38","IE0001200389","iShares US Index Fund (IE) Flex Acc USD","iShares","IE",NULL,"0.020","3857168912","S&P 500 Index","USD",NULL,"2026-09-07 20:18:36.182459","2026-09-07 20:18:36.182459","Accumulating","Equities","Andere","1998-12-31",NULL,NULL,"iShares"
"522c9608-e6fc-45a4-8b56-9184bfc772bc","IE00B1W4R501","iShares US Corporate Bond Index Fund (IE) Inst Acc USD","iShares","IE",NULL,"0.150","1391463234","FTSE Euro Dollar Bond Index (USD)","USD",NULL,"2026-09-07 20:18:36.18246","2026-09-07 20:18:36.182461","Accumulating","Obligationen","Andere","2007-11-27",NULL,NULL,"iShares"
"14d47685-5240-45e5-b321-447a054679ad","IE000D9S4LT3","iShares $ EM Bond Active UCITS ETF USD ACC","iShares","IE",NULL,"0.450","62717591","Placeholder for prolonged perf holidays (No Benchmark applicable)","USD",NULL,"2026-09-07 20:18:36.182462","2026-09-07 20:18:36.182463","Accumulating","Obligationen","Art. 8","2026-04-24",NULL,NULL,"iShares"
"12de2e74-3d2d-44c6-b0e6-706c909cc2cf","IE0000407050","iShares US Corporate Bond Index Fund (IE) Flex Acc USD","iShares","IE",NULL,"0.030","1391463234","FTSE Euro Dollar Bond Index (USD)","USD",NULL,"2026-09-07 20:18:36.182465","2026-09-07 20:18:36.182465","Accumulating","Obligationen","Andere","2000-09-30",NULL,NULL,"iShares"
"fa853f8e-5152-4c00-b255-082ad77ae269","IE00BG13YK79","iShares Edge MSCI Europe Minimum Volatility UCITS ETF EUR (Dist)","iShares","IE","Physical (Sampling)","0.250","936296523","MSCI Europe Minimum Volatility (EUR Optimized) Net Index","EUR",NULL,"2026-09-07 20:18:36.182467","2026-09-07 20:18:36.182467","Distributing","Equities","Andere","2018-02-23",NULL,NULL,"iShares"
"01546f97-8949-4e3a-9cca-38cd3c2831b3","IE00B4Z7ZH51","iShares Ultra High Quality Euro Government Bond Index Fund (IE) Flex Acc EUR","iShares","IE",NULL,"0.030","218353460","iBoxx Eurozone AAA Index (EUR)","EUR",NULL,"2026-09-07 20:18:36.182469","2026-09-07 20:18:36.182469","Accumulating","Obligationen","Andere","2011-08-04",NULL,NULL,"iShares"
"129b32f0-0fca-4af0-894e-247afd902f5e","IE00BSKRJZ44","iShares $ Treasury Bond 20+yr UCITS ETF USD (Dist)","iShares","IE","Sampling","0.070","6029286059","ICE U.S. Treasury 20+ Year Bond Index","USD",NULL,"2026-09-07 20:18:36.182471","2026-09-07 20:18:36.182471","Distributing","Obligationen","Andere","2015-01-20",NULL,NULL,"iShares"
"058cd00c-e414-4d90-941d-6c431d211349","IE0005033380","iShares World ex-Euro Government Bond Index Fund (IE) Flex Acc USD","iShares","IE",NULL,"0.030","1433615915","FTSE Non-EUR World Government Bond Index","USD",NULL,"2026-09-07 20:18:36.182474","2026-09-07 20:18:36.182474","Accumulating","Obligationen","Andere","2001-11-05",NULL,NULL,"iShares"
"fa4f766a-6e08-45ba-9c06-83a3df38aaab","IE00B1W4R493","iShares World ex-Euro Government Bond Index Fund (IE) Inst Acc USD","iShares","IE",NULL,"0.150","1433615915","FTSE Non-EUR World Government Bond Index","USD",NULL,"2026-09-07 20:18:36.182475","2026-09-07 20:18:36.182476","Accumulating","Obligationen","Andere","2007-06-01",NULL,NULL,"iShares"
"e6facfbf-9519-43a1-a3af-e26794e7f0c7","IE00B1W56J03","iShares US Index Fund (IE) Inst Acc USD","iShares","IE",NULL,"0.170","3857168912","S&P 500 Index","USD",NULL,"2026-09-07 20:18:36.182477","2026-09-07 20:18:36.182478","Accumulating","Equities","Andere","2007-09-28",NULL,NULL,"iShares"
"440a35a7-935c-41a5-97d0-602a7d416e51","IE00BSKRJX20","iShares € Govt Bond 20yr Target Duration UCITS ETF EUR (Dist)","iShares","IE","Sampling","0.150","238667511","iBoxx EUR Eurozone 20yr Target Duration Index","EUR",NULL,"2026-09-07 20:18:36.182479","2026-09-07 20:18:36.182479","Distributing","Obligationen","Andere","2015-01-20",NULL,NULL,"iShares"
"da924939-7b7b-4a99-bff6-8d1126d35400","IE00BKT1CR43","iShares $ Development Bank Bonds UCITS ETF CHF Hedged (Acc)","iShares","IE","Sampling","0.180","177131245","FTSE World Broad Investment-Grade USD Multi Dev Bank Bond Capped Index (USD","CHF",NULL,"2026-09-07 20:18:36.182481","2026-09-07 20:18:36.182482","Accumulating","Obligationen","Art. 9","2020-03-09",NULL,NULL,"iShares"
"0ffeb886-a43d-499d-8abf-c285966c0d5a","IE00BKT1CS59","iShares J.P. Morgan $ EM Corp Bond UCITS ETF EUR Hedged (Acc)","iShares","IE","Sampling","0.530","3252635055","J.P. Morgan CEMBI Broad Diversified Core Index","EUR",NULL,"2026-09-07 20:18:36.182483","2026-09-07 20:18:36.182484","Accumulating","Obligationen","Andere","2020-03-09",NULL,NULL,"iShares"
"77e6e622-1b13-41a2-9c80-7052cd3b9b57","IE000OKVTDF7","iShares MSCI USA Value Factor Advanced UCITS ETF USD (Acc)","iShares","IE","Physical (Full replication)","0.200","151957659","MSCI USA Value Advanced Select Index","USD",NULL,"2026-09-07 20:18:36.182485","2026-09-07 20:18:36.182486","Accumulating","Equities","Art. 8","2021-06-29",NULL,NULL,"iShares"
"6cff2ce4-66ae-495e-a50b-1bad6f8e73e1","IE00B53L4350","iShares Dow Jones Industrial Average UCITS ETF USD (Acc)","iShares","IE","Physical (Full replication)","0.330","1967405262","Dow Jones Industrial Average Net TR (USD)","USD",NULL,"2026-09-07 20:18:36.182487","2026-09-07 20:18:36.182487","Accumulating","Equities","Andere","2010-01-26",NULL,NULL,"iShares"
"6f0e22e6-7ff7-4391-b4ae-cf480ba7186c","IE00B801LT45","iShares Developed Real Estate Index Fund (IE) Flex Acc EUR","iShares","IE",NULL,"0.030","1578871775","FTSE EPRA Nareit Developed Net Index EUR (EUR)","EUR",NULL,"2026-09-07 20:18:36.182489","2026-09-07 20:18:36.182489","Accumulating","Real Estate","Andere","2013-01-31",NULL,NULL,"iShares"
"b244fd71-2d8a-4caf-a0b3-986639587891","IE00B53L3W79","iShares Core EURO STOXX 50 UCITS ETF EUR (Acc)","iShares","IE","Physical (Full replication)","0.100","7809503842","STOXX Eurozone 50 (Net Return)","EUR",NULL,"2026-09-07 20:18:36.182491","2026-09-07 20:18:36.182491","Accumulating","Equities","Andere","2010-01-26",NULL,NULL,"iShares"
"11e7f1ec-f47b-4a68-b8ca-91bf834a00f8","IE00B53HP851","iShares Core FTSE 100 UCITS ETF GBP (Acc)","iShares","IE","Physical (Full replication)","0.070","3250884569","FTSE 100 Index","GBP",NULL,"2026-09-07 20:18:36.182493","2026-09-07 20:18:36.182493","Accumulating","Equities","Andere","2010-01-26",NULL,NULL,"iShares"
"b3715738-acf7-4e45-95d7-165477a17052","IE00B5L8K969","iShares MSCI EM Asia UCITS ETF USD (Acc)","iShares","IE","Physical (Full replication)","0.200","8498000103","MSCI EM Asia Index Net","USD",NULL,"2026-09-07 20:18:36.182497","2026-09-07 20:18:36.182498","Accumulating","Equities","Andere","2010-08-06",NULL,NULL,"iShares"
"d5de2f4e-1536-4126-855f-cc4a81dd3676","IE00B52SF786","iShares MSCI Canada UCITS ETF USD (Acc)","iShares","IE","Physical (Full replication)","0.480","2445289533","MSCI Developed - Canada in USD - NET TR","USD",NULL,"2026-09-07 20:18:36.182499","2026-09-07 20:18:36.182499","Accumulating","Equities","Andere","2010-01-12",NULL,NULL,"iShares"
"5345d188-177f-44e6-949e-2ef02e8d3095","IE00B53QG562","iShares Core MSCI EMU UCITS ETF EUR (Acc)","iShares","IE","Physical (Full replication)","0.120","7856312388","MSCI EMU Net Index (EUR)","EUR",NULL,"2026-09-07 20:18:36.182501","2026-09-07 20:18:36.182502","Accumulating","Equities","Andere","2010-01-12",NULL,NULL,"iShares"
"d0b403a6-5947-48cd-ada2-5398ad074a43","IE00B52MJY50","iShares Core MSCI Pacific ex-Japan UCITS ETF USD (Acc)","iShares","IE","Physical (Full replication)","0.200","4182023537","MSCI Pacific ex Japan Index (Net)","USD",NULL,"2026-09-07 20:18:36.182503","2026-09-07 20:18:36.182504","Accumulating","Equities","Andere","2010-01-12",NULL,NULL,"iShares"
"9cf47162-5d8d-43c9-9457-df5da9d3527f","IE00BKBF4J08","iShares Global High Yield Corp Bond UCITS ETF CHF Hedged (Acc)","iShares","IE","Sampling","0.550","3172885510","iBoxx Global Developed Markets Liquid High Yield Capped (USD) Index (USD)","CHF",NULL,"2026-09-07 20:18:36.182506","2026-09-07 20:18:36.182506","Accumulating","Obligationen","Andere","2019-06-05",NULL,NULL,"iShares"
"f59d0e6e-9604-4be9-b0d5-8513017274a1","IE00B5W4TY14","iShares MSCI Korea UCITS ETF USD (Acc)","iShares","IE","Physical (Full replication)","0.650","840436769","MSCI Korea 20/35 Index","USD",NULL,"2026-09-07 20:18:36.182508","2026-09-07 20:18:36.182508","Accumulating","Equities","Andere","2010-08-24",NULL,NULL,"iShares"
"07f4d2e2-3004-4530-9dc2-836147e5b8e6","IE00BK0TB144","iShares Global Corp Bond UCITS ETF CHF Hedged (Acc)","iShares","IE","Sampling","0.250","4297377323","BBG Global Aggregate Corporate Index (USD)","CHF",NULL,"2026-09-07 20:18:36.18251","2026-09-07 20:18:36.18251","Accumulating","Obligationen","Andere","2019-06-05",NULL,NULL,"iShares"
"bccdb55c-4900-40de-af11-87b2e13d3d18","IE00B53QDK08","iShares MSCI Japan UCITS ETF USD (Acc)","iShares","IE","Physical (Full replication)","0.120","1793715944","MSCI Japan Index (Net)","USD",NULL,"2026-09-07 20:18:36.182512","2026-09-07 20:18:36.182512","Accumulating","Equities","Andere","2010-01-11",NULL,NULL,"iShares"
"eaac48ef-6da1-467f-a204-cecce019d7bb","IE00B539F030","iShares MSCI UK UCITS ETF GBP (Acc)","iShares","IE","Physical (Full replication)","0.330","117693943","MSCI Developed - United Kingdom in GBP (NET)","GBP",NULL,"2026-09-07 20:18:36.182514","2026-09-07 20:18:36.182514","Accumulating","Equities","Andere","2010-01-12",NULL,NULL,"iShares"
"bac9876a-658a-49ec-9b56-da75901f7410","IE00B5BMR087","iShares Core S&P 500 UCITS ETF USD (Acc)","iShares","IE","Physical Replication","0.070","160372605138","S&P 500 Index","USD",NULL,"2026-09-07 20:18:36.182516","2026-09-07 20:18:36.182516","Accumulating","Equities","Andere","2010-05-19",NULL,NULL,"iShares"
"502e395a-455a-4429-8f25-4a9874963664","IE00B52MJD48","iShares Nikkei 225 UCITS ETF JPY (Acc)","iShares","IE","Physical (Full replication)","0.480","99943002330","Nikkei 225 Net Index in JPY","JPY",NULL,"2026-09-07 20:18:36.182519","2026-09-07 20:18:36.182519","Accumulating","Equities","Andere","2010-01-25",NULL,NULL,"iShares"
"e7c7f6d7-87d8-46c9-8eab-000f5cbbcd1b","IE00B53SZB19","iShares Nasdaq 100 UCITS ETF USD (Acc)","iShares","IE","Physical (Full replication)","0.300","30152738692","NASDAQ 100 Index","USD",NULL,"2026-09-07 20:18:36.182521","2026-09-07 20:18:36.182521","Accumulating","Equities","Andere","2010-01-26",NULL,NULL,"iShares"
"ab493d68-be52-42bc-b870-82a6388b285c","IE00BKBF6H24","iShares Core MSCI World UCITS ETF EUR Hedged (Dist)","iShares","IE","Physical (Sampling)","0.300","154125494346","MSCI World Net TR Index","EUR",NULL,"2026-09-07 20:18:36.182522","2026-09-07 20:18:36.182523","Distributing","Equities","Andere","2019-06-05",NULL,NULL,"iShares"
"702f8c8a-65da-4b1f-954a-17a8c15566eb","IE00B52SFT06","iShares MSCI USA UCITS ETF USD (Acc)","iShares","IE","Physical (Full replication)","0.030","5134687999","MSCI USA Index","USD",NULL,"2026-09-07 20:18:36.182525","2026-09-07 20:18:36.182525","Accumulating","Equities","Andere","2010-01-12",NULL,NULL,"iShares"
"e88d4927-7868-437f-9f62-200945f5d3ee","IE00B3VWN518","iShares $ Treasury Bond 7-10yr UCITS ETF USD (Acc)","iShares","IE","Sampling","0.070","5001206973","ICE U.S. Treasury 7-10 Year Bond Index","USD",NULL,"2026-09-07 20:18:36.182527","2026-09-07 20:18:36.182527","Accumulating","Obligationen","Andere","2009-06-03",NULL,NULL,"iShares"
"d9a47523-77af-4fde-82cd-8cc03feeb9a3","IE00B3VWN393","iShares $ Treasury Bond 3-7yr UCITS ETF USD (Acc)","iShares","IE","Sampling","0.070","10802843440","ICE U.S. Treasury 3-7 Year Bond Index","USD",NULL,"2026-09-07 20:18:36.182528","2026-09-07 20:18:36.182529","Accumulating","Obligationen","Andere","2009-06-03",NULL,NULL,"iShares"
"776e3901-feea-4056-877f-480fc8c1f1f4","IE00B6R52143","iShares Agribusiness UCITS ETF USD (Acc)","iShares","IE","Physical (Full replication)","0.550","543032397","S&P Commodity Producers Agribusiness Index NTR","USD",NULL,"2026-09-07 20:18:36.18253","2026-09-07 20:18:36.182531","Accumulating","Equities","Art. 8","2011-09-16",NULL,NULL,"iShares"
"ad07503e-79fa-4b85-9b22-5a74608e367f","DE000A0F5UG3","iShares Dow Jones Eurozone Leaders Screened UCITS ETF (DE)","iShares","DE","Physical (Full replication)","0.410","213711943","Dow Jones Best-in-Class Eurozone Index ex ALL/AE Net (EUR)","EUR",NULL,"2026-09-07 20:18:36.182532","2026-09-07 20:18:36.182532","Distributing","Equities","Art. 8","2006-03-27",NULL,NULL,"iShares"
"4397fbe2-d911-4c3b-b99c-3b172ceefb8d","IE000XJ730F3","iShares World ex-Euro Govt Bond Index Fund Flexible Accumulating CHF Hedged","iShares","IE",NULL,"0.030","1433615915","FTSE Non-EUR World Government Bond Index","CHF",NULL,"2026-09-07 20:18:36.182534","2026-09-07 20:18:36.182534","Accumulating","Obligationen","Andere","2023-11-01",NULL,NULL,"iShares"
"0393e8ec-2076-4b6e-a89c-5bca9f11910d","IE0009QS7W62","iShares MSCI World Health Care Sector Advanced UCITS ETF USD (Acc)","iShares","IE","Physical (Full replication)","0.180","1075826897","MSCI World Health Care Advanced Select 20 35 Capped Index","USD",NULL,"2026-09-07 20:18:36.182536","2026-09-07 20:18:36.182536","Accumulating","Equities","Art. 8","2021-11-03",NULL,NULL,"iShares"
"dd727016-9843-45ac-8e66-6898a339f15c","IE00BFYB7576","iShares Global Aggregate 1-5 Year Bond Index Fund (IE) Institutional Dist CHF Hedged","iShares","IE",NULL,"0.220","1617239318","BBG Global Aggregate 1-5 Year Index (USD)","CHF",NULL,"2026-09-07 20:18:36.182537","2026-09-07 20:18:36.182538","Distributing","Obligationen","Andere","2019-06-14",NULL,NULL,"iShares"
"e2655f99-9a7a-4013-b901-6aaa4e7e004d","IE000HFBO1Y3","iShares Global Inflation-Linked Bond Index Fund (IE) Flexible Accumulating CHF Hedged","iShares","IE",NULL,"0.030","2387814884","BBG World Government Inflation-Linked Bond Index (USD)","CHF",NULL,"2026-09-07 20:18:36.182539","2026-09-07 20:18:36.182539","Accumulating","Obligationen","Andere","2023-11-01",NULL,NULL,"iShares"
"babc2bc2-b6f1-496e-9c53-d8f43af7732c","IE00BF3N7094","iShares € High Yield Corp Bond UCITS ETF EUR (Acc)","iShares","IE","Sampling","0.500","7031995792","Markit iBoxx Euro Liquid High Yield Index (EUR)","EUR",NULL,"2026-09-07 20:18:36.182541","2026-09-07 20:18:36.182541","Accumulating","Obligationen","Andere","2017-09-21",NULL,NULL,"iShares"
"5f97febf-93cd-4791-bb38-222fe2fada9c","IE00BF11F565","iShares Core € Corp Bond UCITS ETF EUR (Acc)","iShares","IE","Sampling","0.090","13386927494","BBG Euro Corporate Index (EUR)","EUR",NULL,"2026-09-07 20:18:36.182543","2026-09-07 20:18:36.182543","Accumulating","Obligationen","Andere","2017-09-21",NULL,NULL,"iShares"
"f0e127ae-e84d-427b-9806-ac3737730f99","IE000HWGVU96","iShares Screened Global Corporate Bond Index Fund (IE) Inst Dist USD Hedged","iShares","IE",NULL,"0.170","4385817539","BBG Global Aggregate Corporate Index (USD)","USD",NULL,"2026-09-07 20:18:36.182545","2026-09-07 20:18:36.182545","Distributing","Obligationen","Art. 8","2025-03-03",NULL,NULL,"iShares"
"822da3f3-2439-4c39-b925-68321634e9d4","IE00BDFK1573","iShares $ Treasury Bond 1-3yr UCITS ETF EUR Hedged (Acc)","iShares","IE","Sampling","0.100","12736616213","ICE U.S. Treasury 1-3 Year Bond Index","EUR",NULL,"2026-09-07 20:18:36.182547","2026-09-07 20:18:36.182547","Accumulating","Obligationen","Andere","2018-04-10",NULL,NULL,"iShares"
"e9fbe0cb-dca5-410d-ac2f-ed2fe3bb0e15","IE00B14X4S71","iShares $ Treasury Bond 1-3yr UCITS ETF USD (Dist)","iShares","IE","Sampling","0.070","12736616213","ICE U.S. Treasury 1-3 Year Bond Index","USD",NULL,"2026-09-07 20:18:36.182549","2026-09-07 20:18:36.182549","Distributing","Obligationen","Andere","2006-06-02",NULL,NULL,"iShares"
"08885128-c947-4a0f-ab43-45a5d14b3018","CH0424707534","iShares World ex Switzerland Screened Equity Index Fund (CH) X1 H-CHF Hedged","iShares","CH",NULL,"0.020","1150349020","MSCI World ex Switz ESG Screen ex Sel. Secur 100% Daily Hedged to CHF Index","CHF",NULL,"2026-09-07 20:18:36.18255","2026-09-07 20:18:36.18255","Accumulating","Equities",NULL,"2022-09-27",NULL,NULL,"iShares"
"178da5fa-2c51-4ec3-84c1-fbc4e6751933","IE00B1FZSC47","iShares $ TIPS UCITS ETF","iShares","IE","Sampling","0.100","6386723571","BBG US Government Inflation-Linked Bond Index (USD)","USD",NULL,"2026-09-07 20:18:36.182553","2026-09-07 20:18:36.182553","Accumulating","Obligationen","Andere","2006-12-08",NULL,NULL,"iShares"
"df90754d-d17b-4618-88df-c4cf8458e48a","IE000JWH7DS4","iShares Screened Global Corporate Bond Index Fund (IE) Inst Acc USD Hedged","iShares","IE",NULL,"0.170","4398006983","BBG Global Aggregate Corporate Index (USD)","USD",NULL,"2026-09-07 20:18:36.182555","2026-09-07 20:18:36.182555","Accumulating","Obligationen","Art. 8","2024-10-29",NULL,NULL,"iShares"
"36c8231a-fa38-4993-a580-40d4e580f0ed","IE00BF3N6Y61","iShares $ Corp Bond UCITS ETF EUR Hedged (Dist)","iShares","IE","Sampling","0.250","8891503988","iBoxx USD Liquid Investment Grade Index","EUR",NULL,"2026-09-07 20:18:36.182557","2026-09-07 20:18:36.182557","Distributing","Obligationen","Andere","2017-09-21",NULL,NULL,"iShares"
"086936e9-9160-460d-800f-e80fac162dad","IE00B0M62Y33","iShares AEX UCITS ETF EUR (Dist)","iShares","IE","Physical (Full replication)","0.300","851415793","AEX (Euronext) Open Net Return Index (EUR)","EUR",NULL,"2026-09-07 20:18:36.182559","2026-09-07 20:18:36.182559","Distributing","Equities","Andere","2005-11-18",NULL,NULL,"iShares"
"59d29745-1ec9-4ea2-ae47-305b0f779aa0","IE000QNA29G5","iShares Euro Govt Bond Index Fund (IE) Flexible Accumulating CHF Hedged","iShares","IE",NULL,"0.030","4683220991","FTSE EMU Government Bond Index (EUR)","CHF",NULL,"2026-09-07 20:18:36.182561","2026-09-07 20:18:36.182562","Accumulating","Obligationen","Andere","2023-11-01",NULL,NULL,"iShares"
"0aa21a1a-3c7c-483d-8e28-b0955a26dcfe","IE00B1FZS798","iShares $ Treasury Bond 7-10yr UCITS ETF USD (Dist)","iShares","IE","Sampling","0.070","7526105495","ICE U.S. Treasury 7-10 Year Bond Index","USD",NULL,"2026-09-07 20:18:36.182564","2026-09-07 20:18:36.182564","Distributing","Obligationen","Andere","2006-12-08",NULL,NULL,"iShares"
"9c9b7232-9120-4b87-93c5-95a44e7dd761","IE000AFPWN34","iShares Global Aggregate 1-5 Year Bond Index Fund (IE) D Accumulating SGD","iShares","IE",NULL,"0.150","1617239318","BBG Global Aggregate 1-5 Year Index SGD","SGD",NULL,"2026-09-07 20:18:36.182566","2026-09-07 20:18:36.182566","Accumulating","Obligationen","Andere","2022-09-06",NULL,NULL,"iShares"
"3b6da50a-c3bc-49e2-b1c8-fa1b566d46ca","IE00B6QGFW01","iShares Emerging Asia Local Govt Bond UCITS ETF USD (Dist)","iShares","IE","Sampling","0.500","52383253","BBG EM Asia Local Currency Govt Country Cap NET Index","USD",NULL,"2026-09-07 20:18:36.182568","2026-09-07 20:18:36.182568","Distributing","Obligationen","Andere","2012-03-02",NULL,NULL,"iShares"
"ed48fa94-11e9-419d-8b35-9ee92be0a938","IE0002E5D123","iShares Global Aggregate 1-5 Year Bond Index Fund (IE) D Accumulating SGD Hedged","iShares","IE",NULL,"0.170","1622462434","BBG Global Aggregate 1-5 Year Index (USD)","SGD",NULL,"2026-09-07 20:18:36.18257","2026-09-07 20:18:36.182571","Accumulating","Obligationen","Andere","2022-09-06",NULL,NULL,"iShares"
"7c286689-e7f4-4218-9fed-3e7a5dc61833","IE00B3F81R35","iShares Core € Corp Bond UCITS ETF EUR (Dist)","iShares","IE","Sampling","0.090","13386927494","BBG Euro Corporate Index (EUR)","EUR",NULL,"2026-09-07 20:18:36.182573","2026-09-07 20:18:36.182573","Distributing","Obligationen","Andere","2009-03-06",NULL,NULL,"iShares"
"f511693d-3523-479d-8e82-f314d0274411","IE000O9PL4G9","iShares Global Aggregate 1-5 Year Bond Index Fund (IE) Flexible Dist AUD Hedged","iShares","IE",NULL,"0.030","1617239318","BBG Global Aggregate 1-5 Year Index (USD)","AUD",NULL,"2026-09-07 20:18:36.182574","2026-09-07 20:18:36.182575","Distributing","Obligationen","Andere","2024-10-25",NULL,NULL,"iShares"
"c8b3036f-b069-4cf3-ad6d-4cd0066d8028","IE000239FXR9","iShares Emerging Markets Government Bond Index Fund (IE) D Accumulating SGD","iShares","IE",NULL,"0.180","3567595822","JPM Emerging Markets Bond Index Global Diversified Custom Defaults - SGD","SGD",NULL,"2026-09-07 20:18:36.182576","2026-09-07 20:18:36.182577","Accumulating","Obligationen","Andere","2022-09-06",NULL,NULL,"iShares"
"763d3161-3844-4b29-bca9-4e110a705b4c","IE00B3DKXQ41","iShares € Aggregate Bond ESG SRI UCITS ETF EUR (Dist)","iShares","IE","Sampling","0.160","1674852939","Bloomberg MSCI Euro Aggregate and Green Bond ESG SRI Index (EUR)","EUR",NULL,"2026-09-07 20:18:36.182579","2026-09-07 20:18:36.182579","Distributing","Obligationen","Art. 8","2009-03-06",NULL,NULL,"iShares"
"e9caa387-bbd9-4c41-8ee2-f874f9302b4c","IE00B5M4WH52","iShares J.P. Morgan EM Local Govt Bond UCITS ETF USD (Dist)","iShares","IE","Sampling","0.500","5594571157","JP Morgan GBI-EM Global Diversified 10% Cap 1% Floor Index-NET USD","USD",NULL,"2026-09-07 20:18:36.182581","2026-09-07 20:18:36.182581","Distributing","Obligationen","Andere","2011-06-20",NULL,NULL,"iShares"
"bf1f61a3-32b6-4981-9d96-e6a03634fae3","IE00017RYKX9","iShares Developed World Screened Index Fund (IE) Flex Acc CHF Hedged","iShares","IE",NULL,"0.020","5161921582","MSCI World Screened Index","CHF",NULL,"2026-09-07 20:18:36.182582","2026-09-07 20:18:36.182583","Accumulating","Equities","Art. 8","2023-11-01",NULL,NULL,"iShares"
"176caef0-7d7d-4cd8-9b41-68509819dc16","IE00B4L5ZY03","iShares € Corp Bond ex-Financials 1-5Yr ESG SRI UCITS ETF EUR (Dist)","iShares","IE","Sampling","0.200","1336850977","Bloomberg MSCI Euro Corporate ex-Financials 1-5 Year ESG SRI Bond Index (EU","EUR",NULL,"2026-09-07 20:18:36.182584","2026-09-07 20:18:36.182584","Distributing","Obligationen","Art. 8","2009-09-25",NULL,NULL,"iShares"
"fa90a74a-19b4-4225-831a-af13893f4550","IE00B83YJG36","iShares Developed Real Estate Index Fund (IE) Inst Acc EUR","iShares","IE",NULL,"0.230","1578871775","FTSE EPRA Nareit Developed Net Index EUR (EUR)","EUR",NULL,"2026-09-07 20:18:36.182585","2026-09-07 20:18:36.182586","Accumulating","Real Estate","Andere","2013-02-13",NULL,NULL,"iShares"
"c79421f5-9c69-429d-996f-b5ef75d34b24","IE00B4L5ZG21","iShares € Corp Bond ex-Financials UCITS ETF EUR (Dist)","iShares","IE","Sampling","0.200","967185241","Bloomberg Euro Corporate ex-Financials Bond Index (EUR)","EUR",NULL,"2026-09-07 20:18:36.182587","2026-09-07 20:18:36.182587","Distributing","Obligationen","Andere","2009-09-25",NULL,NULL,"iShares"
"8511274b-1248-4dd4-ab51-cf7e34e5f9fa","IE00B4L60045","iShares € Corp Bond 1-5yr UCITS ETF EUR (Dist)","iShares","IE","Sampling","0.200","4301799704","BBG Euro Corp 1-5 Yrs (EUR)","EUR",NULL,"2026-09-07 20:18:36.182588","2026-09-07 20:18:36.182588","Distributing","Obligationen","Andere","2009-09-25",NULL,NULL,"iShares"
"341aa0b0-c348-4a8f-b951-ac90796ad3cd","IE00B1FZS913","iShares € Govt Bond 15-30yr UCITS ETF EUR (Dist)","iShares","IE","Sampling","0.150","958930763","Bloomberg Euro Government Bond 30 Year Term Index","EUR",NULL,"2026-09-07 20:18:36.182589","2026-09-07 20:18:36.18259","Distributing","Obligationen","Andere","2006-12-08",NULL,NULL,"iShares"
"b34cef84-9072-4d7c-809f-a22d5c9600bc","IE00B4WXJH41","iShares € Govt Bond 10-15yr UCITS ETF EUR (Dist)","iShares","IE","Sampling","0.150","324368643","BBG Euro Government Bond 10-15 Year Term Index","EUR",NULL,"2026-09-07 20:18:36.182591","2026-09-07 20:18:36.182591","Distributing","Obligationen","Andere","2009-04-17",NULL,NULL,"iShares"
"ca282360-3667-4dd9-bfd4-2019cf2ce331","IE00B14X4Q57","iShares € Govt Bond 1-3yr UCITS ETF EUR (Dist)","iShares","IE","Sampling","0.100","1770317145","BBG EU Term 1-3 Year Index (EUR)","EUR",NULL,"2026-09-07 20:18:36.182592","2026-09-07 20:18:36.182592","Distributing","Obligationen","Andere","2006-06-05",NULL,NULL,"iShares"
"66927304-7659-4acc-b3d0-2afcfad341f4","IE00B6X2VY59","iShares € Corp Bond Interest Rate Hedged ESG SRI UCITS ETF EUR (Dist)","iShares","IE","Sampling","0.250","232792446","Bloomberg MSCI EUR Corporate Interest Rate Hedged ESG SRI Index","EUR",NULL,"2026-09-07 20:18:36.182593","2026-09-07 20:18:36.182594","Distributing","Obligationen","Art. 8","2012-10-22",NULL,NULL,"iShares"
"53906fee-ec5f-4471-aef8-c55c0c960e31","IE00B0M62X26","iShares € Inflation Linked Govt Bond UCITS ETF EUR (Acc)","iShares","IE","Sampling","0.090","1941820779","BBG Euro Government Inflation-Linked Bond Index (EUR)","EUR",NULL,"2026-09-07 20:18:36.182595","2026-09-07 20:18:36.182595","Accumulating","Obligationen","Andere","2005-11-18",NULL,NULL,"iShares"
"f3a174b4-76ad-4782-8601-9a645adbaaaf","IE00BJ023R69","iShares Developed World Index Fund (IE) Institutional Acc EUR Hedged","iShares","IE",NULL,"0.180","30285255874","MSCI World Net TR Index","EUR",NULL,"2026-09-07 20:18:36.182597","2026-09-07 20:18:36.182597","Accumulating","Equities","Andere","2019-06-14",NULL,NULL,"iShares"
"2e3e2fa2-eb7b-4524-85ad-6964d6d030f9","IE00B1FZS806","iShares € Govt Bond 7-10yr UCITS ETF EUR (Dist)","iShares","IE","Sampling","0.150","1019659279","BBG EU Term 7-10 Year Index","EUR",NULL,"2026-09-07 20:18:36.182598","2026-09-07 20:18:36.182598","Distributing","Obligationen","Andere","2006-12-08",NULL,NULL,"iShares"
"71ab185b-cd72-4f54-92d3-cc7c126a1dd1","IE00B4WXJG34","iShares € Govt Bond 5-7yr UCITS ETF EUR (Dist)","iShares","IE","Sampling","0.150","611363265","BBG Euro Government Bond 5-7 Year Term Index","EUR",NULL,"2026-09-07 20:18:36.182599","2026-09-07 20:18:36.1826","Distributing","Obligationen","Andere","2009-04-17",NULL,NULL,"iShares"
"856b56ce-9894-4020-a6f3-a446862f47c7","IE00B1FZS681","iShares € Govt Bond 3-5yr UCITS ETF EUR (Dist)","iShares","IE","Sampling","0.150","2113779648","BBG EU Term 3-5 Year Index","EUR",NULL,"2026-09-07 20:18:36.182601","2026-09-07 20:18:36.182601","Distributing","Obligationen","Andere","2006-12-08",NULL,NULL,"iShares"
"3eb8f6f3-11cd-401d-b556-8a08655773f3","IE00B3FH7618","iShares € Govt Bond 0-1yr UCITS ETF EUR (Dist)","iShares","IE","Sampling","0.070","1271643523","BBG Euro Short Treasury Index (EUR)","EUR",NULL,"2026-09-07 20:18:36.182602","2026-09-07 20:18:36.182602","Distributing","Obligationen","Andere","2009-03-06",NULL,NULL,"iShares"
"b58c92dc-7cf7-44fb-bed1-f3ca6ab60217","IE00BP2C1Z01","iShares Screened Global Corporate Bond Index Fund (IE) Inst Acc GBP Hedged","iShares","IE",NULL,"0.170","4398006983","BBG Global Aggregate Corporate Index (USD)","GBP",NULL,"2026-09-07 20:18:36.182603","2026-09-07 20:18:36.182604","Accumulating","Obligationen","Art. 8","2021-06-30",NULL,NULL,"iShares"
"85a08033-21fd-48a6-980b-aecb5011a333","IE00B4WXJJ64","iShares Core € Govt Bond UCITS ETF EUR (Dist)","iShares","IE","Sampling","0.070","6244308395","Bloomberg Euro Treasury Bond Index","EUR",NULL,"2026-09-07 20:18:36.182605","2026-09-07 20:18:36.182605","Distributing","Obligationen","Andere","2009-04-17",NULL,NULL,"iShares"
"33ddb95a-b228-48a7-a30d-eaa94fc48e1b","IE00B7LW6Y90","iShares Italy Govt Bond UCITS ETF EUR (Dist)","iShares","IE","Sampling","0.200","1064579280","Bloomberg Italy Treasury Bond Index","EUR",NULL,"2026-09-07 20:18:36.182606","2026-09-07 20:18:36.182606","Distributing","Obligationen","Andere","2012-05-08",NULL,NULL,"iShares"
"cfa6dcc7-6a07-455f-a020-6079e30d760b","IE00B3B8PX14","iShares Global Inflation Linked Govt Bond UCITS ETF USD (Acc)","iShares","IE","Sampling","0.200","1532710332","BBG World Government Inflation-Linked Bond Index (USD)","USD",NULL,"2026-09-07 20:18:36.182608","2026-09-07 20:18:36.182608","Accumulating","Obligationen","Andere","2008-08-01",NULL,NULL,"iShares"
"a833bc04-7133-4fce-b33f-00973c556cda","IE00BLLZQ805","iShares Growth Portfolio UCITS ETF EUR (Acc)","iShares","IE","Physical Replication","0.250","139257144","Placeholder for prolonged perf holidays (No Benchmark applicable) (EUR)","EUR",NULL,"2026-09-07 20:18:36.182609","2026-09-07 20:18:36.182609","Accumulating","Multi-Asset","Art. 8","2020-09-08",NULL,NULL,"iShares"
"0842510e-ae5d-4e32-86c0-8ed5183dd683","IE000C6ITGC8","iShares Quantum Computing UCITS ETF USD (Acc)","iShares","IE","Physical (Full replication)","0.500","75352744","STOXX Global Quantum Computing Index USD NR","USD",NULL,"2026-09-07 20:18:36.182611","2026-09-07 20:18:36.182611","Accumulating","Equities","Andere","2025-12-03",NULL,NULL,"iShares"
"41ed7c82-40e4-44da-8e78-cc48d643d30a","IE00B44CGS96","iShares US Aggregate Bond UCITS ETF USD (Dist)","iShares","IE","Sampling","0.250","6114435891","Bloomberg US Aggregate Bond Index","USD",NULL,"2026-09-07 20:18:36.182612","2026-09-07 20:18:36.182612","Distributing","Obligationen","Andere","2011-09-13",NULL,NULL,"iShares"
"bca2c265-6810-4fc0-b886-5f1c065cf4af","IE00BLP53M98","iShares Conservative Portfolio UCITS ETF EUR (Acc)","iShares","IE","Physical Replication","0.250","19467616","Placeholder for prolonged perf holidays (No Benchmark applicable) (EUR)","EUR",NULL,"2026-09-07 20:18:36.182614","2026-09-07 20:18:36.182614","Accumulating","Multi-Asset","Art. 8","2020-09-08",NULL,NULL,"iShares"
"f42692d1-6407-4fb9-8495-cf18f38aac23","IE00B3F81K65","iShares Global Govt Bond UCITS ETF USD (Dist)","iShares","IE","Sampling","0.200","3390938242","FTSE G7 Government Bond Index (USD)","USD",NULL,"2026-09-07 20:18:36.182615","2026-09-07 20:18:36.182615","Distributing","Obligationen","Andere","2009-03-06",NULL,NULL,"iShares"
"55392772-6b55-497f-aafa-56b9772e7a31","IE00BLLZQS08","iShares Moderate Portfolio UCITS ETF EUR (Acc)","iShares","IE","Physical Replication","0.250","83164466","Placeholder for prolonged perf holidays (No Benchmark applicable) (EUR)","EUR",NULL,"2026-09-07 20:18:36.182616","2026-09-07 20:18:36.182616","Accumulating","Multi-Asset","Art. 8","2020-09-08",NULL,NULL,"iShares"
"8047b8c6-7423-40fa-88af-b81dd98f9afd","IE000GB1R6V7","iShares Developed World Index Fund (IE) D Acc USD Hedged","iShares","IE",NULL,"0.140","30285255874","MSCI World Net TR Index","USD",NULL,"2026-09-07 20:18:36.182617","2026-09-07 20:18:36.182618","Accumulating","Equities","Andere","2024-10-29",NULL,NULL,"iShares"
"930d181d-0295-473f-a8a6-dbedc981a1d6","IE000V5L2NZ3","iShares Developed Real Estate Index Fund (IE) Flex Acc CHF Hedged","iShares","IE",NULL,"0.030","1574172407","FTSE EPRA Nareit Developed Index (Net)","CHF",NULL,"2026-09-07 20:18:36.182619","2026-09-07 20:18:36.182619","Accumulating","Real Estate","Andere","2023-11-01",NULL,NULL,"iShares"
"97028b96-58f4-415c-8f52-dfad70562f66","DE0002635273","iShares DivDAX® UCITS ETF (DE)","iShares","DE","Physical (Full replication)","0.310","563459891","DIVDAX GR","EUR",NULL,"2026-09-07 20:18:36.18262","2026-09-07 20:18:36.18262","Distributing","Equities","Andere","2005-04-04",NULL,NULL,"iShares"
"b03d6b44-1a05-429c-a192-d65e5b417bd5","IE00B52VJ196","iShares MSCI Europe SRI UCITS ETF EUR (Acc)","iShares","IE","Physical (Full replication)","0.200","3312401796","MSCI EUROPE SRI SELECT REDUCED FOSSIL FUEL NET Index (EUR)","EUR",NULL,"2026-09-07 20:18:36.182622","2026-09-07 20:18:36.182622","Accumulating","Equities","Art. 8","2011-02-25",NULL,NULL,"iShares"
"5acc9fb0-d538-4cbd-9de1-d7e18ec548e5","IE00B652H904","iShares EM Dividend UCITS ETF USD (Dist)","iShares","IE","Physical (Full replication)","0.650","1537892624","Dow Jones Emerging Markets Select Dividend Index (USD) CLOSE NTR","USD",NULL,"2026-09-07 20:18:36.182623","2026-09-07 20:18:36.182623","Distributing","Equities","Andere","2011-11-25",NULL,NULL,"iShares"
"31810678-15e2-41f8-b5c7-3019fecbc20c","IE00BKVL7331","iShares Edge MSCI USA Minimum Volatility Advanced UCITS ETF USD (Acc)","iShares","IE","Physical (Sampling)","0.200","110438564","MSCI USA Minimum Volatility Advanced Select Index","USD",NULL,"2026-09-07 20:18:36.182624","2026-09-07 20:18:36.182624","Accumulating","Equities","Art. 8","2020-04-20",NULL,NULL,"iShares"
"ce887fc7-8c9c-44e5-b15b-fd2d9f551592","IE00B57X3V84","iShares Dow Jones Global Leaders Screened UCITS ETF USD (Acc)","iShares","IE","Physical (Full replication)","0.600","2259953982","DJ Best-in-Class WRLD ENLARGED ex Alc,Tobac,Gamb,Arms&Adult Ent.Net Index","USD",NULL,"2026-09-07 20:18:36.182626","2026-09-07 20:18:36.182626","Accumulating","Equities","Art. 8","2011-02-25",NULL,NULL,"iShares"
"7ad91180-ac41-48f0-bea4-6ebbadf7c5a9","IE00BSKRK281","iShares € Corp Bond BBB-BB UCITS ETF EUR (Dist)","iShares","IE","Sampling","0.250","438259668","iBoxx EUR Corporates BBB-BB (5% Issuer Cap) Index","EUR",NULL,"2026-09-07 20:18:36.182627","2026-09-07 20:18:36.182627","Distributing","Obligationen","Andere","2015-02-03",NULL,NULL,"iShares"
"62d5e748-b2de-4d50-bf5c-ac78f5b2270c","DE0006289465","iShares eb.rexx® Government Germany UCITS ETF (DE)","iShares","DE","Sampling","0.160","214438983","Eb Rexx Government Germany Close","EUR",NULL,"2026-09-07 20:18:36.182628","2026-09-07 20:18:36.182628","Distributing","Obligationen","Andere","2003-02-04",NULL,NULL,"iShares"
"7c9f0b77-5e53-414f-92b5-36cf8a5db671","IE000W1AURU9","iShares $ High Yield Corp Bond ESG Paris-Aligned Climate UCITS ETF USD (Dist)","iShares","IE","Physical (Sampling)","0.250","423274659","Bloomberg MSCI US Corporate High Yield Climate Paris-Aligned ESG Select Index (PAB)","USD",NULL,"2026-09-07 20:18:36.182631","2026-09-07 20:18:36.182631","Distributing","Obligationen","Art. 8","2023-12-06",NULL,NULL,"iShares"
"59e895d8-5bf6-428f-95a6-91ca6f14f3e3","IE000XUK0R09","iShares Developed World Index Fund D SGD Hedged","iShares","IE",NULL,"0.140","30285255874","MSCI World Net TR Index","SGD",NULL,"2026-09-07 20:18:36.182632","2026-09-07 20:18:36.182633","Accumulating","Equities","Andere","2021-11-15",NULL,NULL,"iShares"
"2169eff3-8f45-4cdb-8765-94609beb30ed","DE0002635265","iShares Pfandbriefe UCITS ETF (DE)","iShares","DE","Sampling","0.100","412764298","iBoxx Pfandbriefe Index","EUR",NULL,"2026-09-07 20:18:36.182634","2026-09-07 20:18:36.182634","Distributing","Obligationen","Andere","2004-12-02",NULL,NULL,"iShares"
"ce37f063-2790-4a38-8679-a7c0fa06c4ce","IE000H92C4B8","iShares € High Yield Corp Bond ESG Paris-Aligned Climate UCITS ETF EUR (Dist)","iShares","IE","Physical (Sampling)","0.250","497572179","Bloomberg MSCI Euro Corporate High Yield Climate Paris-Aligned ESG Select Index (PAB)","EUR",NULL,"2026-09-07 20:18:36.182635","2026-09-07 20:18:36.182635","Distributing","Obligationen","Art. 8","2023-12-06",NULL,NULL,"iShares"
"41314c40-aec4-40cb-b8b1-ef2bef18555c","IE00BKVL7D31","iShares Edge MSCI Europe Minimum Volatility Advanced UCITS ETF EUR (Acc)","iShares","IE","Physical (Sampling)","0.250","29129317","MSCI Europe Minimum Volatility Advanced Select Index","EUR",NULL,"2026-09-07 20:18:36.182636","2026-09-07 20:18:36.182637","Accumulating","Equities","Art. 8","2020-04-17",NULL,NULL,"iShares"
"5855bf91-6f14-4f3e-8e58-2bd11d5aac6c","DE0005933956","iShares Core EURO STOXX 50 UCITS ETF (DE)","iShares","DE","Physical (Full replication)","0.100","9327833842","STOXX Eurozone 50 (Net Return)","EUR",NULL,"2026-09-07 20:18:36.182638","2026-09-07 20:18:36.182638","Distributing","Equities","Andere","2000-12-27",NULL,NULL,"iShares"
"fa34a52b-73df-40e8-b79c-c25f4a1ea247","IE0004WPSAM9","iShares € Ultrashort Bond UCITS ETF CHF Hedged (Acc)","iShares","IE","Sampling","0.120","6134465751","iBoxx EUR Liquid Investment Grade Ultrashort Index (EUR)","CHF",NULL,"2026-09-07 20:18:36.182639","2026-09-07 20:18:36.182639","Accumulating","Obligationen","Andere","2024-10-28",NULL,NULL,"iShares"
"b704ab6a-7a93-4ef4-9a18-ab74b6cd6f2e","IE0008471009","iShares Core EURO STOXX 50 UCITS ETF EUR (Dist)","iShares","IE","Physical (Full replication)","0.100","5700463672","STOXX Eurozone 50 (Net Return)","EUR",NULL,"2026-09-07 20:18:36.182641","2026-09-07 20:18:36.182641","Distributing","Equities","Andere","2000-04-03",NULL,NULL,"iShares"
"cf874a1d-8700-47a1-8867-8e03093ab487","IE000RN58M26","iShares Metaverse UCITS ETF USD (Acc)","iShares","IE","Physical (Full replication)","0.500","97656158","STOXX Global Metaverse Index (Net USD) (USD)","USD",NULL,"2026-09-07 20:18:36.182642","2026-09-07 20:18:36.182642","Accumulating","Equities","Art. 8","2022-12-07",NULL,NULL,"iShares"
"60b29474-8698-41a7-944b-c0defb159a8f","IE00BKVL7778","iShares Edge MSCI World Minimum Volatility Advanced UCITS ETF USD (Acc)","iShares","IE","Physical (Sampling)","0.300","389804716","MSCI World Minimum Volatility Advanced Select Index","USD",NULL,"2026-09-07 20:18:36.182644","2026-09-07 20:18:36.182644","Accumulating","Equities","Art. 8","2020-04-20",NULL,NULL,"iShares"
"37f96b1a-a2f9-4b01-9e54-b7487e8d2c42","DE000A0D8Q07","iShares EURO STOXX UCITS ETF (DE)","iShares","DE","Physical (Full replication)","0.200","2877952021","STOXX Eurozone","EUR",NULL,"2026-09-07 20:18:36.182645","2026-09-07 20:18:36.182645","Distributing","Equities","Andere","2005-05-03",NULL,NULL,"iShares"
"f5614ebd-b567-4230-84a4-e377f7078761","IE00B0M62S72","iShares Euro Dividend UCITS ETF EUR (Dist)","iShares","IE","Physical (Full replication)","0.400","1699043859","STOXX Eurozone Select Div 30 (EUR)","EUR",NULL,"2026-09-07 20:18:36.182647","2026-09-07 20:18:36.182647","Distributing","Equities","Andere","2005-10-28",NULL,NULL,"iShares"
"84270bb0-a26e-404c-8901-d6677deac17b","IE00B02KXL92","iShares EURO STOXX Mid UCITS ETF EUR (Dist)","iShares","IE","Physical (Sampling)","0.400","571610844","Stoxx Eurozone Mid","EUR",NULL,"2026-09-07 20:18:36.182648","2026-09-07 20:18:36.182648","Distributing","Equities","Andere","2004-10-29",NULL,NULL,"iShares"
"92393100-43e1-4658-8437-5bcc8e62dc2e","DE0006289309","iShares EURO STOXX Banks 30-15 UCITS ETF (DE) EUR (Dist)","iShares","DE","Physical (Full replication)","0.510","2873620073","EURO STOXX Banks 30-15 Net TR in EUR (EUR)","EUR",NULL,"2026-09-07 20:18:36.18265","2026-09-07 20:18:36.18265","Distributing","Equities","Andere","2001-04-25",NULL,NULL,"iShares"
"1bed9d8a-171b-48fe-80f6-8a36ae1c83be","IE000JJPY166","iShares € Cash UCITS ETF EUR (Acc)","iShares","IE",NULL,"0.100","1106202694","ESTR Overnight (EUROSTR=) rate index (EUR)","EUR",NULL,"2026-09-07 20:18:36.182651","2026-09-07 20:18:36.182651","Accumulating","Barmittel","Art. 8","2024-11-21",NULL,NULL,"iShares"
"0e6ddc4d-4ad7-427e-8447-fafe591292ef","IE0007IZFCL5","iShares Euro Government Bond Index Fund (IE) Flexible Accumulation USD Hedged","iShares","IE",NULL,"0.030","4683220991","FTSE EMU Government Bond Index (EUR)","USD",NULL,"2026-09-07 20:18:36.182652","2026-09-07 20:18:36.182652","Accumulating","Obligationen","Andere","2023-04-28",NULL,NULL,"iShares"
"f31e11f6-70fb-44f9-b9f1-ee71eb74fce7","IE00B02KXM00","iShares EURO STOXX Small UCITS ETF EUR (Dist)","iShares","IE","Physical (Sampling)","0.400","452190952","EURO STOXX Small Index (SCXT)","EUR",NULL,"2026-09-07 20:18:36.182654","2026-09-07 20:18:36.182654","Distributing","Equities","Andere","2004-10-29",NULL,NULL,"iShares"
"47553e33-305a-4cf7-a8a2-7dcb9f0c6fb4","IE0005042456","iShares Core FTSE 100 UCITS ETF GBP (Dist)","iShares","IE","Physical (Full replication)","0.070","16736231647","FTSE 100 Index","GBP",NULL,"2026-09-07 20:18:36.182655","2026-09-07 20:18:36.182655","Distributing","Equities","Andere","2000-04-27",NULL,NULL,"iShares"
"063e6a40-199c-4bc2-8e40-57ba2536a460","IE00BD8PH174","iShares Global Inflation Linked Govt Bond UCITS ETF EUR Hedged","iShares","IE","Sampling","0.200","1532710332","BBG World Government Inflation-Linked Bond Index (USD)","EUR",NULL,"2026-09-07 20:18:36.182656","2026-09-07 20:18:36.182657","Distributing","Obligationen","Andere","2017-09-22",NULL,NULL,"iShares"
"1f6d9de4-e119-40bf-915c-07727d932299","IE00B02KXK85","iShares China Large Cap UCITS ETF USD (Dist)","iShares","IE","Physical (Full replication)","0.740","879742088","FTSE China 50 Index - USD Net Div (USD)","USD",NULL,"2026-09-07 20:18:36.182658","2026-09-07 20:18:36.182658","Distributing","Equities","Andere","2004-10-21",NULL,NULL,"iShares"
"a60b83ab-7f2f-4b4e-9461-3f7458b03e1b","IE00B00FV128","iShares FTSE 250 UCITS ETF GBP (Dist)","iShares","IE","Physical (Sampling)","0.400","660687369","FTSE 250","GBP",NULL,"2026-09-07 20:18:36.182659","2026-09-07 20:18:36.182659","Distributing","Equities","Andere","2004-03-26",NULL,NULL,"iShares"
"f80522ea-a25c-41fb-9486-2f6b53366aa6","IE00B1FZSF77","iShares US Property Yield UCITS ETF USD (Dist)","iShares","IE","Physical (Full replication)","0.400","668088538","FTSE EPRA Nareit US Dividend+ Net of Tax Index (USD)","USD",NULL,"2026-09-07 20:18:36.18266","2026-09-07 20:18:36.18266","Distributing","Real Estate","Andere","2006-11-03",NULL,NULL,"iShares"
"8cb2a019-5eaa-48b6-a56e-87369985b728","IE00B1TXLS18","iShares UK Property UCITS ETF GBP (Dist)","iShares","IE","Physical (Full replication)","0.400","403351431","FTSE EPRA Nareit UK Net of Tax Index (GBP)","GBP",NULL,"2026-09-07 20:18:36.182662","2026-09-07 20:18:36.182662","Distributing","Real Estate","Andere","2007-03-16",NULL,NULL,"iShares"
"76ed848e-6dda-4308-afcb-9765c4c34d61","IE0009I5ZTL5","iShares Emerging Markets Government Bond Advanced Index Fund (IE) Flex Acc EUR","iShares","IE",NULL,"0.030","169958783","JPM Screened Tilted & Reweighted EMBI Gbl Dvsd Index in EUR (JSTAR EMBI)","EUR",NULL,"2026-09-07 20:18:36.182663","2026-09-07 20:18:36.182663","Accumulating","Obligationen","Art. 8","2022-09-06",NULL,NULL,"iShares"
"6c973557-a2b5-49ab-9b95-eaf47c01df56","IE00B1FZS350","iShares Developed Markets Property Yield UCITS ETF USD (Dist)","iShares","IE","Physical (Sampling)","0.590","1640823041","FTSE EPRA Nareit Developed Dividend+ Net Index in USD","USD",NULL,"2026-09-07 20:18:36.182664","2026-09-07 20:18:36.182665","Distributing","Real Estate","Andere","2006-10-20",NULL,NULL,"iShares"
"954b3ef2-27a7-4673-9a2c-dd61cbc93349","IE00B1FZS244","iShares Asia Property Yield UCITS ETF USD (Dist)","iShares","IE","Physical (Full replication)","0.590","220602482","FTSE EPRA Nareit Developed Asia Dividend+ NET Index in USD","USD",NULL,"2026-09-07 20:18:36.182666","2026-09-07 20:18:36.182666","Distributing","Real Estate","Andere","2006-10-20",NULL,NULL,"iShares"
"5a11fb12-ace2-4dfe-bb5e-d6327cade9f1","IE0001JCX718","iShares World ex-Euro Government Bond Index Fund (IE) Flexible Accumulation USD Hedged","iShares","IE",NULL,"0.030","1433615915","FTSE Non-EUR World Government Bond Index","USD",NULL,"2026-09-07 20:18:36.182667","2026-09-07 20:18:36.182667","Accumulating","Obligationen","Andere","2023-04-28",NULL,NULL,"iShares"
"d4ffb07e-a2df-4f00-acce-5f25404e54f9","IE00BF450720","iShares STOXX World Equity Multifactor UCITS ETF CHF Hedged (Acc)","iShares","IE","Physical (Full replication)","0.330","930217752","STOXX Developed World Equity Factor Screened Net Index","CHF",NULL,"2026-09-07 20:18:36.182669","2026-09-07 20:18:36.182669","Accumulating","Equities","Art. 8","2017-09-28",NULL,NULL,"iShares"
"fc0d62c5-eb9e-4ba1-8a78-dd31bf350efc","IE00B0M63060","iShares UK Dividend UCITS ETF GBP (Dist)","iShares","IE","Physical (Full replication)","0.400","1341057610","FTSE UK Dividend+ Index","GBP",NULL,"2026-09-07 20:18:36.18267","2026-09-07 20:18:36.18267","Distributing","Equities","Andere","2005-11-04",NULL,NULL,"iShares"
"494bc32f-4c66-4b09-97c7-60f99047016b","IE00BD8PGZ49","iShares $ Treasury Bond 20+yr UCITS ETF EUR Hedged (Dist)","iShares","IE","Sampling","0.100","6029286059","ICE U.S. Treasury 20+ Year Bond Index","EUR",NULL,"2026-09-07 20:18:36.182671","2026-09-07 20:18:36.182672","Distributing","Obligationen","Andere","2017-09-21",NULL,NULL,"iShares"
"31c2b6d6-94cf-4770-828c-d0062b0932b8","IE00B1FZSB30","iShares Core UK Gilts UCITS ETF GBP (Dist)","iShares","IE","Sampling","0.070","4141155483","FTSE Actuaries UK Conventional Gilts All Stocks Index (GBP)","GBP",NULL,"2026-09-07 20:18:36.182673","2026-09-07 20:18:36.182673","Distributing","Obligationen","Andere","2006-12-01",NULL,NULL,"iShares"
"6a926b8d-2f00-451c-b6ff-16d3caee8120","IE00B1XNH568","iShares FTSE MIB UCITS ETF EUR (Dist)","iShares","IE","Physical (Full replication)","0.350","172222296","FTSE MIB CLOSE INDEX NET","EUR",NULL,"2026-09-07 20:18:36.182674","2026-09-07 20:18:36.182674","Distributing","Equities","Andere","2007-07-06",NULL,NULL,"iShares"
"aea20c14-0aea-4f5e-b063-8b18a957ab8d","IE00B4WXJK79","iShares UK Gilts 0-5yr UCITS ETF GBP (Dist)","iShares","IE","Sampling","0.070","3133796027","FTSE Actuaries UK Conventional Gilts up to 5 Years Index (GBP)","GBP",NULL,"2026-09-07 20:18:36.182675","2026-09-07 20:18:36.182675","Distributing","Obligationen","Andere","2009-04-17",NULL,NULL,"iShares"
"fb4e32fd-2e1e-43aa-9289-1b19376ceccb","IE00B1FZS467","iShares Global Infrastructure UCITS ETF USD (Dist)","iShares","IE","Physical (Full replication)","0.650","2787863259","FTSE Global Core Infrastructure Index (USD)","USD",NULL,"2026-09-07 20:18:36.182677","2026-09-07 20:18:36.182677","Distributing","Equities","Andere","2006-10-20",NULL,NULL,"iShares"
"d66cbc20-7490-4352-b0fa-5591882f8b49","IE00B0M63284","iShares European Property Yield UCITS ETF EUR (Dist)","iShares","IE","Physical (Full replication)","0.400","1014938612","FTSE EPRA Nareit Developed Europe ex UK Dividend Net Index in EUR","EUR",NULL,"2026-09-07 20:18:36.182678","2026-09-07 20:18:36.182678","Distributing","Real Estate","Andere","2005-11-04",NULL,NULL,"iShares"
"a37b7c65-fa42-4f04-b54f-e677a8e76582","IE00B74DQ490","iShares Global High Yield Corp Bond UCITS ETF USD (Dist)","iShares","IE","Sampling","0.500","3172885510","iBoxx Global Developed Markets Liquid High Yield Capped (USD) Index (USD)","USD",NULL,"2026-09-07 20:18:36.182679","2026-09-07 20:18:36.18268","Distributing","Obligationen","Andere","2012-11-13",NULL,NULL,"iShares"
"538fbaf0-c36d-4841-810d-fffab9d8649f","IE00B7J7TB45","iShares Global Corp Bond UCITS ETF USD (Dist)","iShares","IE","Sampling","0.200","4297377323","BBG Global Aggregate Corporate Index (USD)","USD",NULL,"2026-09-07 20:18:36.182681","2026-09-07 20:18:36.182681","Distributing","Obligationen","Andere","2012-09-24",NULL,NULL,"iShares"
"dcbab460-97d2-4095-acc0-75c4a8502eb8","CH0237935637","iShares Swiss Dividend ETF (CH)","iShares","CH","Physical (Full replication)","0.150","8356588825","SPI Select Dividend 20 Total Return","CHF",NULL,"2026-09-07 20:18:36.182682","2026-09-07 20:18:36.182682","Distributing","Equities","Andere","2014-04-28",NULL,NULL,"iShares"
"84b3bd1f-5f2d-47cc-a337-1f58e2bacd66","IE000BWITBP9","iShares iBonds Dec 2026 Term $ Corp UCITS ETF USD (Acc)","iShares","IE","Sampling","0.120","674973038","Bloomberg MSCI December 2026 Maturity USD Corporate ESG Screened Index","USD",NULL,"2026-09-07 20:18:36.182683","2026-09-07 20:18:36.182683","Accumulating","Obligationen","Art. 8","2023-08-09",NULL,NULL,"iShares"
"01ba1040-ec4b-40f9-86aa-a9cfef6e51b7","CH0237935652","iShares Core SPI® ETF (CH)","iShares","CH","Physical (Sampling)","0.100","5881202523","Switzerland SPI Index (CHF)","CHF",NULL,"2026-09-07 20:18:36.182684","2026-09-07 20:18:36.182684","Distributing","Equities","Andere","2014-04-28",NULL,NULL,"iShares"
"e347a6fa-8cd5-4497-8427-479b3502522e","LU3061474634","iShares World Equity Index Fund (LU) N2 USD","iShares","LU",NULL,"0.140","5094713775","MSCI World Index (custom) (USD)","USD",NULL,"2026-09-07 20:18:36.182685","2026-09-07 20:18:36.182686","Accumulating","Equities","Andere","2025-06-11",NULL,NULL,"iShares"
"cd1d49cd-3e2b-4454-a976-73f41bbd4f85","IE00B42NKQ00","iShares S&P 500 Energy Sector UCITS ETF USD (Acc)","iShares","IE","Physical (Full replication)","0.150","1798289776","S&P 500 Capped 35/20 Energy Index NTR","USD",NULL,"2026-09-07 20:18:36.182687","2026-09-07 20:18:36.182687","Accumulating","Equities","Andere","2015-11-20",NULL,NULL,"iShares"
"16e4cbc6-3260-4a52-b458-206c0ec66f88","IE00B2NPKV68","iShares J.P. Morgan $ EM Bond UCITS ETF USD (Dist)","iShares","IE","Sampling","0.450","8430678510","J.P. Morgan Emerging Markets Bond Index Global Diversified Core","USD",NULL,"2026-09-07 20:18:36.182688","2026-09-07 20:18:36.182688","Distributing","Obligationen","Andere","2008-02-15",NULL,NULL,"iShares"
"966c03a3-4397-4930-adfc-865a9b13c693","IE0007UPSEA3","iShares iBonds Dec 2026 Term $ Corp UCITS ETF USD (Dist)","iShares","IE","Sampling","0.120","674973038","Bloomberg MSCI December 2026 Maturity USD Corporate ESG Screened Index","USD",NULL,"2026-09-07 20:18:36.182689","2026-09-07 20:18:36.18269","Distributing","Obligationen","Art. 8","2023-08-09",NULL,NULL,"iShares"
"01e988a3-dbc0-42d5-a875-e92c2776be2a","IE000SIZJ2B2","iShares iBonds Dec 2026 Term € Corp UCITS ETF EUR (Dist)","iShares","IE","Sampling","0.120","1200522124","Bloomberg MSCI December 2026 Maturity EUR Corporate ESG Screened Index","EUR",NULL,"2026-09-07 20:18:36.182691","2026-09-07 20:18:36.182691","Distributing","Obligationen","Art. 8","2023-08-09",NULL,NULL,"iShares"
"b70a70b3-3985-44df-a785-99887ddac68e","IE00B3WJKG14","iShares S&P 500 Information Technology Sector UCITS ETF USD (Acc)","iShares","IE","Physical (Full replication)","0.150","19713244646","S&P 500 Capped 35/20 Information Technology Index NTR","USD",NULL,"2026-09-07 20:18:36.182692","2026-09-07 20:18:36.182692","Accumulating","Equities","Andere","2015-11-20",NULL,NULL,"iShares"
"f0798083-7697-43e7-9c8b-a1f21ca0a7fa","IE00B4PY7Y77","iShares $ High Yield Corp Bond UCITS ETF USD (Dist)","iShares","IE","Sampling","0.500","5942821125","iBoxx USD Liquid High Yield Capped (USD)","USD",NULL,"2026-09-07 20:18:36.182694","2026-09-07 20:18:36.182694","Distributing","Obligationen","Andere","2011-09-13",NULL,NULL,"iShares"
"b083bbe1-a78b-4a17-9f50-21177ba723aa","IE000HDKMJN5","iShares Emerging Markets Local Government Bond Index Fund D Acc EUR","iShares","IE",NULL,"0.250","2213843794","JP Morgan GBI-EM Global Diversified Index (EUR)","EUR",NULL,"2026-09-07 20:18:36.182695","2026-09-07 20:18:36.182695","Accumulating","Obligationen","Andere","2022-12-12",NULL,NULL,"iShares"
"40cff3ff-3042-4cd8-9eac-ffe9e9fb6be1","IE0032895942","iShares $ Corp Bond UCITS ETF USD (Dist)","iShares","IE","Sampling","0.200","8891503988","iBoxx USD Liquid Investment Grade Index","USD",NULL,"2026-09-07 20:18:36.182697","2026-09-07 20:18:36.182697","Distributing","Obligationen","Andere","2003-05-16",NULL,NULL,"iShares"
"ee8016d1-f80b-40c2-a732-15d1900c329c","IE00B00FV011","iShares Core £ Corp Bond UCITS ETF GBP (Dist)","iShares","IE","Sampling","0.200","1345049246","iBoxx GBP Liquid Corporates Large Cap Index","GBP",NULL,"2026-09-07 20:18:36.182698","2026-09-07 20:18:36.182698","Distributing","Obligationen","Andere","2004-03-29",NULL,NULL,"iShares"
"3fd4671d-b6ff-454f-87bd-95696dea38c7","IE00BGL86Z12","iShares Electric Vehicles and Driving Technology UCITS ETF USD (Acc)","iShares","IE","Physical (Full replication)","0.400","585057382","STOXX Global Electric Vehicles & Driving Technology NET Index (USD)","USD",NULL,"2026-09-07 20:18:36.182699","2026-09-07 20:18:36.182699","Accumulating","Equities","Art. 8","2019-02-20",NULL,NULL,"iShares"
"bc74d0b4-3724-4c92-a700-fa4f1ba261a6","IE00B43HR379","iShares S&P 500 Health Care Sector UCITS ETF USD (Acc)","iShares","IE","Physical (Full replication)","0.150","3213246543","S&P 500 Capped 35/20 Health Care Index NTR (USD)","USD",NULL,"2026-09-07 20:18:36.1827","2026-09-07 20:18:36.182701","Accumulating","Equities","Andere","2015-11-20",NULL,NULL,"iShares"
"ddc68f0e-de3e-4b6e-977a-3f6e5ad06118","IE000264WWY0","iShares iBonds Dec 2028 Term € Corp UCITS ETF EUR (Dist)","iShares","IE","Sampling","0.120","2503373025","Bloomberg MSCI December 2028 Maturity EUR Corporate ESG Screened Index","EUR",NULL,"2026-09-07 20:18:36.182702","2026-09-07 20:18:36.182702","Distributing","Obligationen","Art. 8","2023-08-09",NULL,NULL,"iShares"
"3f9dda16-53f3-41de-ae10-227e5f9c15f2","IE00B66F4759","iShares € High Yield Corp Bond UCITS ETF","iShares","IE","Sampling","0.500","7031995792","Markit iBoxx Euro Liquid High Yield Index (EUR)","EUR",NULL,"2026-09-07 20:18:36.182703","2026-09-07 20:18:36.182704","Distributing","Obligationen","Andere","2010-09-03",NULL,NULL,"iShares"
"c0afbb45-67bc-49df-abdf-6f8269ec8e12","IE00B3B8Q275","iShares € Covered Bond UCITS ETF EUR (Dist)","iShares","IE","Sampling","0.200","1591831967","iBoxx Euro Covered Bond Index","EUR",NULL,"2026-09-07 20:18:36.182705","2026-09-07 20:18:36.182705","Distributing","Obligationen","Andere","2008-08-01",NULL,NULL,"iShares"
"8baed302-f889-4403-bc3b-74b2f910e17e","IE000LXEN6X4","iShares EURO STOXX 50 ESG UCITS ETF EUR (Acc)","iShares","IE","Physical (Full replication)","0.100","133857575","EURO STOXX� 50 ESG Index","EUR",NULL,"2026-09-07 20:18:36.182706","2026-09-07 20:18:36.182706","Accumulating","Equities","Art. 8","2023-07-26",NULL,NULL,"iShares"
"1e25b3bf-0f5e-4203-81d4-975492933af8","IE000DSA11G0","iShares Global Inflation-Linked Bond Index Fund Flex EUR Hedged","iShares","IE",NULL,"0.030","2387814884","BBG World Government Inflation-Linked Bond Index (USD)","EUR",NULL,"2026-09-07 20:18:36.182707","2026-09-07 20:18:36.182707","Accumulating","Obligationen","Andere","2025-03-03",NULL,NULL,"iShares"
"0b417595-4ae9-4f71-b38d-a784f375b227","IE00B5L65R35","iShares £ Corp Bond 0-5yr UCITS ETF GBP (Dist)","iShares","IE","Sampling","0.200","1693560442","iBoxx GBP Corporates 0-5 Index","GBP",NULL,"2026-09-07 20:18:36.182709","2026-09-07 20:18:36.182709","Distributing","Obligationen","Andere","2011-03-30",NULL,NULL,"iShares"
"03b58220-37f0-461f-8599-9a591ee7a978","IE00B6TLBW47","iShares J.P. Morgan $ EM Corp Bond UCITS ETF USD (Dist)","iShares","IE","Sampling","0.500","3252635055","J.P. Morgan CEMBI Broad Diversified Core Index","USD",NULL,"2026-09-07 20:18:36.18271","2026-09-07 20:18:36.18271","Distributing","Obligationen","Andere","2012-04-17",NULL,NULL,"iShares"
"6d950c01-f1d0-4f15-95d9-01a1a820abb8","IE0000VITHT2","iShares iBonds Dec 2028 Term $ Corp UCITS ETF USD (Dist)","iShares","IE","Sampling","0.120","1431004570","Bloomberg MSCI December 2028 Maturity USD Corporate ESG Screened Index","USD",NULL,"2026-09-07 20:18:36.182712","2026-09-07 20:18:36.182712","Distributing","Obligationen","Art. 8","2023-08-09",NULL,NULL,"iShares"
"a8f0198e-8695-4b53-a404-1f06b9fc218b","IE00BDZRPS94","iShares US Corporate Bond Index Fund (IE) Class D Acc EUR","iShares","IE",NULL,"0.120","1391463234","FTSE Euro Bond Index","EUR",NULL,"2026-09-07 20:18:36.182713","2026-09-07 20:18:36.182713","Accumulating","Obligationen","Andere","2017-09-27",NULL,NULL,"iShares"
"9019c936-2ae4-4d9c-997e-ef0b9f92fd66","DE0005933923","iShares MDAX® UCITS ETF (DE) EUR (Acc)","iShares","DE","Physical (Full replication)","0.510","1538383708","MDAX (Performance Index) NET","EUR",NULL,"2026-09-07 20:18:36.182714","2026-09-07 20:18:36.182714","Accumulating","Equities","Andere","2001-04-19",NULL,NULL,"iShares"
"323deac4-3113-4ec1-a568-f289830b88d0","IE0000UJ3480","iShares iBonds Dec 2028 Term $ Corp UCITS ETF USD (Acc)","iShares","IE","Sampling","0.120","1431004570","Bloomberg MSCI December 2028 Maturity USD Corporate ESG Screened Index","USD",NULL,"2026-09-07 20:18:36.182715","2026-09-07 20:18:36.182716","Accumulating","Obligationen","Art. 8","2023-08-09",NULL,NULL,"iShares"
"0a7da87e-105b-41f5-ab35-b703b37d72f5","IE00BDZRS805","iShares World ex-Euro Government Bond Index Fund (IE) Class D Acc EUR","iShares","IE",NULL,"0.120","1433615915","FTSE Non-EUR World Government Bond Index in EUR","EUR",NULL,"2026-09-07 20:18:36.182717","2026-09-07 20:18:36.182717","Accumulating","Obligationen","Andere","2017-09-27",NULL,NULL,"iShares"
"5f93cc64-c761-48d6-a3cc-ff01c64c3f07","IE00B5377D42","iShares MSCI Australia UCITS ETF USD (Acc)","iShares","IE","Physical (Full replication)","0.500","644383849","MSCI Australia Index (Net)","USD",NULL,"2026-09-07 20:18:36.182718","2026-09-07 20:18:36.182718","Accumulating","Equities","Andere","2010-01-22",NULL,NULL,"iShares"
"e9473e4f-6abf-4032-bb94-e3eda61607d7","IE00B6R52259","iShares MSCI All Country World UCITS ETF USD (Acc)","iShares","IE","Physical (Sampling)","0.200","37601173365","MSCI All Country World Index (Net)","USD",NULL,"2026-09-07 20:18:36.18272","2026-09-07 20:18:36.18272","Accumulating","Equities","Andere","2011-10-21",NULL,NULL,"iShares"
"31b3cad5-c6e7-488f-a6d7-2cd948f41ae5","IE00BF2N5W82","iShares Emerging Markets Local Government Bond Index Fund (IE) D USD ACC","iShares","IE",NULL,"0.250","2213843794","JP Morgan GBI-EM Global Diversified Index (USD)","USD",NULL,"2026-09-07 20:18:36.182721","2026-09-07 20:18:36.182722","Accumulating","Obligationen","Andere","2018-05-04",NULL,NULL,"iShares"
"8227fe1a-9926-4481-8c8b-5f46dbfef41e","IE00B4MCHD36","iShares S&P 500 Consumer Discretionary Sector UCITS ETF USD (Acc)","iShares","IE","Physical (Full replication)","0.150","781612191","S&P 500 Capped 35/20 Consumer Discretionary Index NTR","USD",NULL,"2026-09-07 20:18:36.182723","2026-09-07 20:18:36.182723","Accumulating","Equities","Andere","2015-11-20",NULL,NULL,"iShares"
"2ea84b2d-a39e-4553-90b5-5dcfeebf2065","IE00B2QWDR12","iShares MSCI AC Far East ex-Japan Small Cap UCITS ETF USD (Dist)","iShares","IE","Physical (Sampling)","0.740","74647695","MSCI AC Far East ex Japan Small Cap Net Index in USD","USD",NULL,"2026-09-07 20:18:36.182724","2026-09-07 20:18:36.182724","Distributing","Equities","Andere","2008-05-09",NULL,NULL,"iShares"
"3ecd0fa7-bb64-4b1f-bd2c-723c67749e74","IE0003NA3WI1","iShares US Corporate Bond Index Fund (IE) Flexible Acc GBP Hedged","iShares","IE",NULL,"0.030","1391463234","FTSE Euro Dollar Bond Index (USD)","GBP",NULL,"2026-09-07 20:18:36.182725","2026-09-07 20:18:36.182726","Accumulating","Obligationen","Andere","2022-05-18",NULL,NULL,"iShares"
"696523ae-5b14-4c23-a06d-aa1647b58fdb","IE00B0M63730","iShares MSCI AC Far East ex-Japan UCITS ETF USD (Dist)","iShares","IE","Physical (Full replication)","0.740","2019142450","MSCI All Country World Far East Ex Japan USD Index (USD)","USD",NULL,"2026-09-07 20:18:36.182727","2026-09-07 20:18:36.182727","Distributing","Equities","Andere","2005-10-28",NULL,NULL,"iShares"
"e39f3af6-a84b-413d-892a-ce0c51b7a2c8","IE00B4JNQZ49","iShares S&P 500 Financials Sector UCITS ETF USD (Acc)","iShares","IE","Physical (Full replication)","0.150","2463848638","S&P 500 Capped 35/20 Financials Index NTR","USD",NULL,"2026-09-07 20:18:36.182728","2026-09-07 20:18:36.182728","Accumulating","Equities","Andere","2015-11-20",NULL,NULL,"iShares"
"d6d47f6e-7ee2-4d7d-972c-20aa4b1b31ff","IE00B3F81G20","iShares MSCI EM Small Cap UCITS ETF USD (Dist)","iShares","IE","Physical (Sampling)","0.740","339381098","MSCI Emerging Markets Small Cap Net TR Index","USD",NULL,"2026-09-07 20:18:36.18273","2026-09-07 20:18:36.18273","Distributing","Equities","Andere","2009-03-06",NULL,NULL,"iShares"
"650a8dca-9ef5-41e7-865a-09d4c33d30cd","IE00B4L5YC18","iShares MSCI EM UCITS ETF USD (Acc)","iShares","IE","Physical (Full replication)","0.180","10387495422","MSCI Emerging Markets Index (Net)","USD",NULL,"2026-09-07 20:18:36.182731","2026-09-07 20:18:36.182731","Accumulating","Equities","Andere","2009-09-25",NULL,NULL,"iShares"
"4273c218-225c-4417-949b-adf131c1a99a","IE00B0M63177","iShares MSCI Emerging Markets UCITS ETF (Dist)","iShares","IE","Physical (Full replication)","0.180","10236981990","MSCI Emerging Markets Index (Net)","USD",NULL,"2026-09-07 20:18:36.182733","2026-09-07 20:18:36.182733","Distributing","Equities","Andere","2005-11-18",NULL,NULL,"iShares"
"a5ee8cd5-1d63-4acd-8494-2317c66d7e82","IE00B14X4N27","iShares MSCI Europe ex-UK UCITS ETF EUR (Dist)","iShares","IE","Physical (Sampling)","0.400","1514066095","MSCI Europe ex UK Net Return Index (EUR)","EUR",NULL,"2026-09-07 20:18:36.182734","2026-09-07 20:18:36.182734","Distributing","Equities","Andere","2006-06-02",NULL,NULL,"iShares"
"01d72eed-6851-4dd0-a339-4f1b35e8b36d","IE00B4K48X80","iShares Core MSCI Europe UCITS ETF EUR (Acc)","iShares","IE","Physical (Sampling)","0.120","16033054296","MSCI Europe Index","EUR",NULL,"2026-09-07 20:18:36.182735","2026-09-07 20:18:36.182735","Accumulating","Equities","Andere","2009-09-25",NULL,NULL,"iShares"
"a62bf6c9-ad86-478e-99b8-8659d124918b","IE00B1YZSC51","iShares Core MSCI Europe UCITS ETF EUR (Dist)","iShares","IE","Physical (Sampling)","0.120","12145365536","MSCI Europe Index","EUR",NULL,"2026-09-07 20:18:36.182737","2026-09-07 20:18:36.182737","Distributing","Equities","Andere","2007-07-06",NULL,NULL,"iShares"
"758fb1fe-c011-421e-a5b6-a161d4272347","IE00B4L5YX21","iShares Core MSCI Japan IMI UCITS ETF USD (Acc)","iShares","IE","Physical (Sampling)","0.120","8875737033","MSCI Japan Investable Market Net Index (USD)","USD",NULL,"2026-09-07 20:18:36.182738","2026-09-07 20:18:36.182738","Accumulating","Equities","Andere","2009-09-25",NULL,NULL,"iShares"
"aa12ed54-4395-423a-b03e-b12ad23023e1","IE00B02KXH56","iShares MSCI Japan UCITS ETF (Dist)","iShares","IE","Physical (Full replication)","0.120","5181107901","MSCI Japan Index (Net)","USD",NULL,"2026-09-07 20:18:36.18274","2026-09-07 20:18:36.18274","Distributing","Equities","Andere","2004-10-01",NULL,NULL,"iShares"
"0ea057ec-efec-4c14-b851-36fa8ee34cce","IE00B0M63391","iShares MSCI Korea UCITS ETF (Dist)","iShares","IE","Physical (Full replication)","0.650","1177633048","MSCI Korea 20/35 Index","USD",NULL,"2026-09-07 20:18:36.182741","2026-09-07 20:18:36.182741","Distributing","Equities","Andere","2005-11-18",NULL,NULL,"iShares"
"b17599bb-01f5-4ebe-b940-332bb91fc105","IE00B2QWDY88","iShares MSCI Japan Small Cap UCITS ETF USD (Dist)","iShares","IE","Physical (Sampling)","0.580","685400667","MSCI Japan Small Cap Index (Net)","USD",NULL,"2026-09-07 20:18:36.182742","2026-09-07 20:18:36.182742","Distributing","Equities","Andere","2008-05-09",NULL,NULL,"iShares"
"7b81b68e-0bef-41ec-b1a9-c0983379d8cc","IE00BK7Y2Q41","iShares $ Corp Bond UCITS ETF CHF Hedged (Acc)","iShares","IE","Sampling","0.250","8891503988","iBoxx USD Liquid Investment Grade Index","CHF",NULL,"2026-09-07 20:18:36.182743","2026-09-07 20:18:36.182743","Accumulating","Obligationen","Andere","2019-06-26",NULL,NULL,"iShares"
"f32e01a1-05f2-451d-b848-fdc00abbf1ea","IE00B42Z5J44","iShares MSCI Japan EUR Hedged UCITS ETF (Acc)","iShares","IE","Physical (Sampling)","0.640","1273701555","MSCI Japan Net 100% EUR Hedged Index","EUR",NULL,"2026-09-07 20:18:36.182745","2026-09-07 20:18:36.182745","Accumulating","Equities","Andere","2010-09-30",NULL,NULL,"iShares"
"c7879477-1abd-4a2c-a35b-516a7387a6ad","IE00BKPX3K41","iShares MSCI AC Far East ex-Japan UCITS ETF USD (Acc)","iShares","IE","Physical (Full replication)","0.740","2019142450","MSCI All Country World Far East Ex Japan USD Index (USD)","USD",NULL,"2026-09-07 20:18:36.182746","2026-09-07 20:18:36.182747","Accumulating","Equities","Andere","2020-04-01",NULL,NULL,"iShares"
"58c1dd26-bf1f-42b3-a0c2-94320f756335","IE00B4M7GH52","iShares MSCI Poland UCITS ETF USD (Acc)","iShares","IE","Physical (Full replication)","0.740","1137186685","MSCI Emerging - Poland in Net USD","USD",NULL,"2026-09-07 20:18:36.182748","2026-09-07 20:18:36.182748","Accumulating","Equities","Andere","2011-01-21",NULL,NULL,"iShares"
"ea434510-a366-49ec-8bf0-7dd32cdebc60","IE000DR59CI3","iShares Energy Storage & Hydrogen UCITS ETF USD (Acc)","iShares","IE","Physical (Full replication)","0.500","59947038","STOXX Global Energy Storage and Hydrogen Index","USD",NULL,"2026-09-07 20:18:36.182749","2026-09-07 20:18:36.182749","Accumulating","Equities","Art. 8","2025-02-06",NULL,NULL,"iShares"
"543df06d-efc6-4efd-892c-a7c888689dc8","IE00BKPT2S34","iShares Global Inflation Linked Govt Bond UCITS ETF EUR Hedged (Acc)","iShares","IE","Sampling","0.200","1532710332","BBG World Government Inflation-Linked Bond Index (USD)","EUR",NULL,"2026-09-07 20:18:36.18275","2026-09-07 20:18:36.18275","Accumulating","Obligationen","Andere","2020-04-27",NULL,NULL,"iShares"
"1a1da46a-0732-43e8-83db-3e404682dbb5","IE00BL977C92","iShares MSCI China UCITS ETF USD (Dist)","iShares","IE","Physical (Full replication)","0.280","2695257078","MSCI China index (USD)","USD",NULL,"2026-09-07 20:18:36.182752","2026-09-07 20:18:36.182752","Distributing","Equities","Andere","2020-04-27",NULL,NULL,"iShares"
"949d6208-4537-4319-80b1-e30aab531687","IE00B14X4M10","iShares MSCI North America UCITS ETF USD (Dist)","iShares","IE","Physical (Full replication)","0.400","1602528121","MSCI North America Index (USD)","USD",NULL,"2026-09-07 20:18:36.182753","2026-09-07 20:18:36.182753","Distributing","Equities","Andere","2006-06-02",NULL,NULL,"iShares"
"f4502984-f46d-4e55-8360-d416ae5ba446","IE00B1FZS574","iShares MSCI Turkey UCITS ETF USD (Dist)","iShares","IE","Physical (Full replication)","0.740","124338430","MSCI Turkey - Net Returns","USD",NULL,"2026-09-07 20:18:36.182754","2026-09-07 20:18:36.182755","Distributing","Equities","Andere","2006-11-03",NULL,NULL,"iShares"
"a2bf37bd-a8ba-4c30-921a-bf5b54f26c44","IE00B0M63623","iShares MSCI Taiwan UCITS ETF USD (Dist)","iShares","IE","Physical (Full replication)","0.740","1741724452","MSCI Taiwan 20/35 Index (Net) (USD)","USD",NULL,"2026-09-07 20:18:36.182756","2026-09-07 20:18:36.182756","Distributing","Equities","Andere","2005-10-28",NULL,NULL,"iShares"
"6c1beef8-daee-429d-8bb6-15b30eede36c","IE00B4L5Y983","iShares Core MSCI World UCITS ETF","iShares","IE","Physical (Sampling)","0.200","154125494346","MSCI World Net TR Index","USD",NULL,"2026-09-07 20:18:36.182757","2026-09-07 20:18:36.182757","Accumulating","Equities","Andere","2009-09-25",NULL,NULL,"iShares"
"d3849e9b-b7dd-4ab3-8a14-d11deb7d548f","IE00B0M62Q58","iShares MSCI World UCITS ETF USD (Dist)","iShares","IE","Physical (Sampling)","0.500","9594851085","MSCI World Net TR Index","USD",NULL,"2026-09-07 20:18:36.182759","2026-09-07 20:18:36.182759","Distributing","Equities","Andere","2005-10-28",NULL,NULL,"iShares"
"df8e64ae-c34f-4341-9aaf-92c5ebe6422b","IE0004XHE738","iShares Global Inflation-Linked Bond Index Fund (IE) Flex Dist USD","iShares","IE",NULL,"0.030","2387814884","BBG World Government Inflation-Linked Bond Index (USD)","USD",NULL,"2026-09-07 20:18:36.18276","2026-09-07 20:18:36.18276","Distributing","Obligationen","Andere","2021-12-02",NULL,NULL,"iShares"
"dbf02873-29c1-4653-9efb-7a3cd40e3664","IE0000J01ZR0","iShares Emerging Markets Government Bond Index Fund (IE) D Acc EUR Hedged","iShares","IE",NULL,"0.200","3567595822","JPM Emerging Markets Bond Index Global Diversified Custom Defaults","EUR",NULL,"2026-09-07 20:18:36.182761","2026-09-07 20:18:36.182762","Accumulating","Obligationen","Andere","2024-03-06",NULL,NULL,"iShares"
"319b35cf-9e97-4158-9bf4-ae170f6cffd4","IE00B441G979","iShares MSCI World EUR Hedged UCITS ETF (Acc)","iShares","IE","Physical (Sampling)","0.550","5415500317","MSCI World Index","EUR",NULL,"2026-09-07 20:18:36.182763","2026-09-07 20:18:36.182763","Accumulating","Equities","Andere","2010-09-30",NULL,NULL,"iShares"
"e9f5bfc1-a4f4-4d48-a26c-b30f2743266f","IE00B3ZW0K18","iShares S&P 500 EUR Hedged UCITS ETF (Acc)","iShares","IE","Physical (Full replication)","0.200","8952592213","S&P 500 Index, 100% EURHedged Net Return","EUR",NULL,"2026-09-07 20:18:36.182764","2026-09-07 20:18:36.182764","Accumulating","Equities","Andere","2010-09-30",NULL,NULL,"iShares"
"8d27125a-0a4c-43a8-ab77-a2252992d952","IE0031442068","iShares Core S&P 500 UCITS ETF USD (Dist)","iShares","IE","Physical (Full replication)","0.070","23258514722","S&P 500 Index","USD",NULL,"2026-09-07 20:18:36.182766","2026-09-07 20:18:36.182766","Distributing","Equities","Andere","2002-03-15",NULL,NULL,"iShares"
"1c75ea4f-ab88-4436-b376-437632a00598","LU3065087333","UBS Sustainable Development Bank Bonds 1-5 UCITS ETF USD acc","UBS","LU","Physical + Optimized (equities) / sampled (bonds)","0.150","3140000","Solactive Global Multilateral Development Bank Bond USD 25% Issuer Capped 1-5 (TR)","USD",NULL,"2026-09-07 20:18:32.92171","2026-09-07 21:05:18.530285","Accumulating","Fixed Income",NULL,"2025-07-24","A41BBR",NULL,"UBS"
"2490f85e-38de-477a-bd61-3dc04341a840","LU3333848920","UBS Sustainable Development Bank Bonds 1-5 UCITS ETF hJPY acc","UBS","LU","Physical + Optimized (equities) / sampled (bonds)","0.180","80630000","Solactive Global Multilateral Development Bank Bond USD 25% Issuer Capped 1-5 (TR) (hedged JPY)","JPY",NULL,"2026-09-07 20:18:32.921753","2026-09-07 21:05:18.530285","Accumulating","Fixed Income",NULL,"2026-07-13","A42BZ5",70,"UBS"
"2a481ee6-975f-46ad-9d53-b77d698e6328","LU3079566835","UBS EUR Treasury Yield Plus UCITS ETF EUR acc","UBS","LU","Others","0.150","4940000","Bloomberg Euro Treasury Bond Index","EUR",NULL,"2026-09-07 20:18:32.921692","2026-09-07 21:05:18.530285","Accumulating","Fixed Income","Art.6","2025-09-11","A41C51",584,"UBS"
"2e2cab4a-a968-484f-ab00-46cc6aa40c73","CH1416135346","UBS SPI® ESG ETF CHF dis","UBS","CH","Physical (Full replication)","0.120","4870000","SPI® ESG weighted Total Return","CHF",NULL,"2026-09-07 20:18:32.921672","2026-09-07 21:05:18.530286","Distributing","Equities","Art.8","2025-03-20","A413VR",170,"UBS"
"3016108d-0ec3-4600-918a-814cdc780098","LU3065090717","UBS Sustainable Development Bank Bonds 1-5 UCITS ETF hEUR dis","UBS","LU","Physical + Optimized (equities) / sampled (bonds)","0.180","820000","Solactive Global Multilateral Development Bank Bond USD 25% Issuer Capped 1-5 (TR) (hedged EUR)","EUR",NULL,"2026-09-07 20:18:32.921726","2026-09-07 21:05:18.530286","Distributing","Fixed Income",NULL,"2026-01-15","A41N0B",NULL,"UBS"
"36c515cc-f259-4b7a-9894-caee49460ed5","IE000G6J9EE6","UBS Nasdaq-100 UCITS ETF hGBP acc","UBS","IE","Physical (Full replication)","0.160","1690000","Nasdaq-100 Notional Index (hedged GBP) (TRN)","GBP",NULL,"2026-09-07 20:18:32.92172","2026-09-07 21:05:18.530286","Accumulating","Equities","Art.6","2025-11-25","A41HXX",NULL,"UBS"
"372f3333-b2e6-44d9-8f31-b5e1af0f098c","LU1459799943","UBS Core BBG US Treasury 10+ UCITS ETF USD dis","UBS","LU","Physical (Full replication)","0.050","1080000","Bloomberg US 10+ Year Treasury Bond Total Return","USD",NULL,"2026-09-07 20:18:32.921703","2026-09-07 21:05:18.530287","Distributing","Fixed Income","Art.6","2025-07-15","A2APEA",99,"UBS"
"3b935ea7-8aa5-4cfd-9fbf-df57b18ebd68","LU1805389506","UBS Core BBG Euro Area Liquid Corp UCITS ETF EUR acc","UBS","LU","Physical + Optimized (equities) / sampled (bonds)","0.060","3680000","Bloomberg Euro Area Liquid Corporate Index (Total Return Net)","EUR",NULL,"2026-09-07 20:18:32.921702","2026-09-07 21:05:18.530287","Accumulating","Fixed Income","Art.8","2025-07-15","A41BBT",1085,"UBS"
"3d22e38d-77aa-45b6-83df-df2ec6d1ef40","IE0006BDZN36","UBS EUR Overnight Rate SF UCITS ETF EUR acc","UBS","IE","Synthetic","0.050","222110000","Solactive €STR Daily Total Return Index","EUR",NULL,"2026-09-07 20:18:32.921676","2026-09-07 21:05:18.530287","Accumulating","Fixed Income","Art.6","2025-05-19","A411BY",NULL,"UBS"
"3dfe153d-06f1-4487-9a65-0052b180e9e6","IE00006UUVE1","UBS MSCI ACWI Climate Paris Aligned UCITS ETF hAUD acc","UBS","IE","Physical (Full replication)","0.210","2870000","MSCI ACWI Climate Paris Aligned PAB with Developed Markets (NTR) (hedged AUD)","AUD",NULL,"2026-09-07 20:18:32.921754","2026-09-07 21:05:18.530287","Accumulating","Equities","Art.9","2026-07-22","A42C0N",NULL,"UBS"
"43d4ea1a-b1ad-40a6-9b76-e3e0da656db1","LU2807513085","UBS MSCI World ex USA UCITS ETF USD dis","UBS","LU","Physical (Full replication)","0.090","110000","MSCI World (ex US) (net div. reinv.)","USD",NULL,"2026-09-07 20:18:32.921758","2026-09-07 21:05:18.530288","Distributing","Equities","Art.6","2026-08-05","A40X49",NULL,"UBS"
"4467e993-ea1e-4ec8-8f2e-69ff6ee4a59c","IE000AZ2HZ31","UBS MSCI World Small Cap UCITS ETF USD acc","UBS","IE","Physical + Optimized (equities) / sampled (bonds)","0.200","43920000","MSCI World Small Cap Index (NTR)","USD",NULL,"2026-09-07 20:18:32.921729","2026-09-07 21:05:18.530288","Accumulating","Equities","Art.6","2026-06-03","A426N7",3866,"UBS"
"457754ea-9b6a-4baf-bb76-dd2f2bd84a7b","LU3259261470","UBS BBG MSCI Global Liquid Corp Sustainable UCITS ETF hGBP dis","UBS","LU","Physical + Optimized (equities) / sampled (bonds)","0.160","2520000","Bloomberg MSCI Global Liquid Corporates Sustainable (hedged GBP)","GBP",NULL,"2026-09-07 20:18:32.921733","2026-09-07 21:05:18.530288","Distributing","Fixed Income","Art.8","2026-03-04","A421EX",NULL,"UBS"
"4673858b-ed97-4a43-a70e-b973aa0bae09","IE00BD4TXW66","UBS Core S&P 500 UCITS ETF USD acc","UBS","IE","Physical (Full replication)","0.030","2270990000","S&P 500 Total Return Net","USD",NULL,"2026-09-07 20:18:32.921716","2026-09-07 21:05:18.530289","Accumulating","Equities","Art.6","2025-08-05","A41DL0",503,"UBS"
"51311ee3-06ad-4fe3-8043-1bbe9365e670","IE000ALCW221","UBS MSCI ACWI Climate Paris Aligned UCITS ETF hCHF acc","UBS","IE","Physical (Full replication)","0.210","370680000","MSCI ACWI Climate Paris Aligned PAB with Developed Markets (NTR) (hedged CHF)","CHF",NULL,"2026-09-07 20:18:32.921747","2026-09-07 21:05:18.530289","Accumulating","Equities","Art.9","2026-06-03","A42A6F",NULL,"UBS"
"533299bf-4690-4ff4-8f70-c318180d1220","IE0008GBXCA4","UBS S&P 500 Equal Weight SF UCITS ETF USD acc","UBS","IE","Synthetic","0.120","11820000","S&P 500 Equal Weight Total Return Net Index","USD",NULL,"2026-09-07 20:18:32.921666","2026-09-07 21:05:18.530289","Accumulating","Equities","Art.6","2025-02-20","A40WU0",502,"UBS"
"541e90c3-e2e6-45a3-9709-c81692a04c01","LU3254395307","UBS Core MSCI Europe UCITS ETF USD acc","UBS","LU","Physical (Full replication)","0.060","56600000","MSCI Europe (TRN) in USD","USD",NULL,"2026-09-07 20:18:32.921732","2026-09-07 21:05:18.530289","Accumulating","Equities","Art.6","2026-03-04","A41ZN2",396,"UBS"
"559233a6-a2f4-4a3f-baf4-23376693b4af","LU0950670009","UBS MSCI EMU Small Cap UCITS ETF EUR acc","UBS","LU","Physical (Full replication)","0.280","285620000","MSCI EMU Small Cap Total Return Net","EUR",NULL,"2026-09-07 20:18:32.921658","2026-09-07 21:05:18.53029","Accumulating","Equities","Art.6","2025-01-07","A1W296",376,"UBS"
"5ff4d878-9ef8-4e8b-aaa0-6642a5f8479b","IE000SWSI2U4","UBS MSCI USA Selection UCITS ETF hEUR acc","UBS","IE","Physical (Full replication)","0.130","90000","MSCI USA Selection (NTR) (hedged EUR)","EUR",NULL,"2026-09-07 20:18:32.92174","2026-09-07 21:05:18.53029","Accumulating","Equities","Art.8","2026-04-27","A42496",NULL,"UBS"
"60552e18-fe61-4b5a-a29f-64dabaed0db9","LU2048727247","UBS MSCI EMU Small Cap UCITS ETF EUR Ukdis","UBS","LU","Physical (Full replication)","0.280","5410000","MSCI EMU Small Cap Total Return Net","EUR",NULL,"2026-09-07 20:18:32.921662","2026-09-07 21:05:18.53029","Distributing","Equities","Art.6","2025-01-07","A2PQ8A",376,"UBS"
"650cae03-4ce4-4dbc-92c0-fe512829694d","LU1852211645","UBS Sustainable Development Bank Bonds UCITS ETF hEUR dis","UBS","LU","Physical + Optimized (equities) / sampled (bonds)","0.180","20490000","Solactive Global Multilateral Development Bank Bond USD 25% Issuer Capped hedged to EUR Total Return Index","EUR",NULL,"2026-09-07 20:18:32.921691","2026-09-07 21:05:18.530291","Distributing","Fixed Income","Art.9","2025-06-10","A2JQXB",100,"UBS"
"6774205a-ea13-4a1d-b988-fdffe9fc317b","LU3065096839","UBS Sustainable Development Bank Bonds 1-5 UCITS ETF hGBP dis","UBS","LU","Physical + Optimized (equities) / sampled (bonds)","0.180","134050000","Solactive Global Multilateral Development Bank Bond USD 25% Issuer Capped 1-5 (TR) (hedged GBP)","GBP",NULL,"2026-09-07 20:18:32.921727","2026-09-07 21:05:18.530291","Distributing","Fixed Income",NULL,"2026-01-15","A41N0C",NULL,"UBS"
"68be9e91-944e-4f68-9403-c294e0dec573","IE000QBKT4V0","UBS Core MSCI World UCITS ETF hGBP acc","UBS","IE","Physical (Full replication)","0.090","178850000","MSCI World 100% hedged to GBP Index","GBP",NULL,"2026-09-07 20:18:32.921715","2026-09-07 21:05:18.530291","Accumulating","Equities","Art.6","2025-08-05","A41DKZ",1280,"UBS"
"6d423d60-66ea-4887-a93d-a60e040dcdca","IE000LEVKOK2","UBS US Equity Defensive Covered Call SF UCITS ETF USD dis SOFR+4%","UBS","IE","Synthetic","0.200","810000000","US Equity Defensive Covered Call Index Total Return","USD",NULL,"2026-09-07 20:18:32.921664","2026-09-07 21:05:18.530291","Distributing","Equities","Art.6","2025-01-21","A40VW3",NULL,"UBS"
"6dc55815-b560-42d4-9eaf-e75cfb144773","LU3028243478","UBS EUR AAA CLO UCITS ETF hCHF acc","UBS","LU","Others","0.280","2290000",NULL,"CHF",NULL,"2026-09-07 20:18:32.921684","2026-09-07 21:05:18.530292","Accumulating","Fixed Income",NULL,"2025-07-01","A415BX",NULL,"UBS"
"729b8abe-364f-4e02-b410-e340afbc54f6","IE0004993469","UBS MSCI USA ex Mega Cap UCITS ETF USD acc","UBS","IE","Physical (Full replication)","0.120","2490000","MSCI USA Ex Mega Cap Specified Index","USD",NULL,"2026-09-07 20:18:32.921698","2026-09-07 21:05:18.530292","Accumulating","Equities","Art.6","2025-09-03","A417ZV",509,"UBS"
"83fc0aa4-6d9d-49b7-aa31-294f081eb149","LU1459800030","UBS Core BBG US Treasury 10+ UCITS ETF USD acc","UBS","LU","Physical (Full replication)","0.050","3730000","Bloomberg US 10+ Year Treasury Bond Total Return","USD",NULL,"2026-09-07 20:18:32.921704","2026-09-07 21:05:18.530292","Accumulating","Fixed Income","Art.6","2025-07-15","A2APAG",99,"UBS"
"d26bae91-adc7-4b5e-ad28-8337210cf4a0","IE0003RQ9F90","UBS Nasdaq-100 UCITS ETF USD dis","UBS","IE","Physical (Full replication)","0.130","68020000","Nasdaq-100 Notional Index (TRN)","USD",NULL,"2026-09-07 20:18:32.921663","2026-09-07 21:05:18.530301","Distributing","Equities","Art.6","2025-03-11","A40ZLX",101,"UBS"
"851a131c-03bb-4d9b-9616-6f55b04cccfd","IE000RTQ5X23","UBS MSCI World Mega Cap UCITS ETF USD acc","UBS","IE","Physical + Optimized (equities) / sampled (bonds)","0.120","3680000","MSCI World Mega Cap 18% Capped Specified Index","USD",NULL,"2026-09-07 20:18:32.921699","2026-09-07 21:05:18.530293","Accumulating","Equities","Art.6","2025-09-03","A417ZW",33,"UBS"
"8641b2e6-e59c-4358-afca-b1d7212d271e","IE000GR3RJS2","UBS MSCI ACWI Climate Paris Aligned UCITS ETF hGBP acc","UBS","IE","Physical (Full replication)","0.210","133050000","MSCI ACWI Climate Paris Aligned PAB with Developed Markets (NTR) (hedged GBP)","GBP",NULL,"2026-09-07 20:18:32.921743","2026-09-07 21:05:18.530293","Accumulating","Equities","Art.9","2026-06-03","A42A6G",NULL,"UBS"
"87204c02-aa0c-4b94-a40c-001ea31ac29d","LU1645380442","UBS Core BBG Euro Inflation Linked Bond 1-10 UCITS ETF EUR acc","UBS","LU","Physical (Full replication)","0.080","133500000","Bloomberg Euro Government Inflation-Linked 1-10 Year™ Index","EUR",NULL,"2026-09-07 20:18:32.921701","2026-09-07 21:05:18.530293","Accumulating","Fixed Income","Art.6","2025-07-15","A2DUGC",23,"UBS"
"891818f8-4fc6-4015-a81b-80ace231bfc1","LU3254394912","UBS Core MSCI Japan UCITS ETF USD acc","UBS","LU","Physical (Full replication)","0.120","44350000","MSCI Japan (TRN) in USD","USD",NULL,"2026-09-07 20:18:32.92173","2026-09-07 21:05:18.530293","Accumulating","Equities","Art.6","2026-03-04","A41ZMY",NULL,"UBS"
"896ff898-ab09-4fea-b7ca-dde2dcaeb389","LU3065094974","UBS Sustainable Development Bank Bonds 1-5 UCITS ETF hEUR acc","UBS","LU","Physical + Optimized (equities) / sampled (bonds)","0.180","5360000","Solactive Global Multilateral Development Bank Bond USD 25% Issuer Capped 1-5 (TR) (hedged EUR)","EUR",NULL,"2026-09-07 20:18:32.921708","2026-09-07 21:05:18.530294","Accumulating","Fixed Income",NULL,"2025-07-24","A41BBS",NULL,"UBS"
"8a3c2b52-a42f-4773-b152-b574dc4bcdd3","LU1459802838","UBS BBG TIPS 10+ UCITS ETF USD acc","UBS","LU","Physical (Full replication)","0.100","64720000","Bloomberg US Government 10+ Year Inflation-Linked Bond Index","USD",NULL,"2026-09-07 20:18:32.921689","2026-09-07 21:05:18.530294","Accumulating","Fixed Income","Art.6","2025-06-10","A2APA6",17,"UBS"
"8afb018f-9da3-4dbd-a7d4-b4919e70c0e1","LU3028243981","UBS EUR AAA CLO UCITS ETF hUSD dis","UBS","LU","Others","0.280","1090000",NULL,"USD",NULL,"2026-09-07 20:18:32.921721","2026-09-07 21:05:18.530294","Distributing","Fixed Income",NULL,"2025-08-29","A41A4F",NULL,"UBS"
"8d120583-d2f5-47f3-989d-3fc6c6f14ed5","LU3079566918","UBS EUR Treasury Yield Plus UCITS ETF EUR dis","UBS","LU","Others","0.150","4830000","Bloomberg Euro Treasury Bond Index","EUR",NULL,"2026-09-07 20:18:32.921712","2026-09-07 21:05:18.530295","Distributing","Fixed Income","Art.6","2025-09-11","A41C52",584,"UBS"
"93e52264-00cc-4d27-a782-1c75b953b380","LU3065084744","UBS Sustainable Development Bank Bonds 1-5 UCITS ETF USD dis","UBS","LU","Physical + Optimized (equities) / sampled (bonds)","0.150","2180000","Solactive Global Multilateral Development Bank Bond USD 25% Issuer Capped 1-5 (TR)","USD",NULL,"2026-09-07 20:18:32.921725","2026-09-07 21:05:18.530295","Distributing","Fixed Income",NULL,"2026-01-15","A41N0A",NULL,"UBS"
"949f4ccc-86bd-4180-9424-c3de99a5a8ee","IE000WQXBJO0","UBS MSCI EMU Universal UCITS ETF hGBP acc","UBS","IE","Physical (Full replication)","0.150","1970000","MSCI EMU Universal Low Carbon Select 5% Issuer Capped Index (GBP hedged)","GBP",NULL,"2026-09-07 20:18:32.921739","2026-09-07 21:05:18.530295","Accumulating","Equities","Art.8","2026-03-27","A42495",195,"UBS"
"95cfe23d-774b-4684-84b7-0e9b6d61d5b9","LU3065099932","UBS Sustainable Development Bank Bonds 1-5 UCITS ETF hGBP acc","UBS","LU","Physical + Optimized (equities) / sampled (bonds)","0.180","111010000","Solactive Global Multilateral Development Bank Bond USD 25% Issuer Capped 1-5 (TR) (hedged GBP)","GBP",NULL,"2026-09-07 20:18:32.921722","2026-09-07 21:05:18.530296","Accumulating","Fixed Income",NULL,"2025-10-29","A41HKQ",NULL,"UBS"
"9d95a60f-5856-4509-bb14-848c46744ea2","IE000UM3HMI5","UBS MSCI EMU Universal UCITS ETF hUSD acc","UBS","IE","Physical (Full replication)","0.150","6330000","MSCI EMU Universal Low Carbon Select 5% Issuer Capped Index (USD hedged)","USD",NULL,"2026-09-07 20:18:32.921737","2026-09-07 21:05:18.530296","Accumulating","Equities","Art.8","2026-03-27","A42494",195,"UBS"
"9da89945-de20-46e8-9ab3-c6c3f44f0ced","CH1415798458","UBS SARON® SF ETF CHF acc","UBS","CH","Synthetic","0.050","57990000","SARON® Index","CHF",NULL,"2026-09-07 20:18:32.921678","2026-09-07 21:05:18.530296","Accumulating","Fixed Income","Art.6","2025-04-02","A410HL",NULL,"UBS"
"a0a9701f-5ba0-4052-8443-a75f2909e081","LU2807513168","UBS MSCI World ex USA UCITS ETF hCHF acc","UBS","LU","Physical (Full replication)","0.120","1650000","MSCI World (ex US) (hedged CHF)","CHF",NULL,"2026-09-07 20:18:32.921755","2026-09-07 21:05:18.530296","Accumulating","Equities","Art.6","2026-07-22","A40X4A",NULL,"UBS"
"a2dc498b-19e0-4d20-829c-992d3227350c","IE000PWGE381","UBS Nasdaq-100 ESG Enhanced UCITS ETF USD acc","UBS","IE","Physical (Full replication)","0.150","3150000","Nasdaq-100 Sustainable ESG Select Notional Index","USD",NULL,"2026-09-07 20:18:32.921623","2026-09-07 21:05:18.530297","Accumulating","Equities","Art.8","2025-03-11","A40S3X",85,"UBS"
"a65f4586-651c-4b2b-8728-8d72a4e80a73","IE0009TPHUV6","UBS Nuclear Economies UCITS ETF USD acc","UBS","IE","Physical (Full replication)","0.440","2800000","Solactive Global Uranium & Nuclear Economies (NTR)","USD",NULL,"2026-09-07 20:18:32.92168","2026-09-07 21:05:18.530297","Accumulating","Equities",NULL,"2026-01-16","A41F41",NULL,"UBS"
"a86cc7df-299b-4d59-a014-c47a8b0b4bbd","IE000BLXGTG9","UBS MSCI EMU Universal UCITS ETF hCHF acc","UBS","IE","Physical (Full replication)","0.150","5020000","MSCI EMU Universal Low Carbon Select 5% Issuer Capped Index (CHF hedged)","CHF",NULL,"2026-09-07 20:18:32.921736","2026-09-07 21:05:18.530297","Accumulating","Equities","Art.8","2026-03-27","A42493",195,"UBS"
"aadc5faa-09d5-4dd6-95f9-b02158357c39","LU3028243718","UBS EUR AAA CLO UCITS ETF hGBP dis","UBS","LU","Others","0.280","1030000",NULL,"GBP",NULL,"2026-09-07 20:18:32.921685","2026-09-07 21:05:18.530298","Distributing","Fixed Income",NULL,"2025-07-01","A415C0",NULL,"UBS"
"acff216a-7cf0-445c-ac8a-28b4ba44f946","IE0008NJMGB5","UBS Nasdaq-100 UCITS ETF hCHF acc","UBS","IE","Physical (Full replication)","0.160","141300000","Nasdaq-100 Notional Index (hedged CHF) (TRN)","CHF",NULL,"2026-09-07 20:18:32.921724","2026-09-07 21:05:18.530298","Accumulating","Equities","Art.6","2026-01-15","A41XKB",NULL,"UBS"
"af695686-cfe5-4339-9bfe-8e160058c427","LU3079567056","UBS USD Treasury Yield Plus UCITS ETF USD acc","UBS","LU","Physical + Optimized (equities) / sampled (bonds)","0.150","4990000","Bloomberg USD-Aggregate Treasury Index","USD",NULL,"2026-09-07 20:18:32.921693","2026-09-07 21:05:18.530298","Accumulating","Fixed Income","Art.6","2025-09-11","A41C53",299,"UBS"
"b0c8c43c-5ac9-4965-ae60-76f74477bb48","LU0950668367","UBS Core EURO STOXX 50 UCITS ETF EUR acc","UBS","LU","Physical (Full replication)","0.060","100000","EURO STOXX 50® Net Return","EUR",NULL,"2026-09-07 20:18:32.921757","2026-09-07 21:05:18.530298","Accumulating","Equities","Art.6","2026-07-22","A1W3A7",50,"UBS"
"b3a56d76-4da0-4c1d-bd3b-c02e081189f7","LU1974694470","UBS J.P. Morgan Global Gov ESG Liquid Bond UCITS ETF hEUR dis","UBS","LU","Physical + Optimized (equities) / sampled (bonds)","0.180","9520000","J.P. Morgan Global Government ESG Liquid Bond hedged to EUR Index (Total Return)","EUR",NULL,"2026-09-07 20:18:32.921706","2026-09-07 21:05:18.530299","Distributing","Fixed Income","Art.8","2025-08-04","A2PGQX",1482,"UBS"
"b5f4e771-bf2e-4d0c-9681-3f4858564fd4","CH1447931341","UBS SMI® ETF CHF acc","UBS","CH","Physical (Full replication)","0.200","170430000","SMI® Total Return","CHF",NULL,"2026-09-07 20:18:32.921687","2026-09-07 21:05:18.530299","Accumulating","Equities","Art.6","2025-06-23","A41AEU",20,"UBS"
"b75ca230-ea28-446c-82b9-12c37426491e","IE0002THYAT9","UBS MSCI World ex Mega Cap UCITS ETF USD acc","UBS","IE","Physical + Optimized (equities) / sampled (bonds)","0.120","24990000","MSCI World Ex Mega Cap Specified Index","USD",NULL,"2026-09-07 20:18:32.921697","2026-09-07 21:05:18.530299","Accumulating","Equities","Art.6","2025-09-03","A417ZT",1246,"UBS"
"bb342347-0bf0-4138-8b19-50237e9f18f8","LU3028243122","UBS EUR AAA CLO UCITS ETF EUR acc","UBS","LU","Others","0.250","169830000","JPM European Collateralized Loan Obligation AAA-only Index in EUR","EUR",NULL,"2026-09-07 20:18:32.921683","2026-09-07 21:05:18.530299","Accumulating","Fixed Income",NULL,"2025-07-01","A415BV",1036,"UBS"
"c62aadfb-c266-45b0-b45c-d7c5540b0e64","CH1416135338","UBS Core SPI® ETF CHF acc","UBS","CH","Physical + Optimized (equities) / sampled (bonds)","0.090","424230000","SPI® (TR)","CHF",NULL,"2026-09-07 20:18:32.921671","2026-09-07 21:05:18.5303","Accumulating","Equities","Art.6","2025-03-20","A413VQ",202,"UBS"
"c90d5950-bd92-4930-ae59-9b3db794985b","IE000YCD1TY0","UBS MSCI USA Mega Cap UCITS ETF USD acc","UBS","IE","Physical (Full replication)","0.120","3250000","MSCI USA Mega Cap 18% Capped Specified Index","USD",NULL,"2026-09-07 20:18:32.921695","2026-09-07 21:05:18.5303","Accumulating","Equities","Art.6","2025-09-03","A417ZU",15,"UBS"
"d0a7831a-180c-42fa-b7fd-30247a05190a","IE000SB4G4I4","UBS Nasdaq-100 UCITS ETF USD acc","UBS","IE","Physical (Full replication)","0.130","459000000","Nasdaq-100 Notional Index (TRN)","USD",NULL,"2026-09-07 20:18:32.921681","2026-09-07 21:05:18.5303","Accumulating","Equities","Art.6","2025-03-11","A412XA",101,"UBS"
"d48cdb1c-e28d-49b0-9b91-639a2793cbee","CH1416135353","UBS MSCI Swiss Dividend ETF CHF acc","UBS","CH","Physical (Full replication)","0.120","97400000","MSCI Switzerland IMI High Dividend Yield Index (Net Total Return)","CHF",NULL,"2026-09-07 20:18:32.921675","2026-09-07 21:05:18.530301","Accumulating","Equities","Art.8","2025-03-20","A413VN",17,"UBS"
"e4d825de-02a9-41c1-8ea0-8d93a72e8125","LU1459803216","UBS BBG TIPS 10+ UCITS ETF hGBP acc","UBS","LU","Physical (Full replication)","0.130","40670000","Bloomberg US Government 10+ Year Inflation-Linked Bond Index hedged to GBP","GBP",NULL,"2026-09-07 20:18:32.921688","2026-09-07 21:05:18.530301","Accumulating","Fixed Income","Art.6","2025-06-10","A2APBA",17,"UBS"
"e5bdcd9a-8c43-483d-ab79-3d6c4e45cdc8","IE000V6KDJC9","UBS MSCI World Selection UCITS ETF hEUR dis","UBS","IE","Physical (Full replication)","0.180","318340000","MSCI World Selection 100% Hedged to EUR Index (Net Total Return)","EUR",NULL,"2026-09-07 20:18:32.92166","2026-09-07 21:05:18.530301","Distributing","Equities","Art.8","2025-03-10","A40U1T",NULL,"UBS"
"e5f85115-f068-455f-a59c-156db9d430b2","IE00052LHEF4","UBS MSCI ACWI Climate Paris Aligned UCITS ETF hEUR acc","UBS","IE","Physical (Full replication)","0.210","216130000","MSCI ACWI Climate Paris Aligned PAB with Developed Markets (NTR) (hedged EUR)","EUR",NULL,"2026-09-07 20:18:32.921744","2026-09-07 21:05:18.530302","Accumulating","Equities","Art.9","2026-06-03","A42A6E",NULL,"UBS"
"e86c9503-9eaf-4fa7-99af-1b315dfab8a2","CH1553162921","UBS SPI® Extra ETF CHF acc","UBS","CH","Physical (Full replication)","0.130","144260000","SPI® Extra","CHF",NULL,"2026-09-07 20:18:32.921741","2026-09-07 21:05:18.530302","Accumulating","Equities",NULL,"2026-06-30",NULL,182,"UBS"
"eb86ffa1-bd49-494d-affd-1dcf8c8ced7f","LU2807512947","UBS MSCI World ex USA UCITS ETF USD acc","UBS","LU","Physical (Full replication)","0.090","458730000","MSCI World (ex US) (net div. reinv.)","USD",NULL,"2026-09-07 20:18:32.92167","2026-09-07 21:05:18.530302","Accumulating","Equities","Art.6","2025-02-21","A40X48",NULL,"UBS"
"ee07e5e2-84f6-47c0-87ea-b8b7cc1b6230","LU3079567130","UBS USD Treasury Yield Plus UCITS ETF USD dis","UBS","LU","Physical + Optimized (equities) / sampled (bonds)","0.150","4830000","Bloomberg USD-Aggregate Treasury Index","USD",NULL,"2026-09-07 20:18:32.921713","2026-09-07 21:05:18.530302","Distributing","Fixed Income","Art.6","2025-09-11","A41C54",299,"UBS"
"f7fb7c58-63ba-4d9f-88a9-9d1004a22b52","IE000MZFIJ99","UBS MSCI India Universal UCITS ETF USD dis","UBS","IE","Physical (Full replication)","0.350","1840000","MSCI India Universal Low Carbon Select 5% Issuer Capped (NTR)","USD",NULL,"2026-09-07 20:18:32.921652","2026-09-07 21:05:18.530303","Distributing","Equities","Art.8","2025-11-14","A40S3W",134,"UBS"
"8bc8cc3d-52fa-45ab-825d-307ca53134cf","CH0104136285","iShares Gold CHF Hedged ETF (CH)","iShares","CH","Physical (Full replication)","0.220","639709754","London Gold Fixing PM (AM) Hedged into CHF Index","CHF",NULL,"2026-09-07 20:18:36.18147","2026-09-07 20:18:36.18147","No Income","Commodities","Andere","2009-10-05",NULL,NULL,"iShares"
"6300f28a-7629-4384-83fd-f93affc3f732","CH0104136236","iShares Gold ETF (CH)","iShares","CH","Physical (Full replication)","0.190","1669170440","LBMA Gold Price","USD",NULL,"2026-09-07 20:18:36.181477","2026-09-07 20:18:36.181477","No Income","Commodities","Andere","2009-10-05",NULL,NULL,"iShares"
"cb44b965-557d-4023-aa4e-418e98abafee","CH0104136319","iShares Gold EUR Hedged ETF (CH)","iShares","CH","Physical (Full replication)","0.220","201340799","London Gold Fixing PM (AM) Hedged into EUR Index","EUR",NULL,"2026-09-07 20:18:36.181483","2026-09-07 20:18:36.181483","No Income","Commodities","Andere","2009-10-05",NULL,NULL,"iShares"
"d5e18779-dda6-4566-8904-38a58f074648","XS2940466316","iShares Bitcoin ETP","iShares","CH","Physical Replication","0.150","1407452481","CME CF Bitcoin Reference Rate","USD",NULL,"2026-09-07 20:18:36.181599","2026-09-07 20:18:36.1816","No Income","Digital Assets","Andere","2025-03-18",NULL,NULL,"iShares"
"c1dd7a08-69b7-4e56-b37a-10503d36d9cf","DE000A0H0728","iShares Diversified Commodity Swap UCITS ETF (DE)","iShares","DE","Swap","0.460","348025665","Bloomberg Commodity Euro Total Return Index","EUR",NULL,"2026-09-07 20:18:36.18263","2026-09-07 20:18:36.18263","No Income","Commodities","Andere","2007-08-07",NULL,NULL,"iShares"
